Date Time,Lake Mead Differnece (Thousand acre-feet),ARIZONA (acre-feet),CALIFORNIA (acre-feet),NEVADA (acre-feet),MEXICO (acre-feet),mead_Evap_tavg (kg m-2 s-1),mead_Tair_f_inst (K),mead_Rainf_tavg (kg m-2 s-1),upperCRB_Tair_f_inst (K),upperCRB_Snowf_tavg (kg m-2 s-1),upperCRB_Rainf_tavg (kg m-2 s-1),upperCRB_SoilMoi40_100cm_inst,upperCRB_SWE_inst (kg m-2),PDSI (Index)
2000-02-01,-0072,217000,335700,14600,187000,7.36E-06,0282,2.05E-05,0270,8.85E-06,4.86E-06,0083,15.84026081,-3.22
2000-03-01,-0376,282300,472300,22300,218600,1.26E-05,0284,8.95E-06,0272,8.82E-06,8.76E-06,0087,13.72441998,-2.65
2000-04-01,-0385,324800,565900,31300,198800,7.18E-06,0292,1.70E-06,0278,2.12E-06,5.20E-06,0093,4.951966112,-3.23
2000-05-01,-0166,363700,590700,36900,170600,4.33E-06,0297,2.18E-06,0285,1.16E-06,8.19E-06,0094,0.1783219723,-4.38
2000-06-01,-0533,248000,552800,33400,157100,3.04E-06,0301,2.97E-06,0290,1.95E-07,6.02E-06,0083,0.01113240939,-4.58
2000-07-01,-0602,236100,580400,36700,163900,2.85E-06,0303,1.94E-06,0293,1.48E-08,6.44E-06,0072,0.0003615535135,-5.41
2000-08-01,-0477,198200,511500,36900,133800,1.13E-05,0303,1.49E-05,0293,1.10E-08,1.36E-05,0066,0.0002830172784,-5.27
2000-09-01,0009,168300,353000,29400,131300,6.03E-06,0298,1.25E-06,0286,7.07E-07,1.14E-05,0064,0.1202332636,-5.69
2000-10-01,-0009,139200,297300,30400,173500,4.39E-06,0291,1.89E-05,0278,2.95E-06,1.68E-05,0064,0.3943931367,-3.51
2000-11-01,-0030,219200,319400,21400,155200,6.24E-06,0281,2.69E-06,0266,5.79E-06,1.99E-06,0072,6.362297077,-2.72
2000-12-01,-0047,240700,284100,13100,175400,4.12E-06,0281,1.47E-06,0266,5.44E-06,7.58E-07,0071,12.22314103,-2.79
2001-01-01,0165,216400,235400,14600,166500,4.85E-06,0279,1.51E-05,0265,7.05E-06,2.27E-06,0071,18.89029345,-2.08
2001-02-01,-0093,236000,310700,14500,192700,8.62E-06,0281,1.77E-05,0267,8.79E-06,3.53E-06,0071,24.87282956,-1.68
2001-03-01,-0276,254400,266400,17000,241700,1.30E-05,0286,9.65E-06,0272,4.87E-06,4.64E-06,0076,16.64986546,-1.51
2001-04-01,-0551,305400,535700,28300,200000,1.29E-05,0289,8.66E-06,0277,4.00E-06,8.68E-06,0082,5.324406892,-1.36
2001-05-01,-0476,345800,593200,39800,110600,4.46E-06,0299,1.18E-06,0284,8.97E-07,8.58E-06,0087,0.4306921443,-1.17
2001-06-01,-0570,302600,566700,31600,122200,3.03E-06,0302,1.26E-06,0290,1.22E-07,4.67E-06,0081,0.004228207789,-1.32
2001-07-01,-0312,250900,589300,37400,143000,6.92E-06,0303,6.59E-06,0293,2.85E-10,1.13E-05,0072,2.54E-05,-1.49
2001-08-01,-0108,199700,548500,38000,113600,1.05E-05,0304,1.15E-05,0291,2.97E-10,1.66E-05,0069,0.0001355614789,-1.52
2001-09-01,-0264,181500,457600,31700,103100,2.94E-06,0301,8.39E-07,0288,1.79E-07,5.11E-06,0068,0.02663528593,-2.25
2001-10-01,0009,154500,421300,30100,85200,1.21E-06,0295,2.08E-06,0281,9.20E-07,4.45E-06,0066,0.1170546799,-2.8
2001-11-01,-0106,182000,342600,19100,99000,3.04E-06,0287,4.73E-06,0274,4.90E-06,5.79E-06,0066,2.157733789,-2.73
2001-12-01,0019,211900,287500,13300,123200,3.79E-06,0279,7.45E-06,0267,7.56E-06,1.40E-06,0066,14.51012061,-2.75
2002-01-01,0075,209800,289100,13100,143300,4.77E-06,0280,1.17E-06,0266,3.70E-06,8.07E-07,0066,20.26014062,-3.12
2002-02-01,-0188,247400,340000,12300,159500,3.75E-06,0284,4.76E-07,0267,2.11E-06,6.90E-07,0066,18.86161844,-3.6
2002-03-01,-0570,322200,459300,21000,215500,4.05E-06,0285,2.80E-06,0270,5.20E-06,2.76E-06,0067,14.30268588,-3.88
2002-04-01,-0573,333600,537200,30400,207300,5.00E-06,0293,2.28E-06,0279,1.13E-06,5.67E-06,0068,2.321929042,-4.61
2002-05-01,-0624,356300,576400,36500,121200,2.60E-06,0296,5.60E-07,0284,4.76E-07,2.81E-06,0069,0.1822400143,-5.8
2002-06-01,-0382,320300,555100,35300,122900,1.59E-06,0303,4.03E-07,0291,5.85E-09,2.24E-06,0064,0.0001727684791,-6.81
2002-07-01,-0190,256700,615400,39900,127500,2.68E-06,0306,2.83E-06,0294,2.19E-11,8.37E-06,0059,2.06E-05,-7.3
2002-08-01,-0134,238700,567600,40700,105200,2.03E-06,0304,2.86E-06,0291,1.04E-09,8.00E-06,0056,0.0001437440959,-7.73
2002-09-01,-0116,189700,444900,33400,112500,9.39E-06,0299,1.09E-05,0286,2.07E-07,2.36E-05,0058,0.02549860508,-6.2
2002-10-01,-0061,149700,368900,29900,79200,4.48E-06,0291,7.15E-06,0278,3.40E-06,9.80E-06,0065,0.75767226,-5.32
2002-11-01,-0182,197300,335800,20400,103700,5.39E-06,0285,7.58E-06,0271,4.00E-06,3.15E-06,0068,3.982537645,-4.95
2002-12-01,-0132,165600,275900,13600,125400,4.90E-06,0280,5.93E-06,0268,5.12E-06,1.80E-06,0069,6.002770262,-4.64
2003-01-01,0136,216938,246971,14745,134481,4.54E-06,0284,1.50E-06,0271,2.17E-06,1.30E-06,0069,8.699633613,-5.32
2003-02-01,0124,195797,153644,13220,181491,9.50E-06,0282,2.59E-05,0268,6.28E-06,1.12E-05,0072,10.84957673,-4.41
2003-03-01,-0152,282488,416174,15250,207010,1.41E-05,0286,1.31E-05,0273,7.67E-06,6.36E-06,0076,10.08753938,-4.08
2003-04-01,-0539,312166,504884,23240,204714,1.21E-05,0289,7.73E-06,0278,2.06E-06,6.22E-06,0083,3.217423795,-4
2003-05-01,-0394,319683,478069,26352,112358,7.33E-06,0297,3.35E-06,0284,8.67E-07,8.62E-06,0086,0.3324188454,-4.46
2003-06-01,-0160,285427,434218,33862,111490,2.00E-06,0302,1.80E-07,0289,1.22E-07,8.47E-06,0080,0.01705465473,-4.49
2003-07-01,-0135,228575,473590,36908,122177,1.79E-06,0306,5.91E-06,0295,5.06E-11,5.46E-06,0070,6.24E-06,-5.57
2003-08-01,0143,163063,433069,33332,100876,9.88E-06,0304,8.90E-06,0292,1.09E-09,1.35E-05,0066,0.0001122789816,-5.72
2003-09-01,-0123,162915,388474,28105,92836,7.42E-06,0301,3.44E-06,0287,4.47E-08,1.18E-05,0067,0.005029724474,-5.59
2003-10-01,-0101,231586,366376,33374,72824,1.81E-06,0296,7.63E-07,0283,5.00E-07,5.15E-06,0069,0.04952532384,-5.84
2003-11-01,-0180,220560,258372,20963,100688,2.88E-06,0283,6.11E-06,0271,6.19E-06,6.46E-06,0069,4.249975336,-5
2003-12-01,-0037,211401,254905,19039,120910,5.38E-06,0281,6.99E-06,0269,8.01E-06,2.85E-06,0070,11.55139065,-4.78
2004-01-01,0134,222780,221166,16204,128668,5.40E-06,0280,3.62E-06,0267,6.20E-06,2.08E-06,0070,26.11085302,-4.65
2004-02-01,-0030,231587,237242,10098,168644,8.77E-06,0280,2.47E-05,0268,1.00E-05,4.98E-06,0070,27.84489689,-3.84
2004-03-01,-0149,294267,392360,20020,202050,1.14E-05,0291,2.78E-06,0276,1.47E-06,1.90E-06,0076,13.53302502,-4.47
2004-04-01,-0389,311500,450334,21515,212328,1.42E-05,0291,1.28E-05,0279,4.22E-06,1.78E-05,0093,1.341084123,-3.22
2004-05-01,-0542,335803,501285,38365,112075,5.25E-06,0297,1.20E-06,0285,2.96E-07,5.00E-06,0095,0.1315996581,-3.75
2004-06-01,-0282,299551,489702,33933,109645,2.15E-06,0303,7.28E-07,0289,6.26E-08,1.01E-05,0084,0.006277022347,-3.73
2004-07-01,-0118,251683,484423,33865,120542,3.87E-06,0305,3.83E-06,0292,7.02E-10,9.78E-06,0075,0.0002723883146,-3.64
2004-08-01,0094,167675,434337,31495,98276,7.90E-06,0303,8.90E-06,0290,1.88E-09,9.23E-06,0070,0.000247840463,-3.59
2004-09-01,-0081,178551,354259,27730,94447,7.02E-06,0299,6.15E-06,0286,3.08E-07,2.08E-05,0068,0.03760904803,0.47
2004-10-01,0157,84237,271190,23593,112381,6.19E-06,0291,3.95E-05,0280,1.83E-06,1.85E-05,0076,0.7007068246,1.26
2004-11-01,0273,196553,254317,10474,104985,1.07E-05,0283,2.80E-05,0272,7.97E-06,6.88E-06,0091,5.012991795,1.99
2004-12-01,-0012,210458,225570,15714,129101,7.09E-06,0281,1.72E-05,0269,5.28E-06,4.39E-06,0093,12.28607108,1.94
2005-01-01,0764,179126,100485,9898,140699,7.02E-06,0282,3.90E-05,0271,1.32E-05,1.05E-05,0101,34.24327848,2.97
2005-02-01,0620,77532,132078,9040,186257,1.14E-05,0283,3.58E-05,0270,7.75E-06,1.01E-05,0108,33.65406841,3.9
2005-03-01,0481,124148,337760,16160,215623,1.98E-05,0286,1.21E-05,0273,5.67E-06,6.72E-06,0114,21.19241424,3.86
2005-04-01,-0351,306792,473454,22989,199182,1.74E-05,0290,1.16E-05,0277,3.13E-06,1.16E-05,0123,10.69832972,3.85
2005-05-01,-0276,310533,511763,35867,113497,1.09E-05,0297,2.89E-06,0284,1.43E-06,1.13E-05,0129,2.650301313,4.15
2005-06-01,-0152,246977,523274,33167,109738,4.73E-06,0301,3.57E-06,0288,3.78E-07,1.37E-05,0115,0.05495571829,4.75
2005-07-01,-0153,231592,537968,37710,123995,5.59E-06,0307,6.12E-06,0295,5.58E-10,5.39E-06,0094,8.32E-05,-0.38
2005-08-01,0063,177550,422475,32082,118269,1.45E-05,0303,1.25E-05,0291,9.63E-10,1.52E-05,0085,8.02E-05,0.41
2005-09-01,-0132,220041,428019,30804,92171,4.51E-06,0299,3.22E-06,0288,2.77E-08,1.43E-05,0081,0.002991021607,-0.29
2005-10-01,-0141,229691,349081,28911,90719,7.96E-06,0293,1.67E-05,0281,1.29E-06,1.39E-05,0082,0.3789644361,-0.03
2005-11-01,-0182,209252,314286,20456,99742,7.74E-06,0287,2.06E-06,0274,1.77E-06,4.12E-06,0087,1.24901639,-0.75
2005-12-01,0235,115235,213615,14694,126450,4.20E-06,0282,2.84E-06,0268,4.89E-06,2.75E-06,0087,6.61413668,-1.27
2006-01-01,0204,193234,244984,12649,126283,7.03E-06,0282,5.74E-06,0269,7.15E-06,1.80E-06,0087,12.69492742,-1.86
2006-02-01,0185,186756,253322,12919,150328,4.87E-06,0284,1.12E-06,0269,2.76E-06,1.34E-06,0087,14.35389426,-2.67
2006-03-01,-0183,185166,328403,14370,209037,1.26E-05,0284,1.86E-05,0272,1.04E-05,7.59E-06,0088,12.43702227,-2.43
2006-04-01,-0371,292725,433337,20964,194209,1.24E-05,0291,6.03E-06,0279,2.01E-06,5.88E-06,0095,3.559574623,-2.95
2006-05-01,-0496,335434,492627,33779,109558,5.38E-06,0298,1.25E-06,0286,2.87E-07,3.69E-06,0097,0.1217627244,-4.3
2006-06-01,-0292,331021,484064,32469,127969,2.95E-06,0304,2.82E-06,0292,2.29E-09,4.49E-06,0085,0.0001779114374,-5.2
2006-07-01,-0185,215921,511635,34456,124494,1.20E-05,0306,1.24E-05,0295,0000,1.60E-05,0073,5.65E-06,-4.6
2006-08-01,0012,165274,470465,35906,98885,5.04E-06,0304,1.65E-06,0292,7.91E-09,1.63E-05,0071,0.0004622756371,-3.54
2006-09-01,-0118,234664,383406,30985,93834,4.55E-06,0298,4.16E-06,0285,1.01E-06,1.76E-05,0072,0.2658226109,-2.54
2006-10-01,0077,266057,312303,26389,79663,9.60E-06,0291,1.34E-05,0279,2.19E-06,2.80E-05,0095,0.7548501812,-1.27
2006-11-01,0050,173127,223065,21253,99963,3.82E-06,0286,1.21E-06,0273,3.52E-06,2.73E-06,0102,1.89421243,-1.79
2006-12-01,0150,203486,197687,16725,122010,3.55E-06,0279,6.24E-06,0267,6.00E-06,3.27E-06,0101,6.719125115,-1.75
2007-01-01,0145,180650,227318,12817,122658,5.26E-06,0278,2.64E-06,0265,5.75E-06,1.00E-06,0100,15.3694208,-1.74
2007-02-01,-0021,191544,275839,12590,149472,6.52E-06,0283,6.23E-06,0270,6.81E-06,3.42E-06,0101,12.10630517,-1.95
2007-03-01,-0358,275545,359914,21686,202855,6.03E-06,0288,2.98E-06,0275,2.66E-06,6.01E-06,0102,5.085659065,-2.41
2007-04-01,-0504,296335,457405,24524,197758,7.58E-06,0292,5.05E-06,0279,2.44E-06,7.62E-06,0105,1.0133105,-2.42
2007-05-01,-0463,308454,518079,34330,109278,3.83E-06,0298,1.42E-06,0285,1.10E-06,9.81E-06,0103,0.2008172499,-2.62
2007-06-01,-0228,289276,482430,35404,117933,2.53E-06,0302,1.11E-06,0291,1.13E-07,3.76E-06,0090,0.01456607387,-3.21
2007-07-01,-0181,237678,497339,38834,123383,4.66E-06,0306,1.28E-05,0295,3.37E-12,1.24E-05,0075,1.55E-05,-3.26
2007-08-01,0024,162590,476744,33429,96938,9.09E-06,0305,7.74E-06,0293,4.00E-10,1.60E-05,0073,1.75E-05,-3.38
2007-09-01,-0073,243182,408129,23772,91818,5.84E-06,0300,7.96E-06,0288,6.72E-08,1.68E-05,0070,0.009761593467,-3.06
2007-10-01,-0011,257817,298273,26316,80047,4.76E-06,0292,6.59E-07,0281,1.48E-06,7.76E-06,0072,0.3984180558,-3.35
2007-11-01,0026,202237,211888,19292,102984,1.80E-06,0287,4.46E-06,0275,2.11E-06,2.06E-06,0074,0.2701612618,-3.78
2007-12-01,0340,138013,157337,17318,126479,7.72E-06,0279,1.98E-05,0267,1.13E-05,1.06E-05,0079,22.89494031,-2.43
2008-01-01,0157,200464,213982,14685,131794,8.15E-06,0280,1.67E-05,0265,9.61E-06,5.99E-06,0080,40.41307333,-1.6
2008-02-01,0045,222592,286047,10878,154548,9.89E-06,0282,1.03E-05,0268,1.28E-05,1.79E-06,0081,53.46625913,-1.12
2008-03-01,-0122,301055,416618,17780,204704,7.42E-06,0287,1.05E-06,0272,4.95E-06,2.38E-06,0088,31.28336047,-1.53
2008-04-01,-0477,326468,504906,24603,201930,3.62E-06,0291,4.45E-07,0276,2.58E-06,3.44E-06,0097,11.58909837,-1.86
2008-05-01,-0331,315358,506188,30516,113316,5.32E-06,0294,4.66E-06,0282,2.57E-06,1.22E-05,0107,0.9065502344,-1.66
2008-06-01,-0191,256945,475709,31121,115585,3.39E-06,0302,8.28E-07,0289,1.44E-07,6.35E-06,0100,0.01557008361,-1.79
2008-07-01,-0051,226770,500197,34025,121652,5.31E-06,0305,5.90E-06,0294,1.10E-10,8.31E-06,0082,7.72E-05,-1.29
2008-08-01,0065,190897,444101,34192,108585,8.64E-06,0305,7.98E-06,0293,4.04E-09,1.20E-05,0075,0.0002570353629,-0.85
2008-09-01,0058,198679,373128,22937,99176,3.58E-06,0300,1.82E-06,0287,6.14E-08,9.19E-06,0072,0.006548378596,-1.23
2008-10-01,0200,229746,344176,26198,83689,2.42E-06,0293,2.13E-06,0281,3.67E-07,6.91E-06,0071,0.08674036595,-1.34
2008-11-01,-0056,215344,252512,14929,117570,4.65E-06,0287,1.02E-05,0275,1.99E-06,6.66E-06,0072,1.045021008,-1.58
2008-12-01,0339,68179,181247,7790,138830,5.89E-06,0280,1.74E-05,0268,1.09E-05,3.79E-06,0073,10.85569396,-1.01
2009-01-01,0076,224567,267120,9294,121104,5.86E-06,0282,3.76E-06,0268,8.55E-06,1.27E-06,0073,24.78363184,-1.35
2009-02-01,-0033,211406,244172,9161,162557,1.01E-05,0283,1.65E-05,0270,5.16E-06,2.42E-06,0075,17.54785165,-1.68
2009-03-01,-0375,299532,443569,17674,209013,8.15E-06,0287,1.14E-06,0274,4.67E-06,4.71E-06,0080,6.328338237,-2.26
2009-04-01,-0560,315553,481260,20786,205556,7.36E-06,0290,4.19E-06,0277,5.30E-06,1.05E-05,0087,3.86644883,-2.07
2009-05-01,-0387,310422,463414,33396,122390,5.49E-06,0299,2.94E-06,0286,3.65E-07,1.40E-05,0095,0.1969567416,-2.48
2009-06-01,-0146,211181,420202,25430,113569,4.82E-06,0300,3.18E-06,0288,2.15E-07,1.96E-05,0096,0.03718096189,-2.22
2009-07-01,-0093,214504,449168,30538,120031,3.72E-06,0306,4.18E-06,0294,1.99E-09,8.11E-06,0085,0.0001627243911,-2.44
2009-08-01,-0040,195691,409533,30662,101218,2.89E-06,0304,1.36E-06,0292,5.39E-09,6.05E-06,0075,0.0003213152919,-3.46
2009-09-01,-0005,245512,360987,22397,93275,3.34E-06,0301,2.39E-06,0288,2.98E-08,8.54E-06,0071,0.001783385631,-3.4
2009-10-01,-0036,220313,288152,25024,77075,1.30E-06,0291,1.14E-06,0278,3.40E-06,7.24E-06,0070,1.126644026,-2.95
2009-11-01,0022,201049,292636,15039,104331,1.22E-06,0286,1.41E-06,0274,9.81E-07,2.92E-06,0070,0.9810522106,-3.38
2009-12-01,0243,181982,237860,9212,134804,4.87E-06,0279,1.49E-05,0264,1.12E-05,1.66E-06,0070,14.66070364,0.16
2010-01-01,0331,135447,183385,6654,174385,7.36E-06,0281,2.97E-05,0266,1.53E-05,4.24E-06,0070,31.61648182,0.98
2010-02-01,0287,117331,174030,5400,140895,8.78E-06,0282,1.53E-05,0267,8.47E-06,2.08E-06,0071,43.96139735,1.35
2010-03-01,-0230,218000,375260,12305,233024,1.58E-05,0286,9.47E-06,0273,6.64E-06,6.56E-06,0080,24.56475536,1.41
2010-04-01,-0237,278902,389511,19249,209495,1.18E-05,0289,5.13E-06,0277,3.99E-06,9.50E-06,0097,4.966189476,1.44
2010-05-01,-0326,302751,481904,28041,114169,5.52E-06,0293,1.74E-06,0281,1.71E-06,9.17E-06,0104,0.5636539212,1.31
2010-06-01,-0431,309364,441951,28120,112669,3.24E-06,0302,1.18E-06,0290,1.02E-07,9.51E-06,0096,0.01761811371,1.3
2010-07-01,-0199,217618,501023,34322,126052,1.31E-06,0306,2.76E-06,0294,1.07E-09,1.32E-05,0081,0.0006037420662,1.73
2010-08-01,-0005,229979,467149,33449,100581,4.23E-06,0304,2.77E-06,0291,1.21E-08,1.47E-05,0080,0.0004583951999,-0.02
2010-09-01,-0260,290441,430782,23184,92735,2.28E-06,0300,6.65E-07,0288,3.29E-08,5.57E-06,0076,0.007502092016,-0.76
2010-10-01,-0121,248075,348168,23914,106185,5.95E-06,0293,1.57E-05,0281,2.04E-06,1.49E-05,0074,0.7478872827,-0.5
2010-11-01,-0035,214994,328769,17359,113968,8.09E-06,0284,5.94E-06,0271,5.14E-06,3.16E-06,0078,3.680981859,-0.71
2010-12-01,0365,217465,234907,9440,147166,5.71E-06,0282,2.81E-05,0270,1.05E-05,8.40E-06,0080,14.89410379,-0.29
2011-01-01,0464,129270,218239,9479,140797,5.47E-06,0280,1.03E-06,0264,3.84E-06,5.00E-07,0083,28.54608424,-0.89
2011-02-01,0352,180781,188974,8943,173363,9.48E-06,0281,1.76E-05,0266,8.15E-06,2.12E-06,0083,26.08271849,-0.8
2011-03-01,0053,290691,409563,14910,198897,1.49E-05,0287,1.07E-05,0273,4.31E-06,5.33E-06,0086,17.4607048,-1.46
2011-04-01,-0055,315005,467821,20577,203660,1.56E-05,0290,9.21E-06,0277,5.00E-06,1.42E-05,0097,7.43155842,-1.48
2011-05-01,0189,303211,484968,26055,115213,1.77E-05,0294,1.61E-05,0281,2.96E-06,2.06E-05,0109,1.870716693,-1.36
2011-06-01,0401,298321,478232,25759,120309,6.54E-06,0302,1.76E-06,0289,1.62E-07,7.61E-06,0104,0.06498003737,-2.11
2011-07-01,0428,236817,520926,27213,127169,3.62E-06,0306,5.03E-06,0294,1.12E-08,1.40E-05,0088,0.0007287589497,-2.21
2011-08-01,0597,198525,489191,28699,96546,4.93E-06,0307,1.54E-06,0294,2.13E-10,8.24E-06,0078,6.15E-05,-2.94
2011-09-01,0247,201721,404435,18540,90614,5.03E-06,0302,5.16E-06,0289,6.70E-08,9.63E-06,0074,0.01262438986,-2.84
2011-10-01,0479,239375,299026,20511,70185,8.76E-06,0294,1.02E-05,0281,1.73E-06,1.59E-05,0075,0.4988465032,-2.57
2011-11-01,0477,208992,196058,13287,111956,4.47E-06,0285,5.89E-06,0272,4.08E-06,5.55E-06,0078,3.437657771,-2.45
2011-12-01,0711,178399,155228,8874,129245,3.97E-06,0280,7.12E-06,0267,3.72E-06,1.87E-06,0078,4.484029301,-1.97
2012-01-01,0378,223301,228158,8924,130592,7.00E-06,0282,6.19E-06,0269,4.87E-06,3.00E-06,0078,5.362947428,-2.42
2012-02-01,-0115,228623,277273,10735,158832,9.20E-06,0284,7.41E-06,0270,6.45E-06,3.26E-06,0079,6.988216859,-2.49
2012-03-01,-0372,296991,380935,16487,187221,1.43E-05,0288,1.24E-05,0276,1.10E-06,5.69E-06,0080,2.530380866,-3.23
2012-04-01,-0549,313981,509205,20784,182975,8.24E-06,0294,5.92E-06,0281,1.08E-06,6.20E-06,0081,0.2137111225,-3.87
2012-05-01,-0445,337032,536664,31053,98766,5.22E-06,0299,9.84E-07,0286,2.75E-07,4.70E-06,0078,0.03202228771,-4.8
2012-06-01,-0341,279963,501715,29004,102653,1.63E-06,0304,7.85E-09,0292,1.65E-08,2.20E-06,0070,0.0009296548224,-5.91
2012-07-01,0007,175751,479910,29362,123982,5.18E-06,0306,7.23E-06,0294,1.53E-10,1.29E-05,0063,2.12E-05,-5.64
2012-08-01,0062,204527,434609,24230,97327,8.81E-06,0307,7.12E-06,0294,1.84E-10,6.61E-06,0060,3.32E-05,-5.92
2012-09-01,-0134,233009,385103,19065,89768,5.45E-06,0303,4.29E-06,0289,2.30E-08,6.90E-06,0058,0.001254968621,-5.67
2012-10-01,0128,120169,318617,20872,69743,6.74E-06,0295,7.43E-06,0282,1.07E-06,7.05E-06,0058,0.314013784,-5.76
2012-11-01,0071,222460,216935,15406,87692,3.32E-06,0288,6.21E-06,0276,1.89E-06,5.26E-06,0058,0.923891737,-6.05
2012-12-01,0302,153859,147594,11239,132302,6.27E-06,0282,1.18E-05,0269,4.50E-06,7.35E-06,0060,5.091319999,-5.31
2013-01-01,0192,107294,216806,8965,142830,5.60E-06,0279,8.34E-06,0265,8.82E-06,1.97E-06,0061,12.87882518,-4.86
2013-02-01,-0018,201539,201525,8470,157585,8.01E-06,0283,5.67E-06,0267,4.96E-06,1.85E-06,0062,9.582854085,-4.68
2013-03-01,-0345,283383,422252,15300,201844,1.14E-05,0290,1.14E-05,0274,3.73E-06,4.49E-06,0064,4.247243793,-4.95
2013-04-01,-0544,295234,472366,20750,213092,9.78E-06,0293,4.28E-06,0278,3.78E-06,9.06E-06,0066,1.254455624,-4.81
2013-05-01,-0426,323917,506130,28076,112454,6.24E-06,0298,3.92E-06,0285,7.09E-07,1.03E-05,0068,0.1425133282,-5.26
2013-06-01,-0219,274037,493786,28679,109724,2.31E-06,0305,6.75E-07,0292,6.80E-09,2.31E-06,0064,0.0007050209229,-6.03
2013-07-01,-0006,207476,462052,29150,117957,6.18E-06,0307,8.30E-06,0295,1.35E-10,1.30E-05,0058,9.16E-05,-5.11
2013-08-01,0019,208424,417254,27538,120927,6.86E-06,0305,7.66E-06,0293,8.73E-09,1.57E-05,0057,0.0007950634395,-4.74
2013-09-01,0073,235296,355558,16179,108659,1.24E-05,0300,1.51E-05,0289,2.59E-07,2.77E-05,0063,0.04156223854,-2.52
2013-10-01,-0263,281311,400136,19884,79670,4.87E-06,0292,3.81E-06,0279,1.75E-06,1.31E-05,0075,0.5289110378,-2.49
2013-11-01,0211,190713,262915,11754,101609,4.60E-06,0287,1.44E-05,0274,4.57E-06,5.57E-06,0080,2.775955977,-2.02
2013-12-01,0034,170243,265009,8818,105619,5.19E-06,0280,3.77E-06,0266,5.09E-06,2.53E-06,0082,9.63370225,-2.12
2014-01-01,0187,129388,263854,8130,130640,4.90E-06,0283,5.14E-06,0268,4.24E-06,1.82E-06,0082,7.769752177,-2.61
2014-02-01,-0075,191933,251788,8028,161705,8.08E-06,0286,6.04E-06,0271,2.48E-06,4.71E-06,0083,8.557190397,-3.06
2014-03-01,-0568,283591,415742,13983,207866,6.21E-06,0289,4.89E-06,0275,6.57E-06,1.13E-05,0085,4.796922919,-3.38
2014-04-01,-0634,318016,481151,20864,208090,7.97E-06,0293,3.14E-06,0279,1.22E-06,6.58E-06,0090,2.799486776,-3.54
2014-05-01,-0615,326442,523387,30194,113746,6.22E-06,0298,3.47E-06,0285,6.88E-07,1.28E-05,0090,0.2278643743,-3.95
2014-06-01,-0406,264493,493609,28078,112038,2.10E-06,0304,9.45E-07,0291,6.61E-08,4.00E-06,0081,0.003755578814,-4.82
2014-07-01,-0172,236956,506040,27686,120665,2.47E-06,0307,2.86E-06,0295,1.18E-10,1.20E-05,0070,7.31E-05,-4.42
2014-08-01,0079,193624,408488,23853,108053,1.33E-05,0304,1.68E-05,0292,1.09E-08,2.17E-05,0066,0.0007576089908,-3.46
2014-09-01,-0019,231213,383090,19525,89653,6.16E-06,0303,1.29E-05,0290,1.20E-07,2.10E-05,0067,0.007996338937,-2.05
2014-10-01,0123,231115,370843,21862,65519,5.52E-06,0296,3.15E-07,0283,2.08E-07,4.99E-06,0078,0.06982749042,-2.48
2014-11-01,0065,204658,305952,13713,105627,1.97E-06,0287,4.08E-06,0273,2.64E-06,4.04E-06,0079,0.9728474544,-2.56
2014-12-01,0358,163232,245790,8700,108549,5.13E-06,0282,1.17E-05,0270,5.70E-06,5.09E-06,0080,5.07333935,-2.33
2015-01-01,0062,215517,258934,6146,145888,4.49E-06,0283,7.21E-06,0270,3.92E-06,4.18E-06,0080,6.243774947,-2.06
2015-02-01,0040,174116,262979,7997,172217,7.34E-06,0287,3.09E-06,0273,3.76E-06,4.98E-06,0086,3.921819159,-2.37
2015-03-01,-0350,254943,390407,14493,218681,8.31E-06,0291,5.18E-06,0277,1.73E-06,5.48E-06,0088,1.528639748,-2.92
2015-04-01,-0488,302774,478782,20898,210061,5.70E-06,0293,4.34E-06,0280,2.79E-06,8.53E-06,0089,0.5268698579,-2.95
2015-05-01,-0202,289252,434775,25157,112649,9.46E-06,0296,7.79E-06,0283,2.22E-06,2.87E-05,0094,0.4554342669,1.28
2015-06-01,-0122,190408,458893,25656,108640,3.75E-06,0306,4.00E-06,0292,2.01E-08,1.16E-05,0095,0.004991021593,1.01
2015-07-01,0251,185820,457516,28970,107355,9.38E-06,0305,7.13E-06,0293,1.45E-09,1.47E-05,0084,0.0001523484955,1.37
2015-08-01,0013,176919,460369,27453,92757,8.96E-06,0307,7.30E-06,0293,2.29E-10,1.26E-05,0076,0.000157241195,0.84
2015-09-01,-0017,257989,398263,24943,89909,1.76E-06,0304,6.64E-07,0290,2.31E-08,8.15E-06,0073,0.002530421867,0.17
2015-10-01,0073,201470,398916,20027,59037,6.84E-06,0297,1.35E-05,0284,5.64E-07,1.48E-05,0072,0.1640122651,0.84
2015-11-01,-0062,181140,335176,12127,92944,6.15E-06,0285,4.57E-06,0272,6.53E-06,4.74E-06,0076,3.811917179,0.92
2015-12-01,0222,174384,285746,8862,104691,4.47E-06,0280,8.21E-06,0267,4.32E-06,3.66E-06,0077,7.869897848,0.92
2016-01-01,0231,177409,223907,8453,154327,5.50E-06,0281,1.60E-05,0266,9.12E-06,2.22E-06,0076,13.09394745,0.95
2016-02-01,0042,190876,248525,10306,180079,8.61E-06,0286,3.63E-06,0271,4.09E-06,1.63E-06,0077,12.6386249,-0.68
2016-03-01,-0312,237616,421500,18176,220718,1.02E-05,0290,7.09E-06,0275,3.90E-06,9.08E-06,0080,2.591230684,-1.49
2016-04-01,-0355,293016,428164,18399,202006,1.33E-05,0293,1.69E-05,0279,4.41E-06,1.32E-05,0083,1.626265866,-1.18
2016-05-01,-0189,306195,475997,22101,97446,1.21E-05,0297,5.66E-06,0283,1.44E-06,1.60E-05,0090,0.5075699291,-1.23
2016-06-01,-0174,219345,472084,28389,91620,3.43E-06,0306,1.38E-06,0293,1.01E-08,4.98E-06,0086,0.00753530336,-1.82
2016-07-01,0089,207719,449881,30760,102272,6.75E-06,0308,6.23E-06,0294,1.10E-09,6.87E-06,0073,0.0001262822254,-2.7
2016-08-01,0196,173473,413384,29099,99074,7.83E-06,0305,1.01E-05,0292,1.76E-08,1.29E-05,0068,0.002217067087,-2.23
2016-09-01,0005,232168,359802,22563,91609,5.75E-06,0301,3.85E-06,0288,2.17E-07,1.68E-05,0067,0.03859911115,-1.93
2016-10-01,0090,227165,359835,23953,60789,3.66E-06,0296,4.45E-06,0283,2.26E-07,8.28E-06,0069,0.08183923363,-2.63
2016-11-01,0017,200109,296041,16701,96887,4.44E-06,0288,4.51E-06,0276,3.35E-06,4.68E-06,0072,1.156018829,-2.57
2016-12-01,0352,147742,231981,9426,112402,5.61E-06,0281,1.48E-05,0267,6.79E-06,7.64E-06,0074,10.5211144,0.5
2017-01-01,0442,142841,154193,7512,126248,9.41E-06,0281,2.33E-05,0266,1.25E-05,7.73E-06,0078,30.73132898,1.66
2017-02-01,0317,103498,183907,7421,160026,1.18E-05,0286,1.71E-05,0271,6.68E-06,7.01E-06,0083,21.93555627,-0.06
2017-03-01,-0131,246837,337284,15908,202972,1.66E-05,0291,1.23E-05,0276,4.71E-06,1.05E-05,0091,9.590648855,-0.8
2017-04-01,-0287,306308,399845,20107,180934,1.26E-05,0293,9.49E-06,0278,2.56E-06,9.61E-06,0107,1.776943436,-0.87
2017-05-01,-0279,302088,417226,29320,110666,3.89E-06,0298,1.92E-06,0284,1.81E-06,1.09E-05,0108,0.5321953035,-0.79
2017-06-01,-0170,205466,438278,29170,125896,2.60E-06,0306,6.16E-07,0292,5.97E-08,2.83E-06,0095,0.01140829849,-1.22
2017-07-01,-0040,204389,428840,31535,130565,8.43E-06,0308,1.15E-05,0295,1.07E-09,1.39E-05,0079,0.00106542717,0.43
2017-08-01,0200,181698,392519,28628,102224,1.06E-05,0306,7.93E-06,0293,0000,9.18E-06,0073,0.0001333682017,0.17
2017-09-01,0051,224952,326208,21610,103784,8.61E-06,0301,8.03E-06,0289,1.76E-07,1.58E-05,0070,0.04435120274,0.36
2017-10-01,0020,228891,362216,23835,65461,1.76E-06,0294,5.95E-07,0281,1.31E-06,4.46E-06,0071,0.2913017096,-0.58
2017-11-01,-0112,175819,296444,16098,65388,1.22E-06,0289,1.39E-06,0278,1.25E-06,3.75E-06,0072,0.5945113305,-1.7
2017-12-01,0131,186716,289555,12281,65337,2.04E-06,0282,2.26E-06,0272,1.65E-06,1.26E-06,0072,1.121462838,-2.51
2018-01-01,0421,125827,177404,9958,125066,6.12E-06,0284,1.23E-05,0272,3.84E-06,3.59E-06,0072,2.595440084,-3.15
2018-02-01,0061,164096,217310,10642,151998,7.72E-06,0284,5.73E-06,0272,5.11E-06,4.06E-06,0074,4.993359699,-3.31
2018-03-01,-0009,246672,354906,14722,194686,9.40E-06,0288,6.05E-06,0276,2.65E-06,7.04E-06,0075,2.010777693,-3.84
2018-04-01,-0307,305724,441875,21757,175268,9.43E-06,0295,5.33E-06,0281,9.44E-07,9.82E-06,0077,0.4298906052,-4.47
2018-05-01,-0376,324458,488852,27848,123967,5.24E-06,0299,3.28E-06,0287,4.36E-07,9.55E-06,0076,0.0766330645,-5.53
2018-06-01,-0263,221189,472247,28230,135561,1.98E-06,0305,3.88E-07,0293,4.75E-09,4.58E-06,0069,0.0007158298466,-6.56
2018-07-01,0051,197694,464248,27436,132715,9.58E-06,0308,1.17E-05,0295,0000,8.53E-06,0062,3.39E-05,-6.4
2018-08-01,0119,132209,464815,28870,104382,6.50E-06,0307,4.52E-06,0294,0000,9.25E-06,0059,0.0001086516396,-6.46
2018-09-01,-0048,271567,388710,24739,94015,2.54E-06,0304,1.70E-06,0291,5.64E-10,2.99E-06,0057,0.000527632496,-6.55
2018-10-01,0019,240256,339339,23071,67933,5.40E-06,0293,1.21E-05,0281,1.55E-06,1.81E-05,0058,0.3793012717,1.48
2018-11-01,-0017,234037,286089,15902,97173,5.03E-06,0286,2.75E-06,0273,3.36E-06,2.73E-06,0061,1.385396011,1.08
2018-12-01,0260,168531,169730,10928,104651,3.92E-06,0282,6.95E-06,0269,4.37E-06,2.11E-06,0062,6.324005163,0.81
2019-01-01,0361,110863,202959,8580,122147,5.41E-06,0282,1.12E-05,0268,7.93E-06,4.44E-06,0062,15.642432,0.98
2019-02-01,0189,194265,188497,5921,142827,9.31E-06,0281,2.30E-05,0268,8.70E-06,9.50E-06,0066,19.43568834,1.82
2019-03-01,0196,173762,309787,13751,185434,1.59E-05,0288,1.86E-05,0274,9.77E-06,1.09E-05,0075,19.32160597,2.28
2019-04-01,-0111,271543,390512,15438,170264,1.05E-05,0294,7.77E-06,0281,2.10E-06,1.51E-05,0087,2.639287738,1.99
2019-05-01,-0212,292360,456030,18325,127516,1.61E-05,0294,1.55E-05,0282,2.68E-06,1.90E-05,0097,0.6315186777,2.9
2019-06-01,-0150,236676,441070,27749,138304,3.62E-06,0303,5.50E-07,0289,9.94E-08,7.57E-06,0094,0.03462456442,3.34
2019-07-01,-0159,238406,461068,33265,145562,2.62E-06,0306,3.59E-06,0294,1.01E-11,6.33E-06,0081,9.79E-05,-0.2
2019-08-01,0053,229493,439355,34950,111003,5.19E-06,0307,2.50E-06,0294,0000,4.67E-06,0072,5.62E-05,-1.27
2019-09-01,-0038,251374,358511,30806,102676,3.37E-06,0301,3.71E-06,0290,2.20E-08,7.55E-06,0067,0.004155334803,-1.5
2019-10-01,-0033,243165,296792,24990,67601,2.17E-06,0291,6.60E-07,0278,3.09E-06,1.88E-06,0066,0.7482012559,-1.59
2019-11-01,0105,170462,166174,13259,117518,3.46E-06,0286,1.36E-05,0275,6.75E-06,8.66E-06,0066,2.917616358,-0.55
2019-12-01,0566,79338,129931,6962,108824,4.96E-06,0281,1.32E-05,0269,7.04E-06,4.60E-06,0069,15.08002295,-0.22
2020-01-01,0366,115951,157468,9433,105669,6.28E-06,0282,4.30E-06,0268,7.56E-06,1.71E-06,0069,23.66897818,-0.49
2020-02-01,0140,127150,179814,8807,137800,7.27E-06,0284,3.59E-06,0269,6.13E-06,3.66E-06,0070,27.35391977,-0.38
2020-03-01,0205,129954,217744,12245,198468,1.31E-05,0287,1.38E-05,0275,4.72E-06,1.09E-05,0076,10.74270066,-0.12
2020-04-01,-0195,272669,369932,18287,170944,1.06E-05,0293,1.03E-05,0280,1.32E-06,7.19E-06,0084,1.31320502,-0.68
2020-05-01,-0444,323929,490854,32113,131720,8.86E-06,0300,1.80E-06,0286,1.04E-07,6.65E-06,0083,0.00898527129,-1.49
2020-06-01,-0366,228607,476397,31272,142242,3.03E-06,0302,1.20E-06,0290,3.54E-08,8.36E-06,0076,0.002159867509,-1.99
2020-07-01,-0207,202749,471224,36913,155957,1.61E-06,0306,1.10E-06,0294,0000,5.82E-06,0068,0.0001146409783,-2.67
2020-08-01,-0049,175991,419801,36801,131367,1.32E-06,0307,1.08E-06,0295,7.69E-10,7.83E-06,0063,0.0001052773667,-4.36
2020-09-01,-0070,265993,377851,28801,116148,1.04E-06,0302,2.43E-07,0289,6.30E-07,6.89E-06,0061,0.1013743028,-4.92
2020-10-01,-0112,253195,357823,21689,70978,7.57E-07,0295,4.78E-07,0283,1.49E-06,4.08E-06,0060,0.4085709964,-5.26
2020-11-01,-0067,181277,284572,11408,96292,1.54E-06,0287,2.67E-06,0275,2.07E-06,5.56E-06,0060,1.089664749,-5.41
2020-12-01,0222,193311,256431,7799,94595,3.42E-06,0281,7.45E-06,0269,5.88E-06,5.17E-07,0060,4.773886331,-5.36
2021-01-01,0188,140209,181235,10906,151603,6.62E-06,0281,1.23E-05,0268,6.58E-06,1.16E-06,0060,7.698173889,-5.18
2021-02-01,0112,171600,184504,8417,131343,9.27E-06,0284,5.06E-06,0270,6.64E-06,4.28E-06,0061,10.43101766,-5.15
2021-03-01,-0244,252554,418449,15533,179006,1.01E-05,0286,6.98E-06,0274,3.83E-06,6.97E-06,0063,4.141665201,-4.89
2021-04-01,-0425,295855,469090,22016,167115,6.88E-06,0294,5.96E-06,0280,1.62E-06,7.32E-06,0065,0.39993933,-5.04
2021-05-01,-0473,301869,502162,27619,129888,5.65E-06,0298,1.35E-06,0285,4.74E-07,8.43E-06,0065,0.08306603365,-5.26
2021-06-01,-0378,213813,476717,32519,130093,2.65E-06,0305,5.16E-06,0293,2.55E-09,8.35E-06,0061,0.0006118375184,-5.74
2021-07-01,-0088,167068,471768,31564,132315,1.65E-05,0307,2.08E-05,0295,0000,1.70E-05,0058,2.70E-06,-4.83
2021-08-01,0024,143076,428707,31686,120249,9.88E-06,0306,5.86E-06,0293,4.82E-10,1.19E-05,0059,0.0001096639228,-4.57
2021-09-01,-0022,206188,375258,24662,115662,4.74E-06,0303,2.78E-06,0290,6.16E-08,1.07E-05,0058,0.006763598341,-4.56
2021-10-01,-0071,224676,360112,16672,72399,7.05E-06,0292,1.03E-05,0281,8.24E-07,1.73E-05,0061,0.2539780147,-4.14
2021-11-01,-0141,180991,284082,10116,99869,5.03E-06,0290,2.84E-06,0277,4.17E-07,4.66E-06,0069,0.2964818662,-4.87
2021-12-01,0111,127837,252643,10458,99313,6.05E-06,0283,1.31E-05,0271,6.18E-06,8.48E-06,0072,4.829231769,-4.28
2022-01-01,0055,126615,254642,10847,114751,4.81E-06,0282,1.84E-06,0268,4.87E-06,1.27E-06,0072,11.05893336,-4.51
2022-02-01,-0024,167335,215646,10384,127461,8.05E-06,0283,9.49E-06,0269,3.67E-06,4.13E-06,0073,6.233489302,-4.53
2022-03-01,-0410,241037,426153,17421,169931,1.27E-05,0288,1.87E-05,0274,4.16E-06,1.06E-05,0075,3.163440666,-4.59
2022-04-01,-0510,274262,471607,17381,161472,1.55E-05,0293,1.22E-05,0279,3.10E-06,1.09E-05,0080,0.9948354234,-5.03
2022-05-01,-0509,281073,505422,25144,130391,3.50E-06,0297,7.93E-07,0284,1.03E-06,1.23E-05,0080,0.1170739977,-5.81
2022-06-01,-0330,177083,479740,30130,131753,2.39E-06,0304,1.04E-06,0291,3.46E-09,6.92E-06,0074,0.0144951186,-5.83
2022-07-01,-0146,123384,453452,31096,134564,4.35E-06,0307,9.75E-06,0295,0000,1.04E-05,0067,2.62E-05,-5.55
2022-08-01,0234,92830,383778,25371,108896,1.41E-05,0305,1.21E-05,0294,0000,1.29E-05,0064,0.0001269570793,0.38
2022-09-01,0053,150661,343440,22382,113545,6.50E-06,0303,7.99E-06,0291,2.13E-10,1.38E-05,0063,0.001191073908,-0.43
2022-10-01,0089,150278,338310,16737,87471,5.05E-06,0295,8.39E-07,0282,1.04E-06,1.23E-05,0067,0.1856403539,0.28
2022-11-01,-0230,124979,295652,8637,90211,6.12E-06,0284,8.04E-06,0271,4.63E-06,6.02E-06,0070,2.826232565,0.21
2022-12-01,0126,104639,256405,8140,88500,3.61E-06,0282,1.18E-05,0268,9.21E-06,7.15E-06,0070,9.779920286,0.41