ARIZONA (acre-feet),CALIFORNIA (acre-feet),NEVADA (acre-feet),MEXICO (acre-feet),Sum,mead_Evap_tavg (kg m-2 s-1),mead_Tair_f_inst (K),mead_Rainf_tavg (kg m-2 s-1),upperCRB_Tair_f_inst (K),upperCRB_Snowf_tavg (kg m-2 s-1),upperCRB_Rainf_tavg (kg m-2 s-1),upperCRB_SoilMoi40_100cm_inst,upperCRB_SWE_inst (kg m-2),PDSI (Index),upperCRB_Evap_tavg (kg m-2 s-1)
217000,335700,14600,187000,754300,7.36E-06,0282,2.05E-05,0270,8.85E-06,4.86E-06,0083,15.84026081,-3.22,5.74E-06
282300,472300,22300,218600,995500,1.26E-05,0284,8.95E-06,0272,8.82E-06,8.76E-06,0087,13.72441998,-2.65,1.06E-05
324800,565900,31300,198800,1120800,7.18E-06,0292,1.70E-06,0278,2.12E-06,5.20E-06,0093,4.951966112,-3.23,1.40E-05
363700,590700,36900,170600,1161900,4.33E-06,0297,2.18E-06,0285,1.16E-06,8.19E-06,0094,0.1783219723,-4.38,1.80E-05
248000,552800,33400,157100,991300,3.04E-06,0301,2.97E-06,0290,1.95E-07,6.02E-06,0083,0.01113240939,-4.58,1.67E-05
236100,580400,36700,163900,1017100,2.85E-06,0303,1.94E-06,0293,1.48E-08,6.44E-06,0072,0.0003615535135,-5.41,1.27E-05
198200,511500,36900,133800,880400,1.13E-05,0303,1.49E-05,0293,1.10E-08,1.36E-05,0066,0.0002830172784,-5.27,1.29E-05
168300,353000,29400,131300,682000,6.03E-06,0298,1.25E-06,0286,7.07E-07,1.14E-05,0064,0.1202332636,-5.69,1.02E-05
139200,297300,30400,173500,640400,4.39E-06,0291,1.89E-05,0278,2.95E-06,1.68E-05,0064,0.3943931367,-3.51,5.39E-06
219200,319400,21400,155200,715200,6.24E-06,0281,2.69E-06,0266,5.79E-06,1.99E-06,0072,6.362297077,-2.72,3.89E-06
240700,284100,13100,175400,713300,4.12E-06,0281,1.47E-06,0266,5.44E-06,7.58E-07,0071,12.22314103,-2.79,3.01E-06
216400,235400,14600,166500,632900,4.85E-06,0279,1.51E-05,0265,7.05E-06,2.27E-06,0071,18.89029345,-2.08,2.79E-06
236000,310700,14500,192700,753900,8.62E-06,0281,1.77E-05,0267,8.79E-06,3.53E-06,0071,24.87282956,-1.68,5.57E-06
254400,266400,17000,241700,779500,1.30E-05,0286,9.65E-06,0272,4.87E-06,4.64E-06,0076,16.64986546,-1.51,9.71E-06
305400,535700,28300,200000,1069400,1.29E-05,0289,8.66E-06,0277,4.00E-06,8.68E-06,0082,5.324406892,-1.36,1.45E-05
345800,593200,39800,110600,1089400,4.46E-06,0299,1.18E-06,0284,8.97E-07,8.58E-06,0087,0.4306921443,-1.17,1.68E-05
302600,566700,31600,122200,1023100,3.03E-06,0302,1.26E-06,0290,1.22E-07,4.67E-06,0081,0.004228207789,-1.32,1.62E-05
250900,589300,37400,143000,1020600,6.92E-06,0303,6.59E-06,0293,2.85E-10,1.13E-05,0072,2.54E-05,-1.49,1.46E-05
199700,548500,38000,113600,899800,1.05E-05,0304,1.15E-05,0291,2.97E-10,1.66E-05,0069,0.0001355614789,-1.52,1.37E-05
181500,457600,31700,103100,773900,2.94E-06,0301,8.39E-07,0288,1.79E-07,5.11E-06,0068,0.02663528593,-2.25,8.36E-06
154500,421300,30100,85200,691100,1.21E-06,0295,2.08E-06,0281,9.20E-07,4.45E-06,0066,0.1170546799,-2.8,3.68E-06
182000,342600,19100,99000,642700,3.04E-06,0287,4.73E-06,0274,4.90E-06,5.79E-06,0066,2.157733789,-2.73,2.99E-06
211900,287500,13300,123200,635900,3.79E-06,0279,7.45E-06,0267,7.56E-06,1.40E-06,0066,14.51012061,-2.75,2.18E-06
209800,289100,13100,143300,655300,4.77E-06,0280,1.17E-06,0266,3.70E-06,8.07E-07,0066,20.26014062,-3.12,3.24E-06
247400,340000,12300,159500,759200,3.75E-06,0284,4.76E-07,0267,2.11E-06,6.90E-07,0066,18.86161844,-3.6,5.26E-06
322200,459300,21000,215500,1018000,4.05E-06,0285,2.80E-06,0270,5.20E-06,2.76E-06,0067,14.30268588,-3.88,8.35E-06
333600,537200,30400,207300,1108500,5.00E-06,0293,2.28E-06,0279,1.13E-06,5.67E-06,0068,2.321929042,-4.61,1.01E-05
356300,576400,36500,121200,1090400,2.60E-06,0296,5.60E-07,0284,4.76E-07,2.81E-06,0069,0.1822400143,-5.8,9.32E-06
320300,555100,35300,122900,1033600,1.59E-06,0303,4.03E-07,0291,5.85E-09,2.24E-06,0064,0.0001727684791,-6.81,9.41E-06
256700,615400,39900,127500,1039500,2.68E-06,0306,2.83E-06,0294,2.19E-11,8.37E-06,0059,2.06E-05,-7.3,9.44E-06
238700,567600,40700,105200,952200,2.03E-06,0304,2.86E-06,0291,1.04E-09,8.00E-06,0056,0.0001437440959,-7.73,7.89E-06
189700,444900,33400,112500,780500,9.39E-06,0299,1.09E-05,0286,2.07E-07,2.36E-05,0058,0.02549860508,-6.2,1.13E-05
149700,368900,29900,79200,627700,4.48E-06,0291,7.15E-06,0278,3.40E-06,9.80E-06,0065,0.75767226,-5.32,6.91E-06
197300,335800,20400,103700,657200,5.39E-06,0285,7.58E-06,0271,4.00E-06,3.15E-06,0068,3.982537645,-4.95,4.41E-06
165600,275900,13600,125400,580500,4.90E-06,0280,5.93E-06,0268,5.12E-06,1.80E-06,0069,6.002770262,-4.64,2.55E-06
216938,246971,14745,134481,613135,4.54E-06,0284,1.50E-06,0271,2.17E-06,1.30E-06,0069,8.699633613,-5.32,2.69E-06
195797,153644,13220,181491,544152,9.50E-06,0282,2.59E-05,0268,6.28E-06,1.12E-05,0072,10.84957673,-4.41,6.04E-06
282488,416174,15250,207010,920922,1.41E-05,0286,1.31E-05,0273,7.67E-06,6.36E-06,0076,10.08753938,-4.08,1.04E-05
312166,504884,23240,204714,1045004,1.21E-05,0289,7.73E-06,0278,2.06E-06,6.22E-06,0083,3.217423795,-4,1.30E-05
319683,478069,26352,112358,936462,7.33E-06,0297,3.35E-06,0284,8.67E-07,8.62E-06,0086,0.3324188454,-4.46,1.63E-05
285427,434218,33862,111490,864997,2.00E-06,0302,1.80E-07,0289,1.22E-07,8.47E-06,0080,0.01705465473,-4.49,1.69E-05
228575,473590,36908,122177,861250,1.79E-06,0306,5.91E-06,0295,5.06E-11,5.46E-06,0070,6.24E-06,-5.57,1.08E-05
163063,433069,33332,100876,730340,9.88E-06,0304,8.90E-06,0292,1.09E-09,1.35E-05,0066,0.0001122789816,-5.72,1.22E-05
162915,388474,28105,92836,672330,7.42E-06,0301,3.44E-06,0287,4.47E-08,1.18E-05,0067,0.005029724474,-5.59,9.80E-06
231586,366376,33374,72824,704160,1.81E-06,0296,7.63E-07,0283,5.00E-07,5.15E-06,0069,0.04952532384,-5.84,5.58E-06
220560,258372,20963,100688,600583,2.88E-06,0283,6.11E-06,0271,6.19E-06,6.46E-06,0069,4.249975336,-5,3.45E-06
211401,254905,19039,120910,606255,5.38E-06,0281,6.99E-06,0269,8.01E-06,2.85E-06,0070,11.55139065,-4.78,2.98E-06
222780,221166,16204,128668,588818,5.40E-06,0280,3.62E-06,0267,6.20E-06,2.08E-06,0070,26.11085302,-4.65,3.15E-06
231587,237242,10098,168644,647571,8.77E-06,0280,2.47E-05,0268,1.00E-05,4.98E-06,0070,27.84489689,-3.84,5.55E-06
294267,392360,20020,202050,908697,1.14E-05,0291,2.78E-06,0276,1.47E-06,1.90E-06,0076,13.53302502,-4.47,1.08E-05
311500,450334,21515,212328,995677,1.42E-05,0291,1.28E-05,0279,4.22E-06,1.78E-05,0093,1.341084123,-3.22,1.46E-05
335803,501285,38365,112075,987528,5.25E-06,0297,1.20E-06,0285,2.96E-07,5.00E-06,0095,0.1315996581,-3.75,1.61E-05
299551,489702,33933,109645,932831,2.15E-06,0303,7.28E-07,0289,6.26E-08,1.01E-05,0084,0.006277022347,-3.73,1.66E-05
251683,484423,33865,120542,890513,3.87E-06,0305,3.83E-06,0292,7.02E-10,9.78E-06,0075,0.0002723883146,-3.64,1.53E-05
167675,434337,31495,98276,731783,7.90E-06,0303,8.90E-06,0290,1.88E-09,9.23E-06,0070,0.000247840463,-3.59,1.11E-05
178551,354259,27730,94447,654987,7.02E-06,0299,6.15E-06,0286,3.08E-07,2.08E-05,0068,0.03760904803,0.47,1.01E-05
84237,271190,23593,112381,491401,6.19E-06,0291,3.95E-05,0280,1.83E-06,1.85E-05,0076,0.7007068246,1.26,7.73E-06
196553,254317,10474,104985,566329,1.07E-05,0283,2.80E-05,0272,7.97E-06,6.88E-06,0091,5.012991795,1.99,4.72E-06
210458,225570,15714,129101,580843,7.09E-06,0281,1.72E-05,0269,5.28E-06,4.39E-06,0093,12.28607108,1.94,3.16E-06
179126,100485,9898,140699,430208,7.02E-06,0282,3.90E-05,0271,1.32E-05,1.05E-05,0101,34.24327848,2.97,2.75E-06
77532,132078,9040,186257,404907,1.14E-05,0283,3.58E-05,0270,7.75E-06,1.01E-05,0108,33.65406841,3.9,5.27E-06
124148,337760,16160,215623,693691,1.98E-05,0286,1.21E-05,0273,5.67E-06,6.72E-06,0114,21.19241424,3.86,1.05E-05
306792,473454,22989,199182,1002417,1.74E-05,0290,1.16E-05,0277,3.13E-06,1.16E-05,0123,10.69832972,3.85,1.64E-05
310533,511763,35867,113497,971660,1.09E-05,0297,2.89E-06,0284,1.43E-06,1.13E-05,0129,2.650301313,4.15,2.31E-05
246977,523274,33167,109738,913156,4.73E-06,0301,3.57E-06,0288,3.78E-07,1.37E-05,0115,0.05495571829,4.75,2.53E-05
231592,537968,37710,123995,931265,5.59E-06,0307,6.12E-06,0295,5.58E-10,5.39E-06,0094,8.32E-05,-0.38,1.85E-05
177550,422475,32082,118269,750376,1.45E-05,0303,1.25E-05,0291,9.63E-10,1.52E-05,0085,8.02E-05,0.41,1.55E-05
220041,428019,30804,92171,771035,4.51E-06,0299,3.22E-06,0288,2.77E-08,1.43E-05,0081,0.002991021607,-0.29,1.19E-05
229691,349081,28911,90719,698402,7.96E-06,0293,1.67E-05,0281,1.29E-06,1.39E-05,0082,0.3789644361,-0.03,8.28E-06
209252,314286,20456,99742,643736,7.74E-06,0287,2.06E-06,0274,1.77E-06,4.12E-06,0087,1.24901639,-0.75,5.18E-06
115235,213615,14694,126450,469994,4.20E-06,0282,2.84E-06,0268,4.89E-06,2.75E-06,0087,6.61413668,-1.27,2.33E-06
193234,244984,12649,126283,577150,7.03E-06,0282,5.74E-06,0269,7.15E-06,1.80E-06,0087,12.69492742,-1.86,3.50E-06
186756,253322,12919,150328,603325,4.87E-06,0284,1.12E-06,0269,2.76E-06,1.34E-06,0087,14.35389426,-2.67,5.20E-06
185166,328403,14370,209037,736976,1.26E-05,0284,1.86E-05,0272,1.04E-05,7.59E-06,0088,12.43702227,-2.43,9.94E-06
292725,433337,20964,194209,941235,1.24E-05,0291,6.03E-06,0279,2.01E-06,5.88E-06,0095,3.559574623,-2.95,1.29E-05
335434,492627,33779,109558,971398,5.38E-06,0298,1.25E-06,0286,2.87E-07,3.69E-06,0097,0.1217627244,-4.3,1.36E-05
331021,484064,32469,127969,975523,2.95E-06,0304,2.82E-06,0292,2.29E-09,4.49E-06,0085,0.0001779114374,-5.2,1.63E-05
215921,511635,34456,124494,886506,1.20E-05,0306,1.24E-05,0295,0000,1.60E-05,0073,5.65E-06,-4.6,1.55E-05
165274,470465,35906,98885,770530,5.04E-06,0304,1.65E-06,0292,7.91E-09,1.63E-05,0071,0.0004622756371,-3.54,1.56E-05
234664,383406,30985,93834,742889,4.55E-06,0298,4.16E-06,0285,1.01E-06,1.76E-05,0072,0.2658226109,-2.54,1.30E-05
266057,312303,26389,79663,684412,9.60E-06,0291,1.34E-05,0279,2.19E-06,2.80E-05,0095,0.7548501812,-1.27,9.75E-06
173127,223065,21253,99963,517408,3.82E-06,0286,1.21E-06,0273,3.52E-06,2.73E-06,0102,1.89421243,-1.79,5.69E-06
203486,197687,16725,122010,539908,3.55E-06,0279,6.24E-06,0267,6.00E-06,3.27E-06,0101,6.719125115,-1.75,2.89E-06
180650,227318,12817,122658,543443,5.26E-06,0278,2.64E-06,0265,5.75E-06,1.00E-06,0100,15.3694208,-1.74,3.99E-06
191544,275839,12590,149472,629445,6.52E-06,0283,6.23E-06,0270,6.81E-06,3.42E-06,0101,12.10630517,-1.95,6.52E-06
275545,359914,21686,202855,860000,6.03E-06,0288,2.98E-06,0275,2.66E-06,6.01E-06,0102,5.085659065,-2.41,9.73E-06
296335,457405,24524,197758,976022,7.58E-06,0292,5.05E-06,0279,2.44E-06,7.62E-06,0105,1.0133105,-2.42,1.35E-05
308454,518079,34330,109278,970141,3.83E-06,0298,1.42E-06,0285,1.10E-06,9.81E-06,0103,0.2008172499,-2.62,1.80E-05
289276,482430,35404,117933,925043,2.53E-06,0302,1.11E-06,0291,1.13E-07,3.76E-06,0090,0.01456607387,-3.21,1.83E-05
237678,497339,38834,123383,897234,4.66E-06,0306,1.28E-05,0295,3.37E-12,1.24E-05,0075,1.55E-05,-3.26,1.45E-05
162590,476744,33429,96938,769701,9.09E-06,0305,7.74E-06,0293,4.00E-10,1.60E-05,0073,1.75E-05,-3.38,1.55E-05
243182,408129,23772,91818,766901,5.84E-06,0300,7.96E-06,0288,6.72E-08,1.68E-05,0070,0.009761593467,-3.06,1.11E-05
257817,298273,26316,80047,662453,4.76E-06,0292,6.59E-07,0281,1.48E-06,7.76E-06,0072,0.3984180558,-3.35,8.49E-06
202237,211888,19292,102984,536401,1.80E-06,0287,4.46E-06,0275,2.11E-06,2.06E-06,0074,0.2701612618,-3.78,3.30E-06
138013,157337,17318,126479,439147,7.72E-06,0279,1.98E-05,0267,1.13E-05,1.06E-05,0079,22.89494031,-2.43,2.93E-06
200464,213982,14685,131794,560925,8.15E-06,0280,1.67E-05,0265,9.61E-06,5.99E-06,0080,40.41307333,-1.6,3.23E-06
222592,286047,10878,154548,674065,9.89E-06,0282,1.03E-05,0268,1.28E-05,1.79E-06,0081,53.46625913,-1.12,5.00E-06
301055,416618,17780,204704,940157,7.42E-06,0287,1.05E-06,0272,4.95E-06,2.38E-06,0088,31.28336047,-1.53,8.98E-06
326468,504906,24603,201930,1057907,3.62E-06,0291,4.45E-07,0276,2.58E-06,3.44E-06,0097,11.58909837,-1.86,1.23E-05
315358,506188,30516,113316,965378,5.32E-06,0294,4.66E-06,0282,2.57E-06,1.22E-05,0107,0.9065502344,-1.66,1.99E-05
256945,475709,31121,115585,879360,3.39E-06,0302,8.28E-07,0289,1.44E-07,6.35E-06,0100,0.01557008361,-1.79,2.20E-05
226770,500197,34025,121652,882644,5.31E-06,0305,5.90E-06,0294,1.10E-10,8.31E-06,0082,7.72E-05,-1.29,1.55E-05
190897,444101,34192,108585,777775,8.64E-06,0305,7.98E-06,0293,4.04E-09,1.20E-05,0075,0.0002570353629,-0.85,1.28E-05
198679,373128,22937,99176,693920,3.58E-06,0300,1.82E-06,0287,6.14E-08,9.19E-06,0072,0.006548378596,-1.23,9.31E-06
229746,344176,26198,83689,683809,2.42E-06,0293,2.13E-06,0281,3.67E-07,6.91E-06,0071,0.08674036595,-1.34,5.51E-06
215344,252512,14929,117570,600355,4.65E-06,0287,1.02E-05,0275,1.99E-06,6.66E-06,0072,1.045021008,-1.58,3.74E-06
68179,181247,7790,138830,396046,5.89E-06,0280,1.74E-05,0268,1.09E-05,3.79E-06,0073,10.85569396,-1.01,3.19E-06
224567,267120,9294,121104,622085,5.86E-06,0282,3.76E-06,0268,8.55E-06,1.27E-06,0073,24.78363184,-1.35,3.32E-06
211406,244172,9161,162557,627296,1.01E-05,0283,1.65E-05,0270,5.16E-06,2.42E-06,0075,17.54785165,-1.68,6.02E-06
299532,443569,17674,209013,969788,8.15E-06,0287,1.14E-06,0274,4.67E-06,4.71E-06,0080,6.328338237,-2.26,9.83E-06
315553,481260,20786,205556,1023155,7.36E-06,0290,4.19E-06,0277,5.30E-06,1.05E-05,0087,3.86644883,-2.07,1.39E-05
310422,463414,33396,122390,929622,5.49E-06,0299,2.94E-06,0286,3.65E-07,1.40E-05,0095,0.1969567416,-2.48,1.79E-05
211181,420202,25430,113569,770382,4.82E-06,0300,3.18E-06,0288,2.15E-07,1.96E-05,0096,0.03718096189,-2.22,2.33E-05
214504,449168,30538,120031,814241,3.72E-06,0306,4.18E-06,0294,1.99E-09,8.11E-06,0085,0.0001627243911,-2.44,1.66E-05
195691,409533,30662,101218,737104,2.89E-06,0304,1.36E-06,0292,5.39E-09,6.05E-06,0075,0.0003213152919,-3.46,1.18E-05
245512,360987,22397,93275,722171,3.34E-06,0301,2.39E-06,0288,2.98E-08,8.54E-06,0071,0.001783385631,-3.4,8.79E-06
220313,288152,25024,77075,610564,1.30E-06,0291,1.14E-06,0278,3.40E-06,7.24E-06,0070,1.126644026,-2.95,5.18E-06
201049,292636,15039,104331,613055,1.22E-06,0286,1.41E-06,0274,9.81E-07,2.92E-06,0070,0.9810522106,-3.38,3.64E-06
181982,237860,9212,134804,563858,4.87E-06,0279,1.49E-05,0264,1.12E-05,1.66E-06,0070,14.66070364,0.16,2.47E-06
135447,183385,6654,174385,499871,7.36E-06,0281,2.97E-05,0266,1.53E-05,4.24E-06,0070,31.61648182,0.98,2.51E-06
117331,174030,5400,140895,437656,8.78E-06,0282,1.53E-05,0267,8.47E-06,2.08E-06,0071,43.96139735,1.35,4.65E-06
218000,375260,12305,233024,838589,1.58E-05,0286,9.47E-06,0273,6.64E-06,6.56E-06,0080,24.56475536,1.41,9.68E-06
278902,389511,19249,209495,897157,1.18E-05,0289,5.13E-06,0277,3.99E-06,9.50E-06,0097,4.966189476,1.44,1.56E-05
302751,481904,28041,114169,926865,5.52E-06,0293,1.74E-06,0281,1.71E-06,9.17E-06,0104,0.5636539212,1.31,1.82E-05
309364,441951,28120,112669,892104,3.24E-06,0302,1.18E-06,0290,1.02E-07,9.51E-06,0096,0.01761811371,1.3,2.17E-05
217618,501023,34322,126052,879015,1.31E-06,0306,2.76E-06,0294,1.07E-09,1.32E-05,0081,0.0006037420662,1.73,1.52E-05
229979,467149,33449,100581,831158,4.23E-06,0304,2.77E-06,0291,1.21E-08,1.47E-05,0080,0.0004583951999,-0.02,1.68E-05
290441,430782,23184,92735,837142,2.28E-06,0300,6.65E-07,0288,3.29E-08,5.57E-06,0076,0.007502092016,-0.76,8.39E-06
248075,348168,23914,106185,726342,5.95E-06,0293,1.57E-05,0281,2.04E-06,1.49E-05,0074,0.7478872827,-0.5,6.45E-06
214994,328769,17359,113968,675090,8.09E-06,0284,5.94E-06,0271,5.14E-06,3.16E-06,0078,3.680981859,-0.71,4.02E-06
217465,234907,9440,147166,608978,5.71E-06,0282,2.81E-05,0270,1.05E-05,8.40E-06,0080,14.89410379,-0.29,2.12E-06
129270,218239,9479,140797,497785,5.47E-06,0280,1.03E-06,0264,3.84E-06,5.00E-07,0083,28.54608424,-0.89,2.97E-06
180781,188974,8943,173363,552061,9.48E-06,0281,1.76E-05,0266,8.15E-06,2.12E-06,0083,26.08271849,-0.8,5.26E-06
290691,409563,14910,198897,914061,1.49E-05,0287,1.07E-05,0273,4.31E-06,5.33E-06,0086,17.4607048,-1.46,9.49E-06
315005,467821,20577,203660,1007063,1.56E-05,0290,9.21E-06,0277,5.00E-06,1.42E-05,0097,7.43155842,-1.48,1.51E-05
303211,484968,26055,115213,929447,1.77E-05,0294,1.61E-05,0281,2.96E-06,2.06E-05,0109,1.870716693,-1.36,2.35E-05
298321,478232,25759,120309,922621,6.54E-06,0302,1.76E-06,0289,1.62E-07,7.61E-06,0104,0.06498003737,-2.11,2.37E-05
236817,520926,27213,127169,912125,3.62E-06,0306,5.03E-06,0294,1.12E-08,1.40E-05,0088,0.0007287589497,-2.21,2.04E-05
198525,489191,28699,96546,812961,4.93E-06,0307,1.54E-06,0294,2.13E-10,8.24E-06,0078,6.15E-05,-2.94,1.40E-05
201721,404435,18540,90614,715310,5.03E-06,0302,5.16E-06,0289,6.70E-08,9.63E-06,0074,0.01262438986,-2.84,9.87E-06
239375,299026,20511,70185,629097,8.76E-06,0294,1.02E-05,0281,1.73E-06,1.59E-05,0075,0.4988465032,-2.57,8.83E-06
208992,196058,13287,111956,530293,4.47E-06,0285,5.89E-06,0272,4.08E-06,5.55E-06,0078,3.437657771,-2.45,6.07E-06
178399,155228,8874,129245,471746,3.97E-06,0280,7.12E-06,0267,3.72E-06,1.87E-06,0078,4.484029301,-1.97,3.58E-06
223301,228158,8924,130592,590975,7.00E-06,0282,6.19E-06,0269,4.87E-06,3.00E-06,0078,5.362947428,-2.42,5.46E-06
228623,277273,10735,158832,675463,9.20E-06,0284,7.41E-06,0270,6.45E-06,3.26E-06,0079,6.988216859,-2.49,7.60E-06
296991,380935,16487,187221,881634,1.43E-05,0288,1.24E-05,0276,1.10E-06,5.69E-06,0080,2.530380866,-3.23,1.04E-05
313981,509205,20784,182975,1026945,8.24E-06,0294,5.92E-06,0281,1.08E-06,6.20E-06,0081,0.2137111225,-3.87,9.77E-06
337032,536664,31053,98766,1003515,5.22E-06,0299,9.84E-07,0286,2.75E-07,4.70E-06,0078,0.03202228771,-4.8,1.20E-05
279963,501715,29004,102653,913335,1.63E-06,0304,7.85E-09,0292,1.65E-08,2.20E-06,0070,0.0009296548224,-5.91,1.05E-05
175751,479910,29362,123982,809005,5.18E-06,0306,7.23E-06,0294,1.53E-10,1.29E-05,0063,2.12E-05,-5.64,1.21E-05
204527,434609,24230,97327,760693,8.81E-06,0307,7.12E-06,0294,1.84E-10,6.61E-06,0060,3.32E-05,-5.92,9.44E-06
233009,385103,19065,89768,726945,5.45E-06,0303,4.29E-06,0289,2.30E-08,6.90E-06,0058,0.001254968621,-5.67,5.78E-06
120169,318617,20872,69743,529401,6.74E-06,0295,7.43E-06,0282,1.07E-06,7.05E-06,0058,0.314013784,-5.76,5.51E-06
222460,216935,15406,87692,542493,3.32E-06,0288,6.21E-06,0276,1.89E-06,5.26E-06,0058,0.923891737,-6.05,4.08E-06
153859,147594,11239,132302,444994,6.27E-06,0282,1.18E-05,0269,4.50E-06,7.35E-06,0060,5.091319999,-5.31,4.53E-06
107294,216806,8965,142830,475895,5.60E-06,0279,8.34E-06,0265,8.82E-06,1.97E-06,0061,12.87882518,-4.86,4.78E-06
201539,201525,8470,157585,569119,8.01E-06,0283,5.67E-06,0267,4.96E-06,1.85E-06,0062,9.582854085,-4.68,7.63E-06
283383,422252,15300,201844,922779,1.14E-05,0290,1.14E-05,0274,3.73E-06,4.49E-06,0064,4.247243793,-4.95,1.01E-05
295234,472366,20750,213092,1001442,9.78E-06,0293,4.28E-06,0278,3.78E-06,9.06E-06,0066,1.254455624,-4.81,1.27E-05
323917,506130,28076,112454,970577,6.24E-06,0298,3.92E-06,0285,7.09E-07,1.03E-05,0068,0.1425133282,-5.26,1.52E-05
274037,493786,28679,109724,906226,2.31E-06,0305,6.75E-07,0292,6.80E-09,2.31E-06,0064,0.0007050209229,-6.03,1.04E-05
207476,462052,29150,117957,816635,6.18E-06,0307,8.30E-06,0295,1.35E-10,1.30E-05,0058,9.16E-05,-5.11,1.27E-05
208424,417254,27538,120927,774143,6.86E-06,0305,7.66E-06,0293,8.73E-09,1.57E-05,0057,0.0007950634395,-4.74,1.26E-05
235296,355558,16179,108659,715692,1.24E-05,0300,1.51E-05,0289,2.59E-07,2.77E-05,0063,0.04156223854,-2.52,1.59E-05
281311,400136,19884,79670,781001,4.87E-06,0292,3.81E-06,0279,1.75E-06,1.31E-05,0075,0.5289110378,-2.49,8.55E-06
190713,262915,11754,101609,566991,4.60E-06,0287,1.44E-05,0274,4.57E-06,5.57E-06,0080,2.775955977,-2.02,4.16E-06
170243,265009,8818,105619,549689,5.19E-06,0280,3.77E-06,0266,5.09E-06,2.53E-06,0082,9.63370225,-2.12,4.73E-06
129388,263854,8130,130640,532012,4.90E-06,0283,5.14E-06,0268,4.24E-06,1.82E-06,0082,7.769752177,-2.61,4.25E-06
191933,251788,8028,161705,613454,8.08E-06,0286,6.04E-06,0271,2.48E-06,4.71E-06,0083,8.557190397,-3.06,7.24E-06
283591,415742,13983,207866,921182,6.21E-06,0289,4.89E-06,0275,6.57E-06,1.13E-05,0085,4.796922919,-3.38,1.08E-05
318016,481151,20864,208090,1028121,7.97E-06,0293,3.14E-06,0279,1.22E-06,6.58E-06,0090,2.799486776,-3.54,1.34E-05
326442,523387,30194,113746,993769,6.22E-06,0298,3.47E-06,0285,6.88E-07,1.28E-05,0090,0.2278643743,-3.95,1.85E-05
264493,493609,28078,112038,898218,2.10E-06,0304,9.45E-07,0291,6.61E-08,4.00E-06,0081,0.003755578814,-4.82,1.64E-05
236956,506040,27686,120665,891347,2.47E-06,0307,2.86E-06,0295,1.18E-10,1.20E-05,0070,7.31E-05,-4.42,1.42E-05
193624,408488,23853,108053,734018,1.33E-05,0304,1.68E-05,0292,1.09E-08,2.17E-05,0066,0.0007576089908,-3.46,1.70E-05
231213,383090,19525,89653,723481,6.16E-06,0303,1.29E-05,0290,1.20E-07,2.10E-05,0067,0.007996338937,-2.05,1.05E-05
231115,370843,21862,65519,689339,5.52E-06,0296,3.15E-07,0283,2.08E-07,4.99E-06,0078,0.06982749042,-2.48,8.44E-06
204658,305952,13713,105627,629950,1.97E-06,0287,4.08E-06,0273,2.64E-06,4.04E-06,0079,0.9728474544,-2.56,4.06E-06
163232,245790,8700,108549,526271,5.13E-06,0282,1.17E-05,0270,5.70E-06,5.09E-06,0080,5.07333935,-2.33,4.43E-06
215517,258934,6146,145888,626485,4.49E-06,0283,7.21E-06,0270,3.92E-06,4.18E-06,0080,6.243774947,-2.06,3.45E-06
174116,262979,7997,172217,617309,7.34E-06,0287,3.09E-06,0273,3.76E-06,4.98E-06,0086,3.921819159,-2.37,7.76E-06
254943,390407,14493,218681,878524,8.31E-06,0291,5.18E-06,0277,1.73E-06,5.48E-06,0088,1.528639748,-2.92,9.35E-06
302774,478782,20898,210061,1012515,5.70E-06,0293,4.34E-06,0280,2.79E-06,8.53E-06,0089,0.5268698579,-2.95,1.07E-05
289252,434775,25157,112649,861833,9.46E-06,0296,7.79E-06,0283,2.22E-06,2.87E-05,0094,0.4554342669,1.28,2.24E-05
190408,458893,25656,108640,783597,3.75E-06,0306,4.00E-06,0292,2.01E-08,1.16E-05,0095,0.004991021593,1.01,2.50E-05
185820,457516,28970,107355,779661,9.38E-06,0305,7.13E-06,0293,1.45E-09,1.47E-05,0084,0.0001523484955,1.37,1.96E-05
176919,460369,27453,92757,757498,8.96E-06,0307,7.30E-06,0293,2.29E-10,1.26E-05,0076,0.000157241195,0.84,1.34E-05
257989,398263,24943,89909,771104,1.76E-06,0304,6.64E-07,0290,2.31E-08,8.15E-06,0073,0.002530421867,0.17,1.06E-05
201470,398916,20027,59037,679450,6.84E-06,0297,1.35E-05,0284,5.64E-07,1.48E-05,0072,0.1640122651,0.84,7.18E-06
181140,335176,12127,92944,621387,6.15E-06,0285,4.57E-06,0272,6.53E-06,4.74E-06,0076,3.811917179,0.92,6.29E-06
174384,285746,8862,104691,573683,4.47E-06,0280,8.21E-06,0267,4.32E-06,3.66E-06,0077,7.869897848,0.92,4.21E-06
177409,223907,8453,154327,564096,5.50E-06,0281,1.60E-05,0266,9.12E-06,2.22E-06,0076,13.09394745,0.95,3.87E-06
190876,248525,10306,180079,629786,8.61E-06,0286,3.63E-06,0271,4.09E-06,1.63E-06,0077,12.6386249,-0.68,7.83E-06
237616,421500,18176,220718,898010,1.02E-05,0290,7.09E-06,0275,3.90E-06,9.08E-06,0080,2.591230684,-1.49,1.06E-05
293016,428164,18399,202006,941585,1.33E-05,0293,1.69E-05,0279,4.41E-06,1.32E-05,0083,1.626265866,-1.18,1.44E-05
306195,475997,22101,97446,901739,1.21E-05,0297,5.66E-06,0283,1.44E-06,1.60E-05,0090,0.5075699291,-1.23,2.13E-05
219345,472084,28389,91620,811438,3.43E-06,0306,1.38E-06,0293,1.01E-08,4.98E-06,0086,0.00753530336,-1.82,1.84E-05
207719,449881,30760,102272,790632,6.75E-06,0308,6.23E-06,0294,1.10E-09,6.87E-06,0073,0.0001262822254,-2.7,1.25E-05
173473,413384,29099,99074,715030,7.83E-06,0305,1.01E-05,0292,1.76E-08,1.29E-05,0068,0.002217067087,-2.23,1.19E-05
232168,359802,22563,91609,706142,5.75E-06,0301,3.85E-06,0288,2.17E-07,1.68E-05,0067,0.03859911115,-1.93,1.19E-05
227165,359835,23953,60789,671742,3.66E-06,0296,4.45E-06,0283,2.26E-07,8.28E-06,0069,0.08183923363,-2.63,6.17E-06
200109,296041,16701,96887,609738,4.44E-06,0288,4.51E-06,0276,3.35E-06,4.68E-06,0072,1.156018829,-2.57,4.09E-06
147742,231981,9426,112402,501551,5.61E-06,0281,1.48E-05,0267,6.79E-06,7.64E-06,0074,10.5211144,0.5,4.22E-06
142841,154193,7512,126248,430794,9.41E-06,0281,2.33E-05,0266,1.25E-05,7.73E-06,0078,30.73132898,1.66,4.78E-06
103498,183907,7421,160026,454852,1.18E-05,0286,1.71E-05,0271,6.68E-06,7.01E-06,0083,21.93555627,-0.06,7.19E-06
246837,337284,15908,202972,803001,1.66E-05,0291,1.23E-05,0276,4.71E-06,1.05E-05,0091,9.590648855,-0.8,1.25E-05
306308,399845,20107,180934,907194,1.26E-05,0293,9.49E-06,0278,2.56E-06,9.61E-06,0107,1.776943436,-0.87,1.52E-05
302088,417226,29320,110666,859300,3.89E-06,0298,1.92E-06,0284,1.81E-06,1.09E-05,0108,0.5321953035,-0.79,1.85E-05
205466,438278,29170,125896,798810,2.60E-06,0306,6.16E-07,0292,5.97E-08,2.83E-06,0095,0.01140829849,-1.22,1.86E-05
204389,428840,31535,130565,795329,8.43E-06,0308,1.15E-05,0295,1.07E-09,1.39E-05,0079,0.00106542717,0.43,1.63E-05
181698,392519,28628,102224,705069,1.06E-05,0306,7.93E-06,0293,0000,9.18E-06,0073,0.0001333682017,0.17,1.27E-05
224952,326208,21610,103784,676554,8.61E-06,0301,8.03E-06,0289,1.76E-07,1.58E-05,0070,0.04435120274,0.36,9.98E-06
228891,362216,23835,65461,680403,1.76E-06,0294,5.95E-07,0281,1.31E-06,4.46E-06,0071,0.2913017096,-0.58,6.64E-06
175819,296444,16098,65388,553749,1.22E-06,0289,1.39E-06,0278,1.25E-06,3.75E-06,0072,0.5945113305,-1.7,4.08E-06
186716,289555,12281,65337,553889,2.04E-06,0282,2.26E-06,0272,1.65E-06,1.26E-06,0072,1.121462838,-2.51,2.60E-06
125827,177404,9958,125066,438255,6.12E-06,0284,1.23E-05,0272,3.84E-06,3.59E-06,0072,2.595440084,-3.15,3.27E-06
164096,217310,10642,151998,544046,7.72E-06,0284,5.73E-06,0272,5.11E-06,4.06E-06,0074,4.993359699,-3.31,7.38E-06
246672,354906,14722,194686,810986,9.40E-06,0288,6.05E-06,0276,2.65E-06,7.04E-06,0075,2.010777693,-3.84,8.69E-06
305724,441875,21757,175268,944624,9.43E-06,0295,5.33E-06,0281,9.44E-07,9.82E-06,0077,0.4298906052,-4.47,1.23E-05
324458,488852,27848,123967,965125,5.24E-06,0299,3.28E-06,0287,4.36E-07,9.55E-06,0076,0.0766330645,-5.53,1.46E-05
221189,472247,28230,135561,857227,1.98E-06,0305,3.88E-07,0293,4.75E-09,4.58E-06,0069,0.0007158298466,-6.56,1.28E-05
197694,464248,27436,132715,822093,9.58E-06,0308,1.17E-05,0295,0000,8.53E-06,0062,3.39E-05,-6.4,1.07E-05
132209,464815,28870,104382,730276,6.50E-06,0307,4.52E-06,0294,0000,9.25E-06,0059,0.0001086516396,-6.46,9.42E-06
271567,388710,24739,94015,779031,2.54E-06,0304,1.70E-06,0291,5.64E-10,2.99E-06,0057,0.000527632496,-6.55,5.31E-06
240256,339339,23071,67933,670599,5.40E-06,0293,1.21E-05,0281,1.55E-06,1.81E-05,0058,0.3793012717,1.48,7.25E-06
234037,286089,15902,97173,633201,5.03E-06,0286,2.75E-06,0273,3.36E-06,2.73E-06,0061,1.385396011,1.08,4.04E-06
168531,169730,10928,104651,453840,3.92E-06,0282,6.95E-06,0269,4.37E-06,2.11E-06,0062,6.324005163,0.81,3.69E-06
110863,202959,8580,122147,444549,5.41E-06,0282,1.12E-05,0268,7.93E-06,4.44E-06,0062,15.642432,0.98,5.09E-06
194265,188497,5921,142827,531510,9.31E-06,0281,2.30E-05,0268,8.70E-06,9.50E-06,0066,19.43568834,1.82,8.31E-06
173762,309787,13751,185434,682734,1.59E-05,0288,1.86E-05,0274,9.77E-06,1.09E-05,0075,19.32160597,2.28,1.25E-05
271543,390512,15438,170264,847757,1.05E-05,0294,7.77E-06,0281,2.10E-06,1.51E-05,0087,2.639287738,1.99,1.62E-05
292360,456030,18325,127516,894231,1.61E-05,0294,1.55E-05,0282,2.68E-06,1.90E-05,0097,0.6315186777,2.9,2.18E-05
236676,441070,27749,138304,843799,3.62E-06,0303,5.50E-07,0289,9.94E-08,7.57E-06,0094,0.03462456442,3.34,2.03E-05
238406,461068,33265,145562,878301,2.62E-06,0306,3.59E-06,0294,1.01E-11,6.33E-06,0081,9.79E-05,-0.2,1.45E-05
229493,439355,34950,111003,814801,5.19E-06,0307,2.50E-06,0294,0000,4.67E-06,0072,5.62E-05,-1.27,9.89E-06
251374,358511,30806,102676,743367,3.37E-06,0301,3.71E-06,0290,2.20E-08,7.55E-06,0067,0.004155334803,-1.5,7.25E-06
243165,296792,24990,67601,632548,2.17E-06,0291,6.60E-07,0278,3.09E-06,1.88E-06,0066,0.7482012559,-1.59,3.56E-06
170462,166174,13259,117518,467413,3.46E-06,0286,1.36E-05,0275,6.75E-06,8.66E-06,0066,2.917616358,-0.55,4.18E-06
79338,129931,6962,108824,325055,4.96E-06,0281,1.32E-05,0269,7.04E-06,4.60E-06,0069,15.08002295,-0.22,4.42E-06
115951,157468,9433,105669,388521,6.28E-06,0282,4.30E-06,0268,7.56E-06,1.71E-06,0069,23.66897818,-0.49,4.62E-06
127150,179814,8807,137800,453571,7.27E-06,0284,3.59E-06,0269,6.13E-06,3.66E-06,0070,27.35391977,-0.38,8.91E-06
129954,217744,12245,198468,558411,1.31E-05,0287,1.38E-05,0275,4.72E-06,1.09E-05,0076,10.74270066,-0.12,1.29E-05
272669,369932,18287,170944,831832,1.06E-05,0293,1.03E-05,0280,1.32E-06,7.19E-06,0084,1.31320502,-0.68,1.25E-05
323929,490854,32113,131720,978616,8.86E-06,0300,1.80E-06,0286,1.04E-07,6.65E-06,0083,0.00898527129,-1.49,1.42E-05
228607,476397,31272,142242,878518,3.03E-06,0302,1.20E-06,0290,3.54E-08,8.36E-06,0076,0.002159867509,-1.99,1.54E-05
202749,471224,36913,155957,866843,1.61E-06,0306,1.10E-06,0294,0000,5.82E-06,0068,0.0001146409783,-2.67,1.06E-05
175991,419801,36801,131367,763960,1.32E-06,0307,1.08E-06,0295,7.69E-10,7.83E-06,0063,0.0001052773667,-4.36,7.93E-06
265993,377851,28801,116148,788793,1.04E-06,0302,2.43E-07,0289,6.30E-07,6.89E-06,0061,0.1013743028,-4.92,8.10E-06
253195,357823,21689,70978,703685,7.57E-07,0295,4.78E-07,0283,1.49E-06,4.08E-06,0060,0.4085709964,-5.26,4.29E-06
181277,284572,11408,96292,573549,1.54E-06,0287,2.67E-06,0275,2.07E-06,5.56E-06,0060,1.089664749,-5.41,4.09E-06
193311,256431,7799,94595,552136,3.42E-06,0281,7.45E-06,0269,5.88E-06,5.17E-07,0060,4.773886331,-5.36,3.09E-06
140209,181235,10906,151603,483953,6.62E-06,0281,1.23E-05,0268,6.58E-06,1.16E-06,0060,7.698173889,-5.18,4.19E-06
171600,184504,8417,131343,495864,9.27E-06,0284,5.06E-06,0270,6.64E-06,4.28E-06,0061,10.43101766,-5.15,8.54E-06
252554,418449,15533,179006,865542,1.01E-05,0286,6.98E-06,0274,3.83E-06,6.97E-06,0063,4.141665201,-4.89,1.16E-05
295855,469090,22016,167115,954076,6.88E-06,0294,5.96E-06,0280,1.62E-06,7.32E-06,0065,0.39993933,-5.04,9.68E-06
301869,502162,27619,129888,961538,5.65E-06,0298,1.35E-06,0285,4.74E-07,8.43E-06,0065,0.08306603365,-5.26,1.24E-05
213813,476717,32519,130093,853142,2.65E-06,0305,5.16E-06,0293,2.55E-09,8.35E-06,0061,0.0006118375184,-5.74,1.37E-05
167068,471768,31564,132315,802715,1.65E-05,0307,2.08E-05,0295,0000,1.70E-05,0058,2.70E-06,-4.83,1.22E-05
143076,428707,31686,120249,723718,9.88E-06,0306,5.86E-06,0293,4.82E-10,1.19E-05,0059,0.0001096639228,-4.57,1.42E-05
206188,375258,24662,115662,721770,4.74E-06,0303,2.78E-06,0290,6.16E-08,1.07E-05,0058,0.006763598341,-4.56,7.60E-06
224676,360112,16672,72399,673859,7.05E-06,0292,1.03E-05,0281,8.24E-07,1.73E-05,0061,0.2539780147,-4.14,9.16E-06
180991,284082,10116,99869,575058,5.03E-06,0290,2.84E-06,0277,4.17E-07,4.66E-06,0069,0.2964818662,-4.87,4.81E-06
127837,252643,10458,99313,490251,6.05E-06,0283,1.31E-05,0271,6.18E-06,8.48E-06,0072,4.829231769,-4.28,5.46E-06
126615,254642,10847,114751,506855,4.81E-06,0282,1.84E-06,0268,4.87E-06,1.27E-06,0072,11.05893336,-4.51,5.52E-06
167335,215646,10384,127461,520826,8.05E-06,0283,9.49E-06,0269,3.67E-06,4.13E-06,0073,6.233489302,-4.53,6.99E-06
241037,426153,17421,169931,854542,1.27E-05,0288,1.87E-05,0274,4.16E-06,1.06E-05,0075,3.163440666,-4.59,1.16E-05
274262,471607,17381,161472,924722,1.55E-05,0293,1.22E-05,0279,3.10E-06,1.09E-05,0080,0.9948354234,-5.03,1.65E-05
281073,505422,25144,130391,942030,3.50E-06,0297,7.93E-07,0284,1.03E-06,1.23E-05,0080,0.1170739977,-5.81,1.59E-05
177083,479740,30130,131753,818706,2.39E-06,0304,1.04E-06,0291,3.46E-09,6.92E-06,0074,0.0144951186,-5.83,1.54E-05
123384,453452,31096,134564,742496,4.35E-06,0307,9.75E-06,0295,0000,1.04E-05,0067,2.62E-05,-5.55,1.34E-05
92830,383778,25371,108896,610875,1.41E-05,0305,1.21E-05,0294,0000,1.29E-05,0064,0.0001269570793,0.38,1.36E-05
150661,343440,22382,113545,630028,6.50E-06,0303,7.99E-06,0291,2.13E-10,1.38E-05,0063,0.001191073908,-0.43,9.51E-06
150278,338310,16737,87471,592796,5.05E-06,0295,8.39E-07,0282,1.04E-06,1.23E-05,0067,0.1856403539,0.28,7.77E-06
124979,295652,8637,90211,519479,6.12E-06,0284,8.04E-06,0271,4.63E-06,6.02E-06,0070,2.826232565,0.21,5.80E-06
104639,256405,8140,88500,457684,3.61E-06,0282,1.18E-05,0268,9.21E-06,7.15E-06,0070,9.779920286,0.41,3.76E-06