ds,soil,trend,additive_terms,additive_terms_lower,additive_terms_upper,yearly,yearly_lower,yearly_upper,multiplicative_terms,multiplicative_terms_lower,multiplicative_terms_upper,yhat_lower,yhat_upper,trend_lower,trend_upper,yhat
2000-02-01,83,71.09339555,0.3188893654,0.3188893654,0.3188893654,0.3188893654,0.3188893654,0.3188893654,0,0,0,59.74423598,82.96291762,71.09339555,71.09339555,71.41228492
2000-03-01,87,71.27096095,4.263698321,4.263698321,4.263698321,4.263698321,4.263698321,4.263698321,0,0,0,63.79468692,87.481875,71.27096095,71.27096095,75.53465927
2000-04-01,93,71.46077224,11.5471855,11.5471855,11.5471855,11.5471855,11.5471855,11.5471855,0,0,0,71.36688797,94.79073971,71.46077224,71.46077224,83.00795774
2000-05-01,94,71.64446059,14.37134522,14.37134522,14.37134522,14.37134522,14.37134522,14.37134522,0,0,0,74.4481874,97.31135836,71.64446059,71.64446059,86.01580581
2000-06-01,83,71.83427188,6.878776951,6.878776951,6.878776951,6.878776951,6.878776951,6.878776951,0,0,0,67.89043426,90.47803458,71.83427188,71.83427188,78.71304883
2000-07-01,72,72.01796023,-3.504930168,-3.504930168,-3.504930168,-3.504930168,-3.504930168,-3.504930168,0,0,0,56.9581321,80.12133885,72.01796023,72.01796023,68.51303006
2000-08-01,66,72.20777152,-8.065187147,-8.065187147,-8.065187147,-8.065187147,-8.065187147,-8.065187147,0,0,0,51.9601388,75.99841625,72.20777152,72.20777152,64.14258437
2000-09-01,64,72.39758281,-9.51227894,-9.51227894,-9.51227894,-9.51227894,-9.51227894,-9.51227894,0,0,0,51.39541189,75.2531892,72.39758281,72.39758281,62.88530387
2000-10-01,64,72.58127115,-7.197014487,-7.197014487,-7.197014487,-7.197014487,-7.197014487,-7.197014487,0,0,0,53.41907424,77.21484695,72.58127115,72.58127115,65.38425667
2000-11-01,72,72.77108244,-3.23535196,-3.23535196,-3.23535196,-3.23535196,-3.23535196,-3.23535196,0,0,0,57.29547076,80.92442243,72.77108244,72.77108244,69.53573048
2000-12-01,71,72.95477079,-2.709486754,-2.709486754,-2.709486754,-2.709486754,-2.709486754,-2.709486754,0,0,0,59.39710065,82.0522189,72.95477079,72.95477079,70.24528404
2001-01-01,71,73.14458208,-1.625450387,-1.625450387,-1.625450387,-1.625450387,-1.625450387,-1.625450387,0,0,0,60.33672832,83.23552207,73.14458208,73.14458208,71.51913169
2001-02-01,71,73.33439337,0.542227474,0.542227474,0.542227474,0.542227474,0.542227474,0.542227474,0,0,0,62.60980815,84.74618096,73.33439337,73.33439337,73.87662085
2001-03-01,76,73.50583583,4.325610096,4.325610096,4.325610096,4.325610096,4.325610096,4.325610096,0,0,0,66.8713098,89.84189966,73.50583583,73.50583583,77.83144592
2001-04-01,82,73.69564712,11.29526262,11.29526262,11.29526262,11.29526262,11.29526262,11.29526262,0,0,0,72.88865185,96.85720882,73.69564712,73.69564712,84.99090974
2001-05-01,87,73.87933547,14.42488962,14.42488962,14.42488962,14.42488962,14.42488962,14.42488962,0,0,0,76.89714152,99.57627644,73.87933547,73.87933547,88.30422508
2001-06-01,81,74.06914676,7.28829043,7.28829043,7.28829043,7.28829043,7.28829043,7.28829043,0,0,0,69.68528437,92.56410447,74.06914676,74.06914676,81.35743719
2001-07-01,72,74.2528351,-3.545225849,-3.545225849,-3.545225849,-3.545225849,-3.545225849,-3.545225849,0,0,0,59.88419437,82.98216843,74.2528351,74.2528351,70.70760925
2001-08-01,69,74.44264639,-8.194957338,-8.194957338,-8.194957338,-8.194957338,-8.194957338,-8.194957338,0,0,0,55.00737647,78.17264652,74.44264639,74.44264639,66.24768905
2001-09-01,68,74.63245769,-9.722081855,-9.722081855,-9.722081855,-9.722081855,-9.722081855,-9.722081855,0,0,0,52.43797038,76.52889104,74.63245769,74.63245769,64.91037583
2001-10-01,66,74.81614604,-6.918001841,-6.918001841,-6.918001841,-6.918001841,-6.918001841,-6.918001841,0,0,0,57.38130729,80.44429402,74.81614604,74.81614604,67.8981442
2001-11-01,66,75.00595733,-3.401413173,-3.401413173,-3.401413173,-3.401413173,-3.401413173,-3.401413173,0,0,0,60.27882402,83.35118569,75.00595733,75.00595733,71.60454416
2001-12-01,66,75.18964568,-2.474490332,-2.474490332,-2.474490332,-2.474490332,-2.474490332,-2.474490332,0,0,0,61.62753981,83.93718014,75.18964568,75.18964568,72.71515535
2002-01-01,66,75.37945698,-1.805571348,-1.805571348,-1.805571348,-1.805571348,-1.805571348,-1.805571348,0,0,0,61.69154957,86.26591888,75.37945698,75.37945698,73.57388563
2002-02-01,66,75.56926827,0.4657264566,0.4657264566,0.4657264566,0.4657264566,0.4657264566,0.4657264566,0,0,0,63.65426604,87.42991016,75.56926827,75.56926827,76.03499473
2002-03-01,67,75.74071073,4.386674604,4.386674604,4.386674604,4.386674604,4.386674604,4.386674604,0,0,0,68.9320421,92.22691958,75.74071073,75.74071073,80.12738534
2002-04-01,68,75.93052203,11.04374954,11.04374954,11.04374954,11.04374954,11.04374954,11.04374954,0,0,0,75.26950329,98.07812898,75.93052203,75.93052203,86.97427156
2002-05-01,69,76.11421039,14.48376661,14.48376661,14.48376661,14.48376661,14.48376661,14.48376661,0,0,0,79.47904531,101.8977701,76.11421039,76.11421039,90.59797699
2002-06-01,64,76.30402169,7.695408342,7.695408342,7.695408342,7.695408342,7.695408342,7.695408342,0,0,0,72.43368208,94.93967472,76.30402169,76.30402169,83.99943003
2002-07-01,59,76.48771005,-3.592104866,-3.592104866,-3.592104866,-3.592104866,-3.592104866,-3.592104866,0,0,0,61.31108516,84.50051409,76.48771005,76.48771005,72.89560518
2002-08-01,56,76.67752136,-8.326227654,-8.326227654,-8.326227654,-8.326227654,-8.326227654,-8.326227654,0,0,0,56.8567196,80.43553384,76.67752136,76.67752136,68.3512937
2002-09-01,58,76.86733266,-9.925367739,-9.925367739,-9.925367739,-9.925367739,-9.925367739,-9.925367739,0,0,0,55.13230771,78.51426191,76.86733266,76.86733266,66.94196492
2002-10-01,65,77.05102102,-6.636711839,-6.636711839,-6.636711839,-6.636711839,-6.636711839,-6.636711839,0,0,0,58.58634898,81.8805739,77.05102102,77.05102102,70.41430918
2002-11-01,68,77.24083232,-3.568408154,-3.568408154,-3.568408154,-3.568408154,-3.568408154,-3.568408154,0,0,0,61.6111336,85.76446014,77.24083232,77.24083232,73.67242417
2002-12-01,69,77.42452068,-2.241397626,-2.241397626,-2.241397626,-2.241397626,-2.241397626,-2.241397626,0,0,0,64.26535912,86.40295106,77.42452068,77.42452068,75.18312306
2003-01-01,69,77.61433199,-1.98942975,-1.98942975,-1.98942975,-1.98942975,-1.98942975,-1.98942975,0,0,0,64.2610544,87.83552369,77.61433199,77.61433199,75.62490224
2003-02-01,72,77.80414329,0.3912521095,0.3912521095,0.3912521095,0.3912521095,0.3912521095,0.3912521095,0,0,0,66.6575319,89.80560946,77.80414329,77.80414329,78.1953954
2003-03-01,76,77.97558576,4.446836929,4.446836929,4.446836929,4.446836929,4.446836929,4.446836929,0,0,0,69.75907343,94.33021622,77.97558576,77.97558576,82.42242269
2003-04-01,83,78.16539707,10.79283785,10.79283785,10.79283785,10.79283785,10.79283785,10.79283785,0,0,0,77.84544668,101.4437591,78.16539707,78.16539707,88.95823491
2003-05-01,86,78.34908542,14.54787253,14.54787253,14.54787253,14.54787253,14.54787253,14.54787253,0,0,0,80.67539631,103.9698728,78.34908542,78.34908542,92.89695795
2003-06-01,80,78.53889673,8.09976452,8.09976452,8.09976452,8.09976452,8.09976452,8.09976452,0,0,0,75.13616319,98.70243702,78.53889673,78.53889673,86.63866125
2003-07-01,70,78.72258509,-3.645463071,-3.645463071,-3.645463071,-3.645463071,-3.645463071,-3.645463071,0,0,0,63.74859988,85.95295699,78.72258509,78.72258509,75.07712202
2003-08-01,66,78.91239639,-8.458731923,-8.458731923,-8.458731923,-8.458731923,-8.458731923,-8.458731923,0,0,0,59.82613517,82.28864155,78.91239639,78.91239639,70.45366447
2003-09-01,67,79.10220769,-10.12192856,-10.12192856,-10.12192856,-10.12192856,-10.12192856,-10.12192856,0,0,0,57.43635449,80.57119088,79.10220769,79.10220769,68.98027913
2003-10-01,69,79.28589605,-6.353426372,-6.353426372,-6.353426372,-6.353426372,-6.353426372,-6.353426372,0,0,0,61.6488584,84.12572068,79.28589605,79.28589605,72.93246968
2003-11-01,69,79.47570736,-3.736318247,-3.736318247,-3.736318247,-3.736318247,-3.736318247,-3.736318247,0,0,0,64.36776857,87.85912911,79.47570736,79.47570736,75.73938911
2003-12-01,70,79.65939572,-2.01040764,-2.01040764,-2.01040764,-2.01040764,-2.01040764,-2.01040764,0,0,0,66.74226951,90.21922567,79.65939572,79.65939572,77.64898808
2004-01-01,70,79.84920703,-2.17687439,-2.17687439,-2.17687439,-2.17687439,-2.17687439,-2.17687439,0,0,0,65.74039377,89.88227795,79.84920703,79.84920703,77.67233264
2004-02-01,70,80.03901834,0.3188893654,0.3188893654,0.3188893654,0.3188893654,0.3188893654,0.3188893654,0,0,0,68.35020897,91.6358062,80.03901834,80.03901834,80.3579077
2004-03-01,76,80.21658375,4.263698321,4.263698321,4.263698321,4.263698321,4.263698321,4.263698321,0,0,0,72.27619237,95.88559743,80.21658375,80.21658375,84.48028207
2004-04-01,93,80.40639506,11.5471855,11.5471855,11.5471855,11.5471855,11.5471855,11.5471855,0,0,0,80.97714701,104.2463415,80.40639506,80.40639506,91.95358056
2004-05-01,95,80.59008342,14.37134522,14.37134522,14.37134522,14.37134522,14.37134522,14.37134522,0,0,0,82.9535538,106.6428812,80.59008342,80.59008342,94.96142864
2004-06-01,84,80.77989473,6.878776951,6.878776951,6.878776951,6.878776951,6.878776951,6.878776951,0,0,0,76.5221258,98.29803648,80.77989473,80.77989473,87.65867168
2004-07-01,75,80.96358309,-3.504930168,-3.504930168,-3.504930168,-3.504930168,-3.504930168,-3.504930168,0,0,0,65.26933607,89.06860601,80.96358309,80.96358309,77.45865292
2004-08-01,70,81.15158675,-8.065187147,-8.065187147,-8.065187147,-8.065187147,-8.065187147,-8.065187147,0,0,0,61.88026327,84.54250029,81.15158675,81.15158675,73.08639961
2004-09-01,68,81.33959042,-9.51227894,-9.51227894,-9.51227894,-9.51227894,-9.51227894,-9.51227894,0,0,0,60.60590225,82.43340391,81.33959042,81.33959042,71.82731148
2004-10-01,76,81.52152945,-7.197014487,-7.197014487,-7.197014487,-7.197014487,-7.197014487,-7.197014487,0,0,0,62.44392238,85.26717009,81.52152945,81.52152945,74.32451496
2004-11-01,91,81.70953311,-3.23535196,-3.23535196,-3.23535196,-3.23535196,-3.23535196,-3.23535196,0,0,0,66.92951077,90.17251446,81.70953311,81.70953311,78.47418115
2004-12-01,93,81.89147214,-2.709486754,-2.709486754,-2.709486754,-2.709486754,-2.709486754,-2.709486754,0,0,0,67.39730903,90.29373396,81.89147214,81.89147214,79.18198539
2005-01-01,101,82.07947581,-1.625450387,-1.625450387,-1.625450387,-1.625450387,-1.625450387,-1.625450387,0,0,0,67.86752825,91.97693225,82.07947581,82.07947581,80.45402542
2005-02-01,108,82.26747947,0.542227474,0.542227474,0.542227474,0.542227474,0.542227474,0.542227474,0,0,0,69.87830246,94.60564271,82.26747947,82.26747947,82.80970694
2005-03-01,114,82.43728923,4.325610096,4.325610096,4.325610096,4.325610096,4.325610096,4.325610096,0,0,0,75.70371952,97.65600834,82.43728923,82.43728923,86.76289933
2005-04-01,123,82.59651628,11.29526262,11.29526262,11.29526262,11.29526262,11.29526262,11.29526262,0,0,0,81.99777718,105.8899508,82.59651628,82.59651628,93.8917789
2005-05-01,129,82.75060697,14.42488962,14.42488962,14.42488962,14.42488962,14.42488962,14.42488962,0,0,0,85.5770281,108.7882958,82.75060697,82.75060697,97.17549659
2005-06-01,115,82.90983402,7.28829043,7.28829043,7.28829043,7.28829043,7.28829043,7.28829043,0,0,0,78.67185595,102.0252846,82.90983402,82.90983402,90.19812445
2005-07-01,94,83.06392471,-3.545225849,-3.545225849,-3.545225849,-3.545225849,-3.545225849,-3.545225849,0,0,0,68.16780314,91.73943465,83.06392471,83.06392471,79.51869886
2005-08-01,85,83.22315176,-8.194957338,-8.194957338,-8.194957338,-8.194957338,-8.194957338,-8.194957338,0,0,0,64.06889474,86.61645637,83.22315176,83.22315176,75.02819442
2005-09-01,81,83.38237881,-9.722081855,-9.722081855,-9.722081855,-9.722081855,-9.722081855,-9.722081855,0,0,0,62.70201428,85.87107366,83.38237881,83.38237881,73.66029695
2005-10-01,82,83.5364695,-6.918001841,-6.918001841,-6.918001841,-6.918001841,-6.918001841,-6.918001841,0,0,0,65.27031328,88.16860319,83.5364695,83.5364695,76.61846766
2005-11-01,87,83.69569655,-3.401413173,-3.401413173,-3.401413173,-3.401413173,-3.401413173,-3.401413173,0,0,0,68.12783399,92.85652,83.69569655,83.69569655,80.29428337
2005-12-01,87,83.84978724,-2.474490332,-2.474490332,-2.474490332,-2.474490332,-2.474490332,-2.474490332,0,0,0,70.60809908,93.53307436,83.84978724,83.84978724,81.37529691
2006-01-01,87,83.92688924,-1.805571348,-1.805571348,-1.805571348,-1.805571348,-1.805571348,-1.805571348,0,0,0,70.65831092,93.66029079,83.92688924,83.92688924,82.12131789
2006-02-01,87,84.00399124,0.4657264566,0.4657264566,0.4657264566,0.4657264566,0.4657264566,0.4657264566,0,0,0,72.2160147,95.7863819,84.00399124,84.00399124,84.46971769
2006-03-01,88,84.07363176,4.386674604,4.386674604,4.386674604,4.386674604,4.386674604,4.386674604,0,0,0,76.55424917,99.37912278,84.07363176,84.07363176,88.46030636
2006-04-01,95,84.15073376,11.04374954,11.04374954,11.04374954,11.04374954,11.04374954,11.04374954,0,0,0,83.5076366,107.0415595,84.15073376,84.15073376,95.19448329
2006-05-01,97,84.2253486,14.48376661,14.48376661,14.48376661,14.48376661,14.48376661,14.48376661,0,0,0,86.88377009,109.7147447,84.2253486,84.2253486,98.7091152
2006-06-01,85,84.3024506,7.695408342,7.695408342,7.695408342,7.695408342,7.695408342,7.695408342,0,0,0,80.49185723,103.2704037,84.3024506,84.3024506,91.99785894
2006-07-01,73,84.37706544,-3.592104866,-3.592104866,-3.592104866,-3.592104866,-3.592104866,-3.592104866,0,0,0,69.09912375,92.22285325,84.37706544,84.37706544,80.78496057
2006-08-01,71,84.45416744,-8.326227654,-8.326227654,-8.326227654,-8.326227654,-8.326227654,-8.326227654,0,0,0,64.40893721,88.31171727,84.45416744,84.45416744,76.12793978
2006-09-01,72,84.53126944,-9.925367739,-9.925367739,-9.925367739,-9.925367739,-9.925367739,-9.925367739,0,0,0,62.64004822,85.44837284,84.53126944,84.53126944,74.6059017
2006-10-01,95,84.51534708,-6.636711839,-6.636711839,-6.636711839,-6.636711839,-6.636711839,-6.636711839,0,0,0,66.96965012,89.50877357,84.51534708,84.51534708,77.87863524
2006-11-01,102,84.49889397,-3.568408154,-3.568408154,-3.568408154,-3.568408154,-3.568408154,-3.568408154,0,0,0,69.44576241,92.03932754,84.49889397,84.49889397,80.93048581
2006-12-01,101,84.48297161,-2.241397626,-2.241397626,-2.241397626,-2.241397626,-2.241397626,-2.241397626,0,0,0,70.59956937,93.95635608,84.48297161,84.48297161,82.24157398
2007-01-01,100,84.4665185,-1.98942975,-1.98942975,-1.98942975,-1.98942975,-1.98942975,-1.98942975,0,0,0,71.12798991,94.06761935,84.4665185,84.4665185,82.47708875
2007-02-01,101,84.45006539,0.3912521095,0.3912521095,0.3912521095,0.3912521095,0.3912521095,0.3912521095,0,0,0,73.36369715,96.52145722,84.45006539,84.45006539,84.8413175
2007-03-01,102,84.43520452,4.446836929,4.446836929,4.446836929,4.446836929,4.446836929,4.446836929,0,0,0,77.88131258,100.5156182,84.43520452,84.43520452,88.88204145
2007-04-01,105,84.41875142,10.79283785,10.79283785,10.79283785,10.79283785,10.79283785,10.79283785,0,0,0,83.80365044,106.6414927,84.41875142,84.41875142,95.21158926
2007-05-01,103,84.40282905,14.54787253,14.54787253,14.54787253,14.54787253,14.54787253,14.54787253,0,0,0,86.66536166,110.4427239,84.40282905,84.40282905,98.95070158
2007-06-01,90,84.38637595,8.09976452,8.09976452,8.09976452,8.09976452,8.09976452,8.09976452,0,0,0,81.04377448,105.0284758,84.38637595,84.38637595,92.48614047
2007-07-01,75,84.3090328,-3.645463071,-3.645463071,-3.645463071,-3.645463071,-3.645463071,-3.645463071,0,0,0,68.2127033,91.62137024,84.3090328,84.3090328,80.66356973
2007-08-01,73,84.22911154,-8.458731923,-8.458731923,-8.458731923,-8.458731923,-8.458731923,-8.458731923,0,0,0,64.17773004,87.16803323,84.22911154,84.22911154,75.77037962
2007-09-01,70,84.14919029,-10.12192856,-10.12192856,-10.12192856,-10.12192856,-10.12192856,-10.12192856,0,0,0,62.07689164,85.01141579,84.14919029,84.14919029,74.02726173
2007-10-01,72,84.07184714,-6.353426372,-6.353426372,-6.353426372,-6.353426372,-6.353426372,-6.353426372,0,0,0,66.73686051,89.11336009,84.07184714,84.07184714,77.71842077
2007-11-01,74,83.99192589,-3.736318247,-3.736318247,-3.736318247,-3.736318247,-3.736318247,-3.736318247,0,0,0,68.57925319,91.72945215,83.99192589,83.99192589,80.25560764
2007-12-01,79,83.91458274,-2.01040764,-2.01040764,-2.01040764,-2.01040764,-2.01040764,-2.01040764,0,0,0,69.21237587,92.90770372,83.91458274,83.91458274,81.9041751
2008-01-01,80,83.83466148,-2.17687439,-2.17687439,-2.17687439,-2.17687439,-2.17687439,-2.17687439,0,0,0,70.65403912,93.22882167,83.83466148,83.83466148,81.65778709
2008-02-01,81,83.75474023,0.3188893654,0.3188893654,0.3188893654,0.3188893654,0.3188893654,0.3188893654,0,0,0,71.82694875,95.84054658,83.75474023,83.75474023,84.07362959
2008-03-01,88,83.66921715,4.263698321,4.263698321,4.263698321,4.263698321,4.263698321,4.263698321,0,0,0,76.21122977,99.98793718,83.66921715,83.66921715,87.93291548
2008-04-01,97,83.57779594,11.5471855,11.5471855,11.5471855,11.5471855,11.5471855,11.5471855,0,0,0,84.05054933,106.2621648,83.57779594,83.57779594,95.12498144
2008-05-01,107,83.4893238,14.37134522,14.37134522,14.37134522,14.37134522,14.37134522,14.37134522,0,0,0,85.4951011,110.042499,83.4893238,83.4893238,97.86066901
2008-06-01,100,83.39790258,6.878776951,6.878776951,6.878776951,6.878776951,6.878776951,6.878776951,0,0,0,78.93034283,102.0742802,83.39790258,83.39790258,90.27667953
2008-07-01,82,83.30943044,-3.504930168,-3.504930168,-3.504930168,-3.504930168,-3.504930168,-3.504930168,0,0,0,68.17288546,92.42306324,83.30943044,83.30943044,79.80450027
2008-08-01,75,83.21800922,-8.065187147,-8.065187147,-8.065187147,-8.065187147,-8.065187147,-8.065187147,0,0,0,64.02864552,87.06388219,83.21800922,83.21800922,75.15282207
2008-09-01,72,83.126588,-9.51227894,-9.51227894,-9.51227894,-9.51227894,-9.51227894,-9.51227894,0,0,0,62.52272609,85.20007458,83.126588,83.126588,73.61430906
2008-10-01,71,83.03811586,-7.197014487,-7.197014487,-7.197014487,-7.197014487,-7.197014487,-7.197014487,0,0,0,64.47689839,87.97765711,83.03811586,83.03811586,75.84110137
2008-11-01,72,82.94669464,-3.23535196,-3.23535196,-3.23535196,-3.23535196,-3.23535196,-3.23535196,0,0,0,68.83782962,91.40691212,82.94669464,82.94669464,79.71134268
2008-12-01,73,82.8582225,-2.709486754,-2.709486754,-2.709486754,-2.709486754,-2.709486754,-2.709486754,0,0,0,68.38797677,91.86348162,82.8582225,82.8582225,80.14873574
2009-01-01,73,82.76680128,-1.625450387,-1.625450387,-1.625450387,-1.625450387,-1.625450387,-1.625450387,0,0,0,70.22567517,93.09226264,82.76680128,82.76680128,81.14135089
2009-02-01,75,82.67538006,0.542227474,0.542227474,0.542227474,0.542227474,0.542227474,0.542227474,0,0,0,71.6895284,94.78260292,82.67538006,82.67538006,83.21760753
2009-03-01,80,82.59280606,4.325610096,4.325610096,4.325610096,4.325610096,4.325610096,4.325610096,0,0,0,75.51036255,98.18881397,82.59280606,82.59280606,86.91841615
2009-04-01,87,82.50138484,11.29526262,11.29526262,11.29526262,11.29526262,11.29526262,11.29526262,0,0,0,81.7131259,105.4937531,82.50138484,82.50138484,93.79664746
2009-05-01,95,82.41291269,14.42488962,14.42488962,14.42488962,14.42488962,14.42488962,14.42488962,0,0,0,85.43859204,109.2022371,82.41291269,82.41291269,96.83780231
2009-06-01,96,82.32149147,7.28829043,7.28829043,7.28829043,7.28829043,7.28829043,7.28829043,0,0,0,78.13630701,103.119968,82.32149147,82.32149147,89.6097819
2009-07-01,85,82.23301932,-3.545225849,-3.545225849,-3.545225849,-3.545225849,-3.545225849,-3.545225849,0,0,0,66.17688001,90.47281136,82.23301932,82.23301932,78.68779347
2009-08-01,75,82.1415981,-8.194957338,-8.194957338,-8.194957338,-8.194957338,-8.194957338,-8.194957338,0,0,0,62.36696324,85.6754656,82.1415981,82.1415981,73.94664077
2009-09-01,71,82.05017688,-9.722081855,-9.722081855,-9.722081855,-9.722081855,-9.722081855,-9.722081855,0,0,0,60.85681846,84.22470453,82.05017688,82.05017688,72.32809503
2009-10-01,70,81.96170473,-6.918001841,-6.918001841,-6.918001841,-6.918001841,-6.918001841,-6.918001841,0,0,0,63.69035805,87.16523844,81.96170473,81.96170473,75.04370289
2009-11-01,70,81.8702835,-3.401413173,-3.401413173,-3.401413173,-3.401413173,-3.401413173,-3.401413173,0,0,0,67.60484291,90.37986569,81.8702835,81.8702835,78.46887033
2009-12-01,70,81.78181135,-2.474490332,-2.474490332,-2.474490332,-2.474490332,-2.474490332,-2.474490332,0,0,0,66.84143967,90.62162612,81.78181135,81.78181135,79.30732102
2010-01-01,70,81.69039013,-1.805571348,-1.805571348,-1.805571348,-1.805571348,-1.805571348,-1.805571348,0,0,0,68.10467687,92.09013596,81.69039013,81.69039013,79.88481878
2010-02-01,71,81.5989689,0.4657264566,0.4657264566,0.4657264566,0.4657264566,0.4657264566,0.4657264566,0,0,0,70.82751491,93.81277382,81.5989689,81.5989689,82.06469536
2010-03-01,80,81.5163949,4.386674604,4.386674604,4.386674604,4.386674604,4.386674604,4.386674604,0,0,0,75.34783747,97.57856955,81.5163949,81.5163949,85.9030695
2010-04-01,97,81.42497367,11.04374954,11.04374954,11.04374954,11.04374954,11.04374954,11.04374954,0,0,0,81.85290938,103.8991764,81.42497367,81.42497367,92.46872321
2010-05-01,104,81.33650152,14.48376661,14.48376661,14.48376661,14.48376661,14.48376661,14.48376661,0,0,0,84.38233091,107.6358001,81.33650152,81.33650152,95.82026813
2010-06-01,96,81.24508029,7.695408342,7.695408342,7.695408342,7.695408342,7.695408342,7.695408342,0,0,0,77.26351985,100.2267706,81.24508029,81.24508029,88.94048863
2010-07-01,81,81.15660813,-3.592104866,-3.592104866,-3.592104866,-3.592104866,-3.592104866,-3.592104866,0,0,0,66.86041682,89.00910695,81.15660813,81.15660813,77.56450327
2010-08-01,80,81.06518691,-8.326227654,-8.326227654,-8.326227654,-8.326227654,-8.326227654,-8.326227654,0,0,0,61.66496399,84.81910738,81.06518691,81.06518691,72.73895925
2010-09-01,76,80.97376568,-9.925367739,-9.925367739,-9.925367739,-9.925367739,-9.925367739,-9.925367739,0,0,0,59.09963921,81.88806296,80.97376568,80.97376568,71.04839794
2010-10-01,74,80.88529352,-6.636711839,-6.636711839,-6.636711839,-6.636711839,-6.636711839,-6.636711839,0,0,0,62.46890003,85.09165828,80.88529352,80.88529352,74.24858168
2010-11-01,78,80.79387229,-3.568408154,-3.568408154,-3.568408154,-3.568408154,-3.568408154,-3.568408154,0,0,0,65.27437027,88.22524683,80.79387229,80.79387229,77.22546414
2010-12-01,80,80.70540014,-2.241397626,-2.241397626,-2.241397626,-2.241397626,-2.241397626,-2.241397626,0,0,0,66.76053713,90.82295411,80.70540014,80.70540014,78.46400251
2011-01-01,83,80.61397891,-1.98942975,-1.98942975,-1.98942975,-1.98942975,-1.98942975,-1.98942975,0,0,0,66.65400003,90.16224344,80.61397891,80.61397891,78.62454916
2011-02-01,83,80.52255768,0.3912521095,0.3912521095,0.3912521095,0.3912521095,0.3912521095,0.3912521095,0,0,0,68.79407666,92.74506469,80.52255768,80.52255768,80.91380979
2011-03-01,86,80.43998367,4.446836929,4.446836929,4.446836929,4.446836929,4.446836929,4.446836929,0,0,0,73.62288716,96.60666658,80.43998367,80.43998367,84.8868206
2011-04-01,97,80.34856244,10.79283785,10.79283785,10.79283785,10.79283785,10.79283785,10.79283785,0,0,0,78.82359946,102.2365855,80.34856244,80.34856244,91.14140029
2011-05-01,109,80.26009029,14.54787253,14.54787253,14.54787253,14.54787253,14.54787253,14.54787253,0,0,0,83.06935622,105.8077561,80.26009029,80.26009029,94.80796281
2011-06-01,104,80.16866906,8.09976452,8.09976452,8.09976452,8.09976452,8.09976452,8.09976452,0,0,0,76.34764429,99.91219427,80.16866906,80.16866906,88.26843358
2011-07-01,88,80.08019691,-3.645463071,-3.645463071,-3.645463071,-3.645463071,-3.645463071,-3.645463071,0,0,0,65.89172044,89.40136922,80.08019691,80.08019691,76.43473383
2011-08-01,78,79.98877568,-8.458731923,-8.458731923,-8.458731923,-8.458731923,-8.458731923,-8.458731923,0,0,0,59.53289943,82.15192312,79.98877568,79.98877568,71.53004376
2011-09-01,74,79.89735445,-10.12192856,-10.12192856,-10.12192856,-10.12192856,-10.12192856,-10.12192856,0,0,0,58.91460328,81.88782965,79.89735445,79.89735445,69.77542589
2011-10-01,75,79.8088823,-6.353426372,-6.353426372,-6.353426372,-6.353426372,-6.353426372,-6.353426372,0,0,0,62.08716952,85.67395877,79.8088823,79.8088823,73.45545592
2011-11-01,78,79.71746106,-3.736318247,-3.736318247,-3.736318247,-3.736318247,-3.736318247,-3.736318247,0,0,0,64.50183481,87.53123161,79.71746106,79.71746106,75.98114281
2011-12-01,78,79.6289889,-2.01040764,-2.01040764,-2.01040764,-2.01040764,-2.01040764,-2.01040764,0,0,0,66.63555877,89.40611124,79.6289889,79.6289889,77.61858126
2012-01-01,78,79.53756767,-2.17687439,-2.17687439,-2.17687439,-2.17687439,-2.17687439,-2.17687439,0,0,0,65.30274222,88.61376796,79.53756767,79.53756767,77.36069328
2012-02-01,79,79.44614643,0.3188893654,0.3188893654,0.3188893654,0.3188893654,0.3188893654,0.3188893654,0,0,0,67.40776668,91.32348756,79.44614643,79.44614643,79.7650358
2012-03-01,80,79.36062334,4.263698321,4.263698321,4.263698321,4.263698321,4.263698321,4.263698321,0,0,0,72.13900294,94.87057801,79.36062334,79.36062334,83.62432166
2012-04-01,81,79.26920211,11.5471855,11.5471855,11.5471855,11.5471855,11.5471855,11.5471855,0,0,0,79.20691393,102.5696101,79.26920211,79.26920211,90.8163876
2012-05-01,78,79.18072994,14.37134522,14.37134522,14.37134522,14.37134522,14.37134522,14.37134522,0,0,0,82.83630948,105.1702323,79.18072994,79.18072994,93.55207516
2012-06-01,70,79.08930871,6.878776951,6.878776951,6.878776951,6.878776951,6.878776951,6.878776951,0,0,0,74.92737701,97.79540467,79.08930871,79.08930871,85.96808566
2012-07-01,63,79.00083655,-3.504930168,-3.504930168,-3.504930168,-3.504930168,-3.504930168,-3.504930168,0,0,0,64.91359963,87.04108467,79.00083655,79.00083655,75.49590638
2012-08-01,60,78.90941532,-8.065187147,-8.065187147,-8.065187147,-8.065187147,-8.065187147,-8.065187147,0,0,0,58.97936654,82.30432691,78.90941532,78.90941532,70.84422817
2012-09-01,58,78.81799409,-9.51227894,-9.51227894,-9.51227894,-9.51227894,-9.51227894,-9.51227894,0,0,0,57.83831816,79.93462757,78.81799409,78.81799409,69.30571515
2012-10-01,58,78.72952193,-7.197014487,-7.197014487,-7.197014487,-7.197014487,-7.197014487,-7.197014487,0,0,0,60.54824728,83.17194975,78.72952193,78.72952193,71.53250744
2012-11-01,58,78.6381007,-3.23535196,-3.23535196,-3.23535196,-3.23535196,-3.23535196,-3.23535196,0,0,0,63.8997275,88.16753597,78.6381007,78.6381007,75.40274874
2012-12-01,60,78.54962854,-2.709486754,-2.709486754,-2.709486754,-2.709486754,-2.709486754,-2.709486754,0,0,0,65.41962438,87.03640847,78.54962854,78.54962854,75.84014179
2013-01-01,61,78.45820731,-1.625450387,-1.625450387,-1.625450387,-1.625450387,-1.625450387,-1.625450387,0,0,0,65.8749153,88.14527128,78.45820731,78.45820731,76.83275692
2013-02-01,62,78.36678608,0.542227474,0.542227474,0.542227474,0.542227474,0.542227474,0.542227474,0,0,0,67.48199289,90.89185326,78.36678608,78.36678608,78.90901355
2013-03-01,64,78.28421206,4.325610096,4.325610096,4.325610096,4.325610096,4.325610096,4.325610096,0,0,0,71.08134019,94.81513339,78.28421206,78.28421206,82.60982216
2013-04-01,66,78.19279083,11.29526262,11.29526262,11.29526262,11.29526262,11.29526262,11.29526262,0,0,0,76.62527705,101.2605827,78.19279083,78.19279083,89.48805345
2013-05-01,68,78.10431869,14.42488962,14.42488962,14.42488962,14.42488962,14.42488962,14.42488962,0,0,0,80.30811177,103.9880676,78.10431869,78.10431869,92.52920831
2013-06-01,64,78.01289747,7.28829043,7.28829043,7.28829043,7.28829043,7.28829043,7.28829043,0,0,0,74.577577,97.88383125,78.01289747,78.01289747,85.3011879
2013-07-01,58,77.92442532,-3.545225849,-3.545225849,-3.545225849,-3.545225849,-3.545225849,-3.545225849,0,0,0,63.60236297,86.39076877,77.92442532,77.92442532,74.37919947
2013-08-01,57,77.8330041,-8.194957338,-8.194957338,-8.194957338,-8.194957338,-8.194957338,-8.194957338,0,0,0,58.52135146,81.39473853,77.8330041,77.8330041,69.63804677
2013-09-01,63,77.74158289,-9.722081855,-9.722081855,-9.722081855,-9.722081855,-9.722081855,-9.722081855,0,0,0,56.11632537,79.17065915,77.74158289,77.74158289,68.01950103
2013-10-01,75,77.65311074,-6.918001841,-6.918001841,-6.918001841,-6.918001841,-6.918001841,-6.918001841,0,0,0,59.13208802,82.31801118,77.65311074,77.65311074,70.7351089
2013-11-01,80,77.56168952,-3.401413173,-3.401413173,-3.401413173,-3.401413173,-3.401413173,-3.401413173,0,0,0,62.36951188,85.96504447,77.56168952,77.56168952,74.16027635
2013-12-01,82,77.47321738,-2.474490332,-2.474490332,-2.474490332,-2.474490332,-2.474490332,-2.474490332,0,0,0,62.74970681,85.5804699,77.47321738,77.47321738,74.99872704
2014-01-01,82,77.38179617,-1.805571348,-1.805571348,-1.805571348,-1.805571348,-1.805571348,-1.805571348,0,0,0,63.28853284,85.92866067,77.38179617,77.38179617,75.57622482
2014-02-01,83,77.29037496,0.4657264566,0.4657264566,0.4657264566,0.4657264566,0.4657264566,0.4657264566,0,0,0,66.16500523,88.95373854,77.29037496,77.29037496,77.75610141
2014-03-01,85,77.20780096,4.386674604,4.386674604,4.386674604,4.386674604,4.386674604,4.386674604,0,0,0,70.29248257,93.53391618,77.20780096,77.20780096,81.59447556
2014-04-01,90,77.11637975,11.04374954,11.04374954,11.04374954,11.04374954,11.04374954,11.04374954,0,0,0,76.07919839,99.70790098,77.11637975,77.11637975,88.16012929
2014-05-01,90,77.02790761,14.48376661,14.48376661,14.48376661,14.48376661,14.48376661,14.48376661,0,0,0,80.89360305,103.4824548,77.02790761,77.02790761,91.51167422
2014-06-01,81,76.9364864,7.695408342,7.695408342,7.695408342,7.695408342,7.695408342,7.695408342,0,0,0,73.0496562,95.94534505,76.9364864,76.9364864,84.63189474
2014-07-01,70,76.84801426,-3.592104866,-3.592104866,-3.592104866,-3.592104866,-3.592104866,-3.592104866,0,0,0,61.02469239,84.61126179,76.84801426,76.84801426,73.2559094
2014-08-01,66,76.75659306,-8.326227654,-8.326227654,-8.326227654,-8.326227654,-8.326227654,-8.326227654,0,0,0,56.77473075,79.5251197,76.75659306,76.75659306,68.4303654
2014-09-01,67,76.66517185,-9.925367739,-9.925367739,-9.925367739,-9.925367739,-9.925367739,-9.925367739,0,0,0,55.86492143,78.47239064,76.66517185,76.66517185,66.73980411
2014-10-01,78,76.57669971,-6.636711839,-6.636711839,-6.636711839,-6.636711839,-6.636711839,-6.636711839,0,0,0,58.7795406,81.34316907,76.57669971,76.57669971,69.93998787
2014-11-01,79,76.48527849,-3.568408154,-3.568408154,-3.568408154,-3.568408154,-3.568408154,-3.568408154,0,0,0,61.22280709,85.37311029,76.48527849,76.48527849,72.91687034
2014-12-01,80,76.39680635,-2.241397626,-2.241397626,-2.241397626,-2.241397626,-2.241397626,-2.241397626,0,0,0,62.18722082,86.25064925,76.39680635,76.39680635,74.15540873
2015-01-01,80,76.30538514,-1.98942975,-1.98942975,-1.98942975,-1.98942975,-1.98942975,-1.98942975,0,0,0,63.55820395,85.79750368,76.30538514,76.30538514,74.31595539
2015-02-01,86,76.21396393,0.3912521095,0.3912521095,0.3912521095,0.3912521095,0.3912521095,0.3912521095,0,0,0,65.85516241,88.04607984,76.21396393,76.21396393,76.60521604
2015-03-01,88,76.13138993,4.446836929,4.446836929,4.446836929,4.446836929,4.446836929,4.446836929,0,0,0,68.02727458,91.76110994,76.13138993,76.13138993,80.57822686
2015-04-01,89,76.03996872,10.79283785,10.79283785,10.79283785,10.79283785,10.79283785,10.79283785,0,0,0,75.17158833,98.87629374,76.03996872,76.03996872,86.83280657
2015-05-01,94,75.95149658,14.54787253,14.54787253,14.54787253,14.54787253,14.54787253,14.54787253,0,0,0,78.22647894,102.0294992,75.95149658,75.95149658,90.49936911
2015-06-01,95,75.86007537,8.09976452,8.09976452,8.09976452,8.09976452,8.09976452,8.09976452,0,0,0,72.66361154,95.1579926,75.86007537,75.86007537,83.95983989
2015-07-01,84,75.7716032,-3.645463071,-3.645463071,-3.645463071,-3.645463071,-3.645463071,-3.645463071,0,0,0,59.92989236,83.58141137,75.7716032,75.7716032,72.12614013
2015-08-01,76,75.68018196,-8.458731923,-8.458731923,-8.458731923,-8.458731923,-8.458731923,-8.458731923,0,0,0,54.92260857,78.47985355,75.68018196,75.68018196,67.22145004
2015-09-01,73,75.58876072,-10.12192856,-10.12192856,-10.12192856,-10.12192856,-10.12192856,-10.12192856,0,0,0,53.54818761,76.75978297,75.58876072,75.58876072,65.46683216
2015-10-01,72,75.50028855,-6.353426372,-6.353426372,-6.353426372,-6.353426372,-6.353426372,-6.353426372,0,0,0,57.83231347,80.355636,75.50028855,75.50028855,69.14686218
2015-11-01,76,75.40886731,-3.736318247,-3.736318247,-3.736318247,-3.736318247,-3.736318247,-3.736318247,0,0,0,59.95101342,83.5220224,75.40886731,75.40886731,71.67254907
2015-12-01,77,75.32039514,-2.01040764,-2.01040764,-2.01040764,-2.01040764,-2.01040764,-2.01040764,0,0,0,61.78841225,84.55898944,75.32039514,75.32039514,73.3099875
2016-01-01,76,75.2289739,-2.17687439,-2.17687439,-2.17687439,-2.17687439,-2.17687439,-2.17687439,0,0,0,61.61934808,85.6545419,75.2289739,75.2289739,73.05209951
2016-02-01,77,75.13755266,0.3188893654,0.3188893654,0.3188893654,0.3188893654,0.3188893654,0.3188893654,0,0,0,63.69545901,87.40334741,75.13755266,75.13755266,75.45644203
2016-03-01,80,75.05202957,4.263698321,4.263698321,4.263698321,4.263698321,4.263698321,4.263698321,0,0,0,68.43230752,91.44574225,75.05202957,75.05202957,79.31572789
2016-04-01,83,74.96060833,11.5471855,11.5471855,11.5471855,11.5471855,11.5471855,11.5471855,0,0,0,74.85855956,96.91558995,74.96060833,74.96060833,86.50779382
2016-05-01,90,74.87213616,14.37134522,14.37134522,14.37134522,14.37134522,14.37134522,14.37134522,0,0,0,76.84042422,100.8516154,74.87213616,74.87213616,89.24348138
2016-06-01,86,74.78071492,6.878776951,6.878776951,6.878776951,6.878776951,6.878776951,6.878776951,0,0,0,70.47800335,93.23598271,74.78071492,74.78071492,81.65949187
2016-07-01,73,74.69224275,-3.504930168,-3.504930168,-3.504930168,-3.504930168,-3.504930168,-3.504930168,0,0,0,59.77729846,83.27901002,74.69224275,74.69224275,71.18731258
2016-08-01,68,74.60082151,-8.065187147,-8.065187147,-8.065187147,-8.065187147,-8.065187147,-8.065187147,0,0,0,54.20951891,79.43036205,74.60082151,74.60082151,66.53563436
2016-09-01,67,74.50940027,-9.51227894,-9.51227894,-9.51227894,-9.51227894,-9.51227894,-9.51227894,0,0,0,53.85652515,76.78932222,74.50940027,74.50940027,64.99712133
2016-10-01,69,74.4209281,-7.197014487,-7.197014487,-7.197014487,-7.197014487,-7.197014487,-7.197014487,0,0,0,56.25256193,78.72649483,74.4209281,74.4209281,67.22391361
2016-11-01,72,74.32950686,-3.23535196,-3.23535196,-3.23535196,-3.23535196,-3.23535196,-3.23535196,0,0,0,60.18433366,82.85346477,74.32950686,74.32950686,71.0941549
2016-12-01,74,74.24103468,-2.709486754,-2.709486754,-2.709486754,-2.709486754,-2.709486754,-2.709486754,0,0,0,60.46092035,82.38964616,74.24103468,74.24103468,71.53154793
2017-01-01,78,74.14961343,-1.625450387,-1.625450387,-1.625450387,-1.625450387,-1.625450387,-1.625450387,0,0,0,61.29501761,84.36420133,74.14961343,74.14961343,72.52416305
2017-02-01,83,74.05819218,0.542227474,0.542227474,0.542227474,0.542227474,0.542227474,0.542227474,0,0,0,62.96767356,85.97974209,74.05819218,74.05819218,74.60041966
2017-03-01,91,73.97561815,4.325610096,4.325610096,4.325610096,4.325610096,4.325610096,4.325610096,0,0,0,67.41512262,90.31240474,73.97561815,73.97561815,78.30122825
2017-04-01,107,73.8841969,11.29526262,11.29526262,11.29526262,11.29526262,11.29526262,11.29526262,0,0,0,74.64416681,96.87820285,73.8841969,73.8841969,85.17945952
2017-05-01,108,73.79572473,14.42488962,14.42488962,14.42488962,14.42488962,14.42488962,14.42488962,0,0,0,77.01420209,99.97632191,73.79572473,73.79572473,88.22061434
2017-06-01,95,73.70430348,7.28829043,7.28829043,7.28829043,7.28829043,7.28829043,7.28829043,0,0,0,69.47103866,92.58225113,73.70430348,73.70430348,80.99259391
2017-07-01,79,73.6158313,-3.545225849,-3.545225849,-3.545225849,-3.545225849,-3.545225849,-3.545225849,0,0,0,58.3514663,81.82986635,73.6158313,73.6158313,70.07060545
2017-08-01,73,73.52441005,-8.194957338,-8.194957338,-8.194957338,-8.194957338,-8.194957338,-8.194957338,0,0,0,53.587102,77.87327299,73.52441005,73.52441005,65.32945271
2017-09-01,70,73.43298879,-9.722081855,-9.722081855,-9.722081855,-9.722081855,-9.722081855,-9.722081855,0,0,0,52.02271238,75.82890788,73.43298879,73.43298879,63.71090694
2017-10-01,71,73.34451661,-6.918001841,-6.918001841,-6.918001841,-6.918001841,-6.918001841,-6.918001841,0,0,0,55.43269822,78.15239709,73.34451661,73.34451661,66.42651477
2017-11-01,72,73.25309535,-3.401413173,-3.401413173,-3.401413173,-3.401413173,-3.401413173,-3.401413173,0,0,0,58.58024707,81.55369945,73.25309535,73.25309535,69.85168218
2017-12-01,72,73.16462317,-2.474490332,-2.474490332,-2.474490332,-2.474490332,-2.474490332,-2.474490332,0,0,0,60.3248974,83.13071134,73.16462317,73.16462317,70.69013283
2018-01-01,72,73.07320191,-1.805571348,-1.805571348,-1.805571348,-1.805571348,-1.805571348,-1.805571348,0,0,0,59.55627444,82.97779561,73.07320191,73.07320191,71.26763056
2018-02-01,74,72.98178065,0.4657264566,0.4657264566,0.4657264566,0.4657264566,0.4657264566,0.4657264566,0,0,0,61.43856632,84.90913849,72.98178065,72.98178065,73.44750711
2018-03-01,75,72.89920661,4.386674604,4.386674604,4.386674604,4.386674604,4.386674604,4.386674604,0,0,0,65.88312776,88.22724388,72.89920661,72.89920661,77.28588122
2018-04-01,77,72.80778535,11.04374954,11.04374954,11.04374954,11.04374954,11.04374954,11.04374954,0,0,0,71.82291609,95.3132685,72.80778535,72.80778535,83.85153489
2018-05-01,76,72.71931317,14.48376661,14.48376661,14.48376661,14.48376661,14.48376661,14.48376661,0,0,0,76.03881807,98.52485835,72.71931317,72.71931317,87.20307978
2018-06-01,69,72.62789191,7.695408342,7.695408342,7.695408342,7.695408342,7.695408342,7.695408342,0,0,0,68.32737806,91.82401893,72.62789191,72.62789191,80.32330025
2018-07-01,62,72.53941973,-3.592104866,-3.592104866,-3.592104866,-3.592104866,-3.592104866,-3.592104866,0,0,0,57.38935431,80.14623998,72.53941973,72.53941973,68.94731486
2018-08-01,59,72.44799847,-8.326227654,-8.326227654,-8.326227654,-8.326227654,-8.326227654,-8.326227654,0,0,0,52.19774488,76.15401729,72.44799847,72.44799847,64.12177081
2018-09-01,57,72.35657721,-9.925367739,-9.925367739,-9.925367739,-9.925367739,-9.925367739,-9.925367739,0,0,0,50.28550071,73.49705685,72.35657721,72.35657721,62.43120947
2018-10-01,58,72.26810502,-6.636711839,-6.636711839,-6.636711839,-6.636711839,-6.636711839,-6.636711839,0,0,0,54.27131792,77.27691137,72.26810502,72.26810502,65.63139318
2018-11-01,61,72.17668376,-3.568408154,-3.568408154,-3.568408154,-3.568408154,-3.568408154,-3.568408154,0,0,0,56.98081071,81.16605701,72.17668376,72.17668376,68.60827561
2018-12-01,62,72.08821158,-2.241397626,-2.241397626,-2.241397626,-2.241397626,-2.241397626,-2.241397626,0,0,0,58.61797198,81.56086044,72.08821158,72.08821158,69.84681395
2019-01-01,62,71.99679032,-1.98942975,-1.98942975,-1.98942975,-1.98942975,-1.98942975,-1.98942975,0,0,0,58.29340361,81.34521454,71.99679032,71.99679032,70.00736057
2019-02-01,66,71.90536906,0.3912521095,0.3912521095,0.3912521095,0.3912521095,0.3912521095,0.3912521095,0,0,0,61.58810433,83.58100353,71.90536906,71.90536906,72.29662117
2019-03-01,75,71.82279502,4.446836929,4.446836929,4.446836929,4.446836929,4.446836929,4.446836929,0,0,0,65.07208842,87.43410051,71.82279502,71.82279502,76.26963195
2019-04-01,87,71.73137376,10.79283785,10.79283785,10.79283785,10.79283785,10.79283785,10.79283785,0,0,0,70.82344146,94.70422982,71.73137376,71.73137376,82.52421161
2019-05-01,97,71.64290158,14.54787253,14.54787253,14.54787253,14.54787253,14.54787253,14.54787253,0,0,0,74.80731113,97.70441012,71.64290158,71.64290158,86.19077411
2019-06-01,94,71.55148032,8.09976452,8.09976452,8.09976452,8.09976452,8.09976452,8.09976452,0,0,0,68.51620246,90.18858064,71.55148032,71.55148032,79.65124484
2019-07-01,81,71.46300814,-3.645463071,-3.645463071,-3.645463071,-3.645463071,-3.645463071,-3.645463071,0,0,0,56.17370018,79.4346244,71.46300814,71.46300814,67.81754506
2019-08-01,72,71.37158688,-8.458731923,-8.458731923,-8.458731923,-8.458731923,-8.458731923,-8.458731923,0,0,0,51.16547733,74.60354814,71.37158688,71.37158688,62.91285495
2019-09-01,67,71.28016562,-10.12192856,-10.12192856,-10.12192856,-10.12192856,-10.12192856,-10.12192856,0,0,0,50.18210283,72.42886817,71.28016562,71.28016562,61.15823706
2019-10-01,66,71.19169343,-6.353426372,-6.353426372,-6.353426372,-6.353426372,-6.353426372,-6.353426372,0,0,0,52.9865642,75.99639216,71.19169343,71.19169343,64.83826706
2019-11-01,66,71.10027217,-3.736318247,-3.736318247,-3.736318247,-3.736318247,-3.736318247,-3.736318247,0,0,0,55.84039631,78.77738428,71.10027217,71.10027217,67.36395393
2019-12-01,69,71.01179999,-2.01040764,-2.01040764,-2.01040764,-2.01040764,-2.01040764,-2.01040764,0,0,0,58.10319453,81.15375433,71.01179999,71.01179999,69.00139235
2020-01-01,69,70.92037873,-2.17687439,-2.17687439,-2.17687439,-2.17687439,-2.17687439,-2.17687439,0,0,0,56.90128187,80.37903501,70.92037873,70.92037873,68.74350434
2020-02-01,70,70.82895747,0.3188893654,0.3188893654,0.3188893654,0.3188893654,0.3188893654,0.3188893654,0,0,0,60.21912832,83.0437053,70.82895747,70.82895747,71.14784684
2020-03-01,76,70.74343436,4.263698321,4.263698321,4.263698321,4.263698321,4.263698321,4.263698321,0,0,0,62.62679529,85.84662105,70.74343436,70.74343436,75.00713268
2020-04-01,84,70.6520131,11.5471855,11.5471855,11.5471855,11.5471855,11.5471855,11.5471855,0,0,0,70.83154649,94.13193512,70.6520131,70.6520131,82.1991986
2020-05-01,83,70.56354092,14.37134522,14.37134522,14.37134522,14.37134522,14.37134522,14.37134522,0,0,0,73.36504826,96.26368517,70.56354092,70.56354092,84.93488613
2020-06-01,76,70.47211966,6.878776951,6.878776951,6.878776951,6.878776951,6.878776951,6.878776951,0,0,0,65.47056155,88.87705906,70.47211966,70.47211966,77.35089661
2020-07-01,68,70.38364747,-3.504930168,-3.504930168,-3.504930168,-3.504930168,-3.504930168,-3.504930168,0,0,0,55.4353598,79.19992521,70.38364747,70.38364747,66.8787173
2020-08-01,63,70.29222621,-8.065187147,-8.065187147,-8.065187147,-8.065187147,-8.065187147,-8.065187147,0,0,0,50.10617501,73.95020791,70.29222621,70.29222621,62.22703907
2020-09-01,61,70.20080496,-9.51227894,-9.51227894,-9.51227894,-9.51227894,-9.51227894,-9.51227894,0,0,0,49.0899367,71.95132617,70.20080496,70.20080496,60.68852602
2020-10-01,60,70.11233277,-7.197014487,-7.197014487,-7.197014487,-7.197014487,-7.197014487,-7.197014487,0,0,0,51.22430243,74.32191782,70.11233277,70.11233277,62.91531828
2020-11-01,60,70.02091151,-3.23535196,-3.23535196,-3.23535196,-3.23535196,-3.23535196,-3.23535196,0,0,0,54.90202511,78.30920422,70.02091151,70.02091151,66.78555955
2020-12-01,60,69.93243933,-2.709486754,-2.709486754,-2.709486754,-2.709486754,-2.709486754,-2.709486754,0,0,0,56.01656967,78.43595036,69.93243933,69.93243933,67.22295257
2021-01-01,60,69.84101807,-1.625450387,-1.625450387,-1.625450387,-1.625450387,-1.625450387,-1.625450387,0,0,0,56.68752606,79.95071449,69.84101807,69.84101807,68.21556768
2021-02-01,61,69.74959681,0.542227474,0.542227474,0.542227474,0.542227474,0.542227474,0.542227474,0,0,0,58.69837834,81.84422926,69.74959681,69.74959681,70.29182428
2021-03-01,63,69.66702277,4.325610096,4.325610096,4.325610096,4.325610096,4.325610096,4.325610096,0,0,0,63.313678,85.28497934,69.66702277,69.66702277,73.99263287
2021-04-01,65,69.57560151,11.29526262,11.29526262,11.29526262,11.29526262,11.29526262,11.29526262,0,0,0,69.1672973,93.06502677,69.57560151,69.57560151,80.87086413
2021-05-01,65,69.48712933,14.42488962,14.42488962,14.42488962,14.42488962,14.42488962,14.42488962,0,0,0,72.45756857,94.93942073,69.48712933,69.48712933,83.91201894
2021-06-01,61,69.39570807,7.28829043,7.28829043,7.28829043,7.28829043,7.28829043,7.28829043,0,0,0,65.67395101,88.74449815,69.39570807,69.39570807,76.6839985
2021-07-01,58,69.30723588,-3.545225849,-3.545225849,-3.545225849,-3.545225849,-3.545225849,-3.545225849,0,0,0,54.49161259,76.5810527,69.30723588,69.30723588,65.76201003
2021-08-01,59,69.21581462,-8.194957338,-8.194957338,-8.194957338,-8.194957338,-8.194957338,-8.194957338,0,0,0,49.691137,72.97411356,69.21581462,69.21581462,61.02085729
2021-09-01,58,69.12439337,-9.722081855,-9.722081855,-9.722081855,-9.722081855,-9.722081855,-9.722081855,0,0,0,47.47457088,70.74296166,69.12439337,69.12439337,59.40231151
2021-10-01,61,69.03592118,-6.918001841,-6.918001841,-6.918001841,-6.918001841,-6.918001841,-6.918001841,0,0,0,49.49721475,73.64155154,69.03592118,69.03592118,62.11791934
2021-11-01,69,68.94449992,-3.401413173,-3.401413173,-3.401413173,-3.401413173,-3.401413173,-3.401413173,0,0,0,53.8528423,77.44075787,68.94449992,68.94449992,65.54308675
2021-12-01,72,68.85602774,-2.474490332,-2.474490332,-2.474490332,-2.474490332,-2.474490332,-2.474490332,0,0,0,54.15097406,78.16972782,68.85602774,68.85602774,66.3815374
2022-01-01,72,68.76460648,-1.805571348,-1.805571348,-1.805571348,-1.805571348,-1.805571348,-1.805571348,0,0,0,54.62843394,78.53435975,68.76460648,68.76460648,66.95903513
2022-02-01,73,68.67318522,0.4657264566,0.4657264566,0.4657264566,0.4657264566,0.4657264566,0.4657264566,0,0,0,57.24410983,81.23169588,68.67318522,68.67318522,69.13891168
2022-03-01,75,68.59061118,4.386674604,4.386674604,4.386674604,4.386674604,4.386674604,4.386674604,0,0,0,61.582951,84.59902537,68.59061118,68.59061118,72.97728578
2022-04-01,80,68.49918992,11.04374954,11.04374954,11.04374954,11.04374954,11.04374954,11.04374954,0,0,0,68.28897559,89.63110287,68.49918992,68.49918992,79.54293946
2022-05-01,80,68.41071774,14.48376661,14.48376661,14.48376661,14.48376661,14.48376661,14.48376661,0,0,0,70.60525846,94.37797791,68.41071774,68.41071774,82.89448434
2022-06-01,74,68.31929648,7.695408342,7.695408342,7.695408342,7.695408342,7.695408342,7.695408342,0,0,0,63.73499353,87.41188165,68.31929648,68.31929648,76.01470482
2022-07-01,67,68.23082429,-3.592104866,-3.592104866,-3.592104866,-3.592104866,-3.592104866,-3.592104866,0,0,0,53.620063,76.65264114,68.23082429,68.23082429,64.63871943
2022-08-01,64,68.13940303,-8.326227654,-8.326227654,-8.326227654,-8.326227654,-8.326227654,-8.326227654,0,0,0,48.4838962,71.34228134,68.13940303,68.13940303,59.81317538
2022-09-01,63,68.04798178,-9.925367739,-9.925367739,-9.925367739,-9.925367739,-9.925367739,-9.925367739,0,0,0,46.71423778,70.1573815,68.04798178,68.04798178,58.12261404
2022-10-01,67,67.95950959,-6.636711839,-6.636711839,-6.636711839,-6.636711839,-6.636711839,-6.636711839,0,0,0,50.08921563,72.33560334,67.95950959,67.95950959,61.32279775
2022-11-01,70,67.86808833,-3.568408154,-3.568408154,-3.568408154,-3.568408154,-3.568408154,-3.568408154,0,0,0,52.45381378,75.78978813,67.86808833,67.86808833,64.29968018
2022-12-01,70,67.77961615,-2.241397626,-2.241397626,-2.241397626,-2.241397626,-2.241397626,-2.241397626,0,0,0,53.51475927,77.5506555,67.77961615,67.77961615,65.53821852
2023-01-01,,67.68819489,-1.98942975,-1.98942975,-1.98942975,-1.98942975,-1.98942975,-1.98942975,0,0,0,54.16882715,77.12482537,67.68819489,67.68819489,65.69876514
2023-02-01,,67.59677363,0.3912521095,0.3912521095,0.3912521095,0.3912521095,0.3912521095,0.3912521095,0,0,0,56.69744611,79.56568077,67.59677363,67.59677363,67.98802574
2023-03-01,,67.51419959,4.446836929,4.446836929,4.446836929,4.446836929,4.446836929,4.446836929,0,0,0,60.1517374,84.07215408,67.51147534,67.51557502,71.96103652
2023-04-01,,67.42277833,10.79283785,10.79283785,10.79283785,10.79283785,10.79283785,10.79283785,0,0,0,66.73994394,90.18432406,67.41449926,67.42998104,78.21561618
2023-05-01,,67.33430615,14.54787253,14.54787253,14.54787253,14.54787253,14.54787253,14.54787253,0,0,0,70.50481644,93.29256129,67.31891536,67.35086814,81.88217867
2023-06-01,,67.24288489,8.09976452,8.09976452,8.09976452,8.09976452,8.09976452,8.09976452,0,0,0,64.29585473,87.33640742,67.21627506,67.27178176,75.34264941
2023-07-01,,67.1544127,-3.645463071,-3.645463071,-3.645463071,-3.645463071,-3.645463071,-3.645463071,0,0,0,52.71567669,76.03786846,67.11920918,67.1953205,63.50894963
2023-08-01,,67.06299144,-8.458731923,-8.458731923,-8.458731923,-8.458731923,-8.458731923,-8.458731923,0,0,0,46.9361703,69.50109858,67.01684542,67.11562748,58.60425952
2023-09-01,,66.97157019,-10.12192856,-10.12192856,-10.12192856,-10.12192856,-10.12192856,-10.12192856,0,0,0,45.94378875,68.59633292,66.91215611,67.03933281,56.84964162
2023-10-01,,66.883098,-6.353426372,-6.353426372,-6.353426372,-6.353426372,-6.353426372,-6.353426372,0,0,0,48.55160244,71.70492707,66.80796018,66.96427807,60.52967163
2023-11-01,,66.79167674,-3.736318247,-3.736318247,-3.736318247,-3.736318247,-3.736318247,-3.736318247,0,0,0,51.88307634,75.4519599,66.70151082,66.88636694,63.05535849
2023-12-01,,66.70320456,-2.01040764,-2.01040764,-2.01040764,-2.01040764,-2.01040764,-2.01040764,0,0,0,52.78086793,76.48055141,66.59838163,66.81371613,64.69279692
2024-01-01,,66.6117833,-2.17687439,-2.17687439,-2.17687439,-2.17687439,-2.17687439,-2.17687439,0,0,0,51.72462088,76.03418799,66.49403611,66.73854496,64.43490891
2024-02-01,,66.52036204,0.3188893654,0.3188893654,0.3188893654,0.3188893654,0.3188893654,0.3188893654,0,0,0,54.30080693,78.06825405,66.38368107,66.66352998,66.8392514
2024-03-01,,66.43483893,4.263698321,4.263698321,4.263698321,4.263698321,4.263698321,4.263698321,0,0,0,58.6379524,82.95747198,66.2816979,66.6002328,70.69853725
2024-04-01,,66.34341767,11.5471855,11.5471855,11.5471855,11.5471855,11.5471855,11.5471855,0,0,0,66.10853979,89.35849208,66.17610747,66.53259642,77.89060316
2024-05-01,,66.25494548,14.37134522,14.37134522,14.37134522,14.37134522,14.37134522,14.37134522,0,0,0,69.583633,91.79983839,66.07569232,66.46565,80.6262907
2024-06-01,,66.16352422,6.878776951,6.878776951,6.878776951,6.878776951,6.878776951,6.878776951,0,0,0,61.19814814,84.3338223,65.96680065,66.39173751,73.04230118
2024-07-01,,66.07505204,-3.504930168,-3.504930168,-3.504930168,-3.504930168,-3.504930168,-3.504930168,0,0,0,51.73732536,74.44175383,65.86002499,66.32002324,62.57012187
2024-08-01,,65.98363078,-8.065187147,-8.065187147,-8.065187147,-8.065187147,-8.065187147,-8.065187147,0,0,0,46.15960415,68.99935676,65.74590402,66.25168035,57.91844363
2024-09-01,,65.89220952,-9.51227894,-9.51227894,-9.51227894,-9.51227894,-9.51227894,-9.51227894,0,0,0,44.60104918,68.57665456,65.63592145,66.18334119,56.37993058
2024-10-01,,65.80373734,-7.197014487,-7.197014487,-7.197014487,-7.197014487,-7.197014487,-7.197014487,0,0,0,46.95482807,70.34910292,65.5246526,66.11406556,58.60672285
2024-11-01,,65.71231608,-3.23535196,-3.23535196,-3.23535196,-3.23535196,-3.23535196,-3.23535196,0,0,0,50.72595474,74.16323045,65.41209533,66.05182894,62.47696412
2024-12-01,,65.62384389,-2.709486754,-2.709486754,-2.709486754,-2.709486754,-2.709486754,-2.709486754,0,0,0,51.01108814,75.0659432,65.30056634,65.98577275,62.91435714
2025-01-01,,65.53242263,-1.625450387,-1.625450387,-1.625450387,-1.625450387,-1.625450387,-1.625450387,0,0,0,52.55671405,75.60577756,65.18490058,65.92490147,63.90697225
2025-02-01,,65.44100138,0.5422274739,0.5422274739,0.5422274739,0.5422274739,0.5422274739,0.5422274739,0,0,0,53.65059013,77.87237115,65.06944341,65.86119967,65.98322885
2025-03-01,,65.35842734,4.325610096,4.325610096,4.325610096,4.325610096,4.325610096,4.325610096,0,0,0,57.71493953,81.91054302,64.96211558,65.79983936,69.68403743
2025-04-01,,65.26700608,11.29526262,11.29526262,11.29526262,11.29526262,11.29526262,11.29526262,0,0,0,64.48556556,87.69732862,64.83890137,65.72700255,76.5622687
2025-05-01,,65.17853389,14.42488962,14.42488962,14.42488962,14.42488962,14.42488962,14.42488962,0,0,0,67.82452781,91.31848764,64.72747599,65.66683733,79.60342351
2025-06-01,,65.08711263,7.28829043,7.28829043,7.28829043,7.28829043,7.28829043,7.28829043,0,0,0,60.79460074,83.51215565,64.61069478,65.60401889,72.37540306
2025-07-01,,64.99864045,-3.545225849,-3.545225849,-3.545225849,-3.545225849,-3.545225849,-3.545225849,0,0,0,50.45647626,73.03448747,64.49363079,65.54034337,61.4534146
2025-08-01,,64.90721919,-8.194957338,-8.194957338,-8.194957338,-8.194957338,-8.194957338,-8.194957338,0,0,0,44.81874007,68.11343032,64.38801466,65.47966344,56.71226185
2025-09-01,,64.81579793,-9.722081855,-9.722081855,-9.722081855,-9.722081855,-9.722081855,-9.722081855,0,0,0,43.03895782,66.54423579,64.25946884,65.41992276,55.09371608
2025-10-01,,64.72732575,-6.918001841,-6.918001841,-6.918001841,-6.918001841,-6.918001841,-6.918001841,0,0,0,45.30697166,69.46974131,64.13712183,65.36122255,57.80932391
2025-11-01,,64.63590449,-3.401413173,-3.401413173,-3.401413173,-3.401413173,-3.401413173,-3.401413173,0,0,0,50.51966596,73.39388893,64.01460445,65.30484152,61.23449132
2025-12-01,,64.5474323,-2.474490332,-2.474490332,-2.474490332,-2.474490332,-2.474490332,-2.474490332,0,0,0,51.45342757,74.85516294,63.90258938,65.25566401,62.07294197
2026-01-01,,64.45601104,-1.805571348,-1.805571348,-1.805571348,-1.805571348,-1.805571348,-1.805571348,0,0,0,51.69890163,74.45845438,63.77857155,65.19484727,62.6504397
2026-02-01,,64.36458979,0.4657264566,0.4657264566,0.4657264566,0.4657264566,0.4657264566,0.4657264566,0,0,0,52.88180782,76.22670726,63.66489304,65.13295914,64.83031624
2026-03-01,,64.28201575,4.386674604,4.386674604,4.386674604,4.386674604,4.386674604,4.386674604,0,0,0,57.23464952,80.56345448,63.55453401,65.07543074,68.66869035
2026-04-01,,64.19059449,11.04374954,11.04374954,11.04374954,11.04374954,11.04374954,11.04374954,0,0,0,64.30114614,85.84456548,63.43759519,65.01595943,75.23434403
2026-05-01,,64.1021223,14.48376661,14.48376661,14.48376661,14.48376661,14.48376661,14.48376661,0,0,0,67.65008731,90.61349514,63.32656383,64.96708777,78.58588891
2026-06-01,,64.01070104,7.695408342,7.695408342,7.695408342,7.695408342,7.695408342,7.695408342,0,0,0,59.99688492,83.18312677,63.21192616,64.90336495,71.70610939
2026-07-01,,63.92222886,-3.592104866,-3.592104866,-3.592104866,-3.592104866,-3.592104866,-3.592104866,0,0,0,48.72248134,72.60453542,63.09346489,64.84621461,60.33012399
2026-08-01,,63.8308076,-8.326227654,-8.326227654,-8.326227654,-8.326227654,-8.326227654,-8.326227654,0,0,0,44.27711778,67.54234606,62.9793493,64.79910875,55.50457995
2026-09-01,,63.73938634,-9.925367739,-9.925367739,-9.925367739,-9.925367739,-9.925367739,-9.925367739,0,0,0,42.39434146,65.70444516,62.85456322,64.7525478,53.8140186
2026-10-01,,63.65091416,-6.636711839,-6.636711839,-6.636711839,-6.636711839,-6.636711839,-6.636711839,0,0,0,45.33384579,69.03515402,62.73115358,64.70589301,57.01420232
2026-11-01,,63.5594929,-3.568408154,-3.568408154,-3.568408154,-3.568408154,-3.568408154,-3.568408154,0,0,0,48.52869063,72.41426606,62.6047792,64.64560127,59.99108474
2026-12-01,,63.47102071,-2.241397626,-2.241397626,-2.241397626,-2.241397626,-2.241397626,-2.241397626,0,0,0,50.22332618,72.90431481,62.47530346,64.59389468,61.22962309
2027-01-01,,63.37959945,-1.98942975,-1.98942975,-1.98942975,-1.98942975,-1.98942975,-1.98942975,0,0,0,50.50007463,73.46061627,62.357748,64.53441907,61.3901697
2027-02-01,,63.2881782,0.3912521095,0.3912521095,0.3912521095,0.3912521095,0.3912521095,0.3912521095,0,0,0,51.07222967,74.91757037,62.23371897,64.47557063,63.67943031
2027-03-01,,63.20560416,4.446836929,4.446836929,4.446836929,4.446836929,4.446836929,4.446836929,0,0,0,56.00644876,79.43057419,62.11958204,64.44015651,67.65244109
2027-04-01,,63.1141829,10.79283785,10.79283785,10.79283785,10.79283785,10.79283785,10.79283785,0,0,0,61.9999474,85.94473499,62.01251829,64.38937975,73.90702075
2027-05-01,,63.02571071,14.54787253,14.54787253,14.54787253,14.54787253,14.54787253,14.54787253,0,0,0,66.46956807,89.10924082,61.90417793,64.3205874,77.57358324
2027-06-01,,62.93428945,8.09976452,8.09976452,8.09976452,8.09976452,8.09976452,8.09976452,0,0,0,59.50297851,83.07533457,61.76766776,64.28898001,71.03405397
2027-07-01,,62.84581727,-3.645463071,-3.645463071,-3.645463071,-3.645463071,-3.645463071,-3.645463071,0,0,0,47.93012943,70.53754343,61.64446207,64.24357279,59.2003542
2027-08-01,,62.75439601,-8.458731923,-8.458731923,-8.458731923,-8.458731923,-8.458731923,-8.458731923,0,0,0,43.25443413,65.35214275,61.51865812,64.19051224,54.29566409
2027-09-01,,62.66297475,-10.12192856,-10.12192856,-10.12192856,-10.12192856,-10.12192856,-10.12192856,0,0,0,40.62605466,64.16381227,61.38791483,64.14662054,52.54104619
2027-10-01,,62.57450257,-6.353426372,-6.353426372,-6.353426372,-6.353426372,-6.353426372,-6.353426372,0,0,0,44.38413276,67.58141875,61.2664944,64.10712175,56.22107619
2027-11-01,,62.48308131,-3.736318247,-3.736318247,-3.736318247,-3.736318247,-3.736318247,-3.736318247,0,0,0,46.59673329,70.78442757,61.13801213,64.06083319,58.74676306
2027-12-01,,62.39460912,-2.01040764,-2.01040764,-2.01040764,-2.01040764,-2.01040764,-2.01040764,0,0,0,48.73362084,71.80787982,61.01855678,64.01717764,60.38420148
2028-01-01,,62.30318786,-2.17687439,-2.17687439,-2.17687439,-2.17687439,-2.17687439,-2.17687439,0,0,0,48.28773245,72.73557168,60.89245142,63.95715721,60.12631347
2028-02-01,,62.21176661,0.3188893654,0.3188893654,0.3188893654,0.3188893654,0.3188893654,0.3188893654,0,0,0,51.07933611,74.13826058,60.78052424,63.89560721,62.53065597
2028-03-01,,62.12624349,4.263698321,4.263698321,4.263698321,4.263698321,4.263698321,4.263698321,0,0,0,54.59420976,78.57463839,60.68027104,63.86793387,66.38994181
2028-04-01,,62.03482224,11.5471855,11.5471855,11.5471855,11.5471855,11.5471855,11.5471855,0,0,0,61.75972998,85.38800302,60.5374722,63.82610942,73.58200773
2028-05-01,,61.94635005,14.37134522,14.37134522,14.37134522,14.37134522,14.37134522,14.37134522,0,0,0,64.68636367,88.18664945,60.41110004,63.78170788,76.31769527
2028-06-01,,61.85492879,6.878776951,6.878776951,6.878776951,6.878776951,6.878776951,6.878776951,0,0,0,58.16366735,80.8374918,60.27989204,63.69187836,68.73370574
2028-07-01,,61.76645661,-3.504930168,-3.504930168,-3.504930168,-3.504930168,-3.504930168,-3.504930168,0,0,0,47.28496432,70.32086961,60.15291764,63.65346237,58.26152644
2028-08-01,,61.67503535,-8.065187147,-8.065187147,-8.065187147,-8.065187147,-8.065187147,-8.065187147,0,0,0,41.98730353,65.77018429,60.01643913,63.62061428,53.6098482
2028-09-01,,61.58361409,-9.51227894,-9.51227894,-9.51227894,-9.51227894,-9.51227894,-9.51227894,0,0,0,40.50781861,63.3657683,59.88263677,63.58531344,52.07133515
2028-10-01,,61.4951419,-7.197014487,-7.197014487,-7.197014487,-7.197014487,-7.197014487,-7.197014487,0,0,0,42.73903893,66.61107366,59.74948182,63.55482236,54.29812742
2028-11-01,,61.40372065,-3.23535196,-3.23535196,-3.23535196,-3.23535196,-3.23535196,-3.23535196,0,0,0,46.14929288,70.14151974,59.61528899,63.49990135,58.16836869
2028-12-01,,61.31524846,-2.709486754,-2.709486754,-2.709486754,-2.709486754,-2.709486754,-2.709486754,0,0,0,46.72757029,69.49466948,59.50773957,63.42044318,58.60576171
2029-01-01,,61.2238272,-1.625450387,-1.625450387,-1.625450387,-1.625450387,-1.625450387,-1.625450387,0,0,0,48.11097476,71.37623616,59.39215601,63.37550744,59.59837682
2029-02-01,,61.13240594,0.542227474,0.542227474,0.542227474,0.542227474,0.542227474,0.542227474,0,0,0,49.56375814,73.29412227,59.24719131,63.33940137,61.67463342
2029-03-01,,61.0498319,4.325610096,4.325610096,4.325610096,4.325610096,4.325610096,4.325610096,0,0,0,53.21080951,77.47403214,59.13777793,63.29666467,65.375442
2029-04-01,,60.95841065,11.29526262,11.29526262,11.29526262,11.29526262,11.29526262,11.29526262,0,0,0,59.87279107,83.66627914,59.01507308,63.26767731,72.25367327
2029-05-01,,60.86993846,14.42488962,14.42488962,14.42488962,14.42488962,14.42488962,14.42488962,0,0,0,64.04011871,86.84444564,58.89332462,63.23313476,75.29482808
2029-06-01,,60.7785172,7.28829043,7.28829043,7.28829043,7.28829043,7.28829043,7.28829043,0,0,0,56.13359403,79.64996522,58.75150642,63.18625475,68.06680763
2029-07-01,,60.69004502,-3.545225849,-3.545225849,-3.545225849,-3.545225849,-3.545225849,-3.545225849,0,0,0,46.13607494,68.85776449,58.63015991,63.12850372,57.14481917
2029-08-01,,60.59862376,-8.194957338,-8.194957338,-8.194957338,-8.194957338,-8.194957338,-8.194957338,0,0,0,40.3987285,64.75800529,58.50272777,63.07012179,52.40366642
2029-09-01,,60.5072025,-9.722081855,-9.722081855,-9.722081855,-9.722081855,-9.722081855,-9.722081855,0,0,0,38.76969977,63.25941929,58.36309473,63.01405742,50.78512064
2029-10-01,,60.41873031,-6.918001841,-6.918001841,-6.918001841,-6.918001841,-6.918001841,-6.918001841,0,0,0,41.91319073,65.96175125,58.23904457,62.96246631,53.50072847
2029-11-01,,60.32730906,-3.401413173,-3.401413173,-3.401413173,-3.401413173,-3.401413173,-3.401413173,0,0,0,45.30344555,68.35197833,58.11780581,62.89865617,56.92589588
2029-12-01,,60.23883687,-2.474490332,-2.474490332,-2.474490332,-2.474490332,-2.474490332,-2.474490332,0,0,0,45.4278085,69.14044862,57.98783744,62.83787288,57.76434654
2030-01-01,,60.14741561,-1.805571348,-1.805571348,-1.805571348,-1.805571348,-1.805571348,-1.805571348,0,0,0,47.1914946,71.15073782,57.85266485,62.78062358,58.34184426
2030-02-01,,60.05599435,0.4657264566,0.4657264566,0.4657264566,0.4657264566,0.4657264566,0.4657264566,0,0,0,47.34421794,72.04139738,57.698301,62.72177386,60.52172081
2030-03-01,,59.97342031,4.386674604,4.386674604,4.386674604,4.386674604,4.386674604,4.386674604,0,0,0,51.91384091,76.34128419,57.57949043,62.67931235,64.36009492
2030-04-01,,59.88199906,11.04374954,11.04374954,11.04374954,11.04374954,11.04374954,11.04374954,0,0,0,59.0148504,83.16723064,57.44666978,62.63429526,70.92574859
2030-05-01,,59.79352687,14.48376661,14.48376661,14.48376661,14.48376661,14.48376661,14.48376661,0,0,0,61.2500606,85.71739963,57.30257027,62.60637999,74.27729348
2030-06-01,,59.70210561,7.695408342,7.695408342,7.695408342,7.695408342,7.695408342,7.695408342,0,0,0,54.60784067,79.9165888,57.15845333,62.5992273,67.39751395
2030-07-01,,59.61363343,-3.592104866,-3.592104866,-3.592104866,-3.592104866,-3.592104866,-3.592104866,0,0,0,44.25933296,66.76920051,57.03562616,62.54771243,56.02152856
2030-08-01,,59.52221217,-8.326227654,-8.326227654,-8.326227654,-8.326227654,-8.326227654,-8.326227654,0,0,0,39.61583889,63.61222763,56.94424497,62.52308238,51.19598451
2030-09-01,,59.43079091,-9.925367739,-9.925367739,-9.925367739,-9.925367739,-9.925367739,-9.925367739,0,0,0,37.60262042,61.21288904,56.8074413,62.49719838,49.50542317
2030-10-01,,59.34231872,-6.636711839,-6.636711839,-6.636711839,-6.636711839,-6.636711839,-6.636711839,0,0,0,39.12598936,64.51279636,56.68458473,62.47190392,52.70560689
2030-11-01,,59.25089747,-3.568408154,-3.568408154,-3.568408154,-3.568408154,-3.568408154,-3.568408154,0,0,0,44.31105586,67.32443735,56.54377213,62.42946886,55.68248931
2030-12-01,,59.16242528,-2.241397626,-2.241397626,-2.241397626,-2.241397626,-2.241397626,-2.241397626,0,0,0,44.43771803,68.06123713,56.41550634,62.38962161,56.92102765
2031-01-01,,59.07100402,-1.98942975,-1.98942975,-1.98942975,-1.98942975,-1.98942975,-1.98942975,0,0,0,44.43921816,68.87921641,56.30206797,62.37700038,57.08157427
2031-02-01,,58.97958276,0.3912521095,0.3912521095,0.3912521095,0.3912521095,0.3912521095,0.3912521095,0,0,0,47.71365486,71.88501801,56.14719991,62.36063405,59.37083487
2031-03-01,,58.89700872,4.446836929,4.446836929,4.446836929,4.446836929,4.446836929,4.446836929,0,0,0,51.24083631,76.04161937,56.01090641,62.34348008,63.34384565
2031-04-01,,58.80558747,10.79283785,10.79283785,10.79283785,10.79283785,10.79283785,10.79283785,0,0,0,56.95234094,81.72206218,55.8694326,62.30241658,69.59842531
2031-05-01,,58.71711528,14.54787253,14.54787253,14.54787253,14.54787253,14.54787253,14.54787253,0,0,0,61.21869695,84.82569742,55.72195331,62.24665702,73.26498781
2031-06-01,,58.62569402,8.09976452,8.09976452,8.09976452,8.09976452,8.09976452,8.09976452,0,0,0,54.96625194,78.91822232,55.58534763,62.22200064,66.72545854
2031-07-01,,58.53722184,-3.645463071,-3.645463071,-3.645463071,-3.645463071,-3.645463071,-3.645463071,0,0,0,42.14885797,67.16359544,55.4622081,62.17069544,54.89175877
2031-08-01,,58.44580058,-8.458731923,-8.458731923,-8.458731923,-8.458731923,-8.458731923,-8.458731923,0,0,0,37.72457047,62.69696941,55.28959045,62.12828549,49.98706866
2031-09-01,,58.35437932,-10.12192856,-10.12192856,-10.12192856,-10.12192856,-10.12192856,-10.12192856,0,0,0,35.87045335,59.71384485,55.19608972,62.0844199,48.23245076
2031-10-01,,58.26590713,-6.353426372,-6.353426372,-6.353426372,-6.353426372,-6.353426372,-6.353426372,0,0,0,39.72659759,63.74686861,55.09323938,62.05922993,51.91248076
2031-11-01,,58.17448588,-3.736318247,-3.736318247,-3.736318247,-3.736318247,-3.736318247,-3.736318247,0,0,0,42.00562525,65.87214448,54.94497918,62.0332003,54.43816763
2031-12-01,,58.08601369,-2.01040764,-2.01040764,-2.01040764,-2.01040764,-2.01040764,-2.01040764,0,0,0,45.55015293,68.39091423,54.80123146,62.0059991,56.07560605
2032-01-01,,57.99459243,-2.17687439,-2.17687439,-2.17687439,-2.17687439,-2.17687439,-2.17687439,0,0,0,43.04233646,67.85266228,54.655237,61.97944308,55.81771804
2032-02-01,,57.90317117,0.3188893654,0.3188893654,0.3188893654,0.3188893654,0.3188893654,0.3188893654,0,0,0,45.76879251,70.74419621,54.51657352,61.97713713,58.22206054
2032-03-01,,57.81764806,4.263698321,4.263698321,4.263698321,4.263698321,4.263698321,4.263698321,0,0,0,50.29590341,74.87059906,54.38886589,61.95557633,62.08134638
2032-04-01,,57.7262268,11.5471855,11.5471855,11.5471855,11.5471855,11.5471855,11.5471855,0,0,0,57.08905265,81.96080696,54.23028335,61.90883692,69.2734123
2032-05-01,,57.63775462,14.37134522,14.37134522,14.37134522,14.37134522,14.37134522,14.37134522,0,0,0,60.12234278,83.95480786,54.05885707,61.86636735,72.00909984
2032-06-01,,57.54633336,6.878776951,6.878776951,6.878776951,6.878776951,6.878776951,6.878776951,0,0,0,52.2599427,75.94294111,53.91062585,61.81414592,64.42511031
2032-07-01,,57.45786117,-3.504930168,-3.504930168,-3.504930168,-3.504930168,-3.504930168,-3.504930168,0,0,0,41.10712971,65.48260956,53.7846769,61.76913284,53.95293101
2032-08-01,,57.36643992,-8.065187147,-8.065187147,-8.065187147,-8.065187147,-8.065187147,-8.065187147,0,0,0,36.84937241,60.94840279,53.63141609,61.7277513,49.30125277
2032-09-01,,57.27501866,-9.51227894,-9.51227894,-9.51227894,-9.51227894,-9.51227894,-9.51227894,0,0,0,36.20305406,60.87155709,53.4796793,61.67557104,47.76273972
2032-10-01,,57.18654647,-7.197014487,-7.197014487,-7.197014487,-7.197014487,-7.197014487,-7.197014487,0,0,0,36.4425822,62.16709227,53.32803685,61.62520159,49.98953198
2032-11-01,,57.09512521,-3.23535196,-3.23535196,-3.23535196,-3.23535196,-3.23535196,-3.23535196,0,0,0,42.03085185,66.70380799,53.18936222,61.58554604,53.85977325
2032-12-01,,57.00665303,-2.709486754,-2.709486754,-2.709486754,-2.709486754,-2.709486754,-2.709486754,0,0,0,42.457403,65.97339116,53.04953973,61.55586455,54.29716627
2033-01-01,,56.91523177,-1.625450387,-1.625450387,-1.625450387,-1.625450387,-1.625450387,-1.625450387,0,0,0,42.43560545,68.48781811,52.90666861,61.52660473,55.28978138
2033-02-01,,56.82381051,0.542227474,0.542227474,0.542227474,0.542227474,0.542227474,0.542227474,0,0,0,44.69220281,70.68364661,52.75023396,61.49744388,57.36603798
2033-03-01,,56.74123647,4.325610096,4.325610096,4.325610096,4.325610096,4.325610096,4.325610096,0,0,0,48.99712989,74.03511614,52.61909422,61.4636342,61.06684657
2033-04-01,,56.64981521,11.29526262,11.29526262,11.29526262,11.29526262,11.29526262,11.29526262,0,0,0,56.17804703,81.44916266,52.43373482,61.41511285,67.94507783
2033-05-01,,56.56134303,14.42488962,14.42488962,14.42488962,14.42488962,14.42488962,14.42488962,0,0,0,58.45576426,83.97024129,52.31789307,61.36883802,70.98623265
2033-06-01,,56.46992177,7.28829043,7.28829043,7.28829043,7.28829043,7.28829043,7.28829043,0,0,0,52.08185194,77.03486974,52.18913836,61.32191172,63.7582122
2033-07-01,,56.38144958,-3.545225849,-3.545225849,-3.545225849,-3.545225849,-3.545225849,-3.545225849,0,0,0,40.2352763,66.56544023,52.04831162,61.28206877,52.83622373
2033-08-01,,56.29002832,-8.194957338,-8.194957338,-8.194957338,-8.194957338,-8.194957338,-8.194957338,0,0,0,35.86311888,60.96043429,51.93881796,61.24335021,48.09507099
2033-09-01,,56.19860707,-9.722081855,-9.722081855,-9.722081855,-9.722081855,-9.722081855,-9.722081855,0,0,0,33.85989289,60.24043884,51.8276615,61.1958268,46.47652521
2033-10-01,,56.11013488,-6.918001841,-6.918001841,-6.918001841,-6.918001841,-6.918001841,-6.918001841,0,0,0,36.7323078,62.13264976,51.71235949,61.14947048,49.19213304
2033-11-01,,56.01871362,-3.401413173,-3.401413173,-3.401413173,-3.401413173,-3.401413173,-3.401413173,0,0,0,39.86480928,65.56892399,51.57787994,61.12159936,52.61730045
2033-12-01,,55.93024144,-2.474490332,-2.474490332,-2.474490332,-2.474490332,-2.474490332,-2.474490332,0,0,0,40.13912316,66.27484552,51.43314218,61.05521264,53.45575111
2034-01-01,,55.83882018,-1.805571348,-1.805571348,-1.805571348,-1.805571348,-1.805571348,-1.805571348,0,0,0,42.27106726,66.4352047,51.29069333,61.00873496,54.03324883
2034-02-01,,55.74739892,0.4657264566,0.4657264566,0.4657264566,0.4657264566,0.4657264566,0.4657264566,0,0,0,43.81545427,68.90686212,51.15210195,60.98466636,56.21312538
2034-03-01,,55.66482488,4.386674604,4.386674604,4.386674604,4.386674604,4.386674604,4.386674604,0,0,0,47.13472597,73.04888534,51.03258827,60.94232029,60.05149949
2034-04-01,,55.57340362,11.04374954,11.04374954,11.04374954,11.04374954,11.04374954,11.04374954,0,0,0,53.79953128,79.86577163,50.86226183,60.89774393,66.61715316
2034-05-01,,55.48493144,14.48376661,14.48376661,14.48376661,14.48376661,14.48376661,14.48376661,0,0,0,57.14478625,83.23468363,50.73538134,60.86437277,69.96869805
2034-06-01,,55.39351018,7.695408342,7.695408342,7.695408342,7.695408342,7.695408342,7.695408342,0,0,0,50.32856998,76.33565074,50.55848418,60.81452926,63.08891852
2034-07-01,,55.30503799,-3.592104866,-3.592104866,-3.592104866,-3.592104866,-3.592104866,-3.592104866,0,0,0,39.37864866,64.81638289,50.41044093,60.75167505,51.71293313
2034-08-01,,55.21361673,-8.326227654,-8.326227654,-8.326227654,-8.326227654,-8.326227654,-8.326227654,0,0,0,33.36738477,59.94194977,50.24592267,60.71210549,46.88738908
2034-09-01,,55.12219548,-9.925367739,-9.925367739,-9.925367739,-9.925367739,-9.925367739,-9.925367739,0,0,0,32.30701327,58.58848232,50.04923374,60.66700181,45.19682774
2034-10-01,,55.03372329,-6.636711839,-6.636711839,-6.636711839,-6.636711839,-6.636711839,-6.636711839,0,0,0,35.50753318,61.11838965,49.91402233,60.63797384,48.39701145
2034-11-01,,54.94230203,-3.568408154,-3.568408154,-3.568408154,-3.568408154,-3.568408154,-3.568408154,0,0,0,38.83123735,62.98121849,49.73891337,60.60175927,51.37389388
2034-12-01,,54.85382985,-2.241397626,-2.241397626,-2.241397626,-2.241397626,-2.241397626,-2.241397626,0,0,0,39.17606089,64.92446678,49.60650527,60.57282623,52.61243222
2035-01-01,,54.76240859,-1.98942975,-1.98942975,-1.98942975,-1.98942975,-1.98942975,-1.98942975,0,0,0,39.93908674,64.69286352,49.48538586,60.55980786,52.77297884
2035-02-01,,54.67098733,0.3912521095,0.3912521095,0.3912521095,0.3912521095,0.3912521095,0.3912521095,0,0,0,41.82879704,67.02344501,49.34258997,60.51515758,55.06223944
2035-03-01,,54.58841329,4.446836929,4.446836929,4.446836929,4.446836929,4.446836929,4.446836929,0,0,0,46.07865348,72.71815756,49.2324454,60.52168168,59.03525022
2035-04-01,,54.49699203,10.79283785,10.79283785,10.79283785,10.79283785,10.79283785,10.79283785,0,0,0,51.9304064,77.54642629,49.08707669,60.51557561,65.28982988
2035-05-01,,54.40851985,14.54787253,14.54787253,14.54787253,14.54787253,14.54787253,14.54787253,0,0,0,55.71580358,81.8454871,48.94400874,60.48430748,68.95639237
2035-06-01,,54.31709859,8.09976452,8.09976452,8.09976452,8.09976452,8.09976452,8.09976452,0,0,0,48.85030017,75.42857041,48.79617186,60.45869733,62.41686311
2035-07-01,,54.2286264,-3.645463071,-3.645463071,-3.645463071,-3.645463071,-3.645463071,-3.645463071,0,0,0,37.30392704,64.01797026,48.65311328,60.44414253,50.58316333
2035-08-01,,54.13720514,-8.458731923,-8.458731923,-8.458731923,-8.458731923,-8.458731923,-8.458731923,0,0,0,30.7536671,58.49574839,48.51532898,60.4157551,45.67847322
2035-09-01,,54.04578389,-10.12192856,-10.12192856,-10.12192856,-10.12192856,-10.12192856,-10.12192856,0,0,0,30.28165092,57.41190035,48.36379254,60.35432845,43.92385533
2035-10-01,,53.9573117,-6.353426372,-6.353426372,-6.353426372,-6.353426372,-6.353426372,-6.353426372,0,0,0,34.41802723,60.96815047,48.23106656,60.32219272,47.60388533
2035-11-01,,53.86589044,-3.736318247,-3.736318247,-3.736318247,-3.736318247,-3.736318247,-3.736318247,0,0,0,35.77027389,63.67066751,48.06513688,60.29904484,50.1295722
2035-12-01,,53.77741826,-2.01040764,-2.01040764,-2.01040764,-2.01040764,-2.01040764,-2.01040764,0,0,0,39.04059799,64.66962558,47.90182847,60.30566502,51.76701062
2036-01-01,,53.685997,-2.17687439,-2.17687439,-2.17687439,-2.17687439,-2.17687439,-2.17687439,0,0,0,38.29151114,66.14273888,47.73659887,60.27761841,51.50912261
2036-02-01,,53.59457574,0.3188893654,0.3188893654,0.3188893654,0.3188893654,0.3188893654,0.3188893654,0,0,0,40.95474056,67.27707679,47.58914215,60.25128928,53.91346511
2036-03-01,,53.50905263,4.263698321,4.263698321,4.263698321,4.263698321,4.263698321,4.263698321,0,0,0,44.61224725,71.4560121,47.41556929,60.22698604,57.77275095
2036-04-01,,53.41763137,11.5471855,11.5471855,11.5471855,11.5471855,11.5471855,11.5471855,0,0,0,51.22242509,79.55927901,47.24474805,60.23034176,64.96481687
2036-05-01,,53.32915918,14.37134522,14.37134522,14.37134522,14.37134522,14.37134522,14.37134522,0,0,0,54.65685248,80.96662976,47.09916506,60.20309437,67.7005044
2036-06-01,,53.23773793,6.878776951,6.878776951,6.878776951,6.878776951,6.878776951,6.878776951,0,0,0,48.59715236,73.94474769,46.9482772,60.21300696,60.11651488
2036-07-01,,53.14926574,-3.504930168,-3.504930168,-3.504930168,-3.504930168,-3.504930168,-3.504930168,0,0,0,35.66282233,63.32439452,46.80075359,60.18659303,49.64433557
2036-08-01,,53.05784448,-8.065187147,-8.065187147,-8.065187147,-8.065187147,-8.065187147,-8.065187147,0,0,0,31.53485398,58.76083203,46.64692798,60.15945084,44.99265734
2036-09-01,,52.96642322,-9.51227894,-9.51227894,-9.51227894,-9.51227894,-9.51227894,-9.51227894,0,0,0,29.03310148,56.78083631,46.50452749,60.1124341,43.45414428
2036-10-01,,52.87795104,-7.197014487,-7.197014487,-7.197014487,-7.197014487,-7.197014487,-7.197014487,0,0,0,31.82512445,59.76838178,46.30996064,60.07523191,45.68093655
2036-11-01,,52.78652978,-3.23535196,-3.23535196,-3.23535196,-3.23535196,-3.23535196,-3.23535196,0,0,0,36.56395749,63.57086493,46.14448407,60.05081471,49.55117782
2036-12-01,,52.69805759,-2.709486754,-2.709486754,-2.709486754,-2.709486754,-2.709486754,-2.709486754,0,0,0,35.91868249,64.22021572,46.02448918,60.02694277,49.98857084
2037-01-01,,52.60663634,-1.625450387,-1.625450387,-1.625450387,-1.625450387,-1.625450387,-1.625450387,0,0,0,37.94549185,64.10055159,45.88759628,60.00196569,50.98118595
2037-02-01,,52.51521508,0.542227474,0.542227474,0.542227474,0.542227474,0.542227474,0.542227474,0,0,0,39.01708975,66.40989844,45.69552198,59.97449288,53.05744255
2037-03-01,,52.43264104,4.325610096,4.325610096,4.325610096,4.325610096,4.325610096,4.325610096,0,0,0,42.87310895,70.66989043,45.5665321,59.93886432,56.75825113
2037-04-01,,52.34121978,11.29526262,11.29526262,11.29526262,11.29526262,11.29526262,11.29526262,0,0,0,49.90676349,77.27336562,45.42759547,59.92724804,63.6364824
2037-05-01,,52.25274759,14.42488962,14.42488962,14.42488962,14.42488962,14.42488962,14.42488962,0,0,0,52.96135622,79.74216119,45.29539723,59.86210886,66.67763721
2037-06-01,,52.16132634,7.28829043,7.28829043,7.28829043,7.28829043,7.28829043,7.28829043,0,0,0,46.29638,75.46,45.15766297,59.79733923,59.44961677
2037-07-01,,52.07285415,-3.545225849,-3.545225849,-3.545225849,-3.545225849,-3.545225849,-3.545225849,0,0,0,34.78061881,61.74854165,45.01449084,59.73806685,48.5276283
2037-08-01,,51.98143289,-8.194957338,-8.194957338,-8.194957338,-8.194957338,-8.194957338,-8.194957338,0,0,0,30.42245598,57.67387053,44.86745946,59.68895132,43.78647555
2037-09-01,,51.89001163,-9.722081855,-9.722081855,-9.722081855,-9.722081855,-9.722081855,-9.722081855,0,0,0,28.64267697,56.42481847,44.6889032,59.66519489,42.16792978
2037-10-01,,51.80153945,-6.918001841,-6.918001841,-6.918001841,-6.918001841,-6.918001841,-6.918001841,0,0,0,30.84898802,59.04069466,44.51638444,59.64238822,44.88353761
2037-11-01,,51.71011819,-3.401413173,-3.401413173,-3.401413173,-3.401413173,-3.401413173,-3.401413173,0,0,0,34.87265255,62.33857259,44.34244982,59.6258805,48.30870502
2037-12-01,,51.621646,-2.474490332,-2.474490332,-2.474490332,-2.474490332,-2.474490332,-2.474490332,0,0,0,34.60718692,64.21695875,44.20078199,59.60699239,49.14715567
2038-01-01,,51.53022475,-1.805571348,-1.805571348,-1.805571348,-1.805571348,-1.805571348,-1.805571348,0,0,0,36.63081197,64.13341883,44.02387372,59.58811168,49.7246534
2038-02-01,,51.43880349,0.4657264566,0.4657264566,0.4657264566,0.4657264566,0.4657264566,0.4657264566,0,0,0,38.44564908,67.89518562,43.87243281,59.53093206,51.90452994
2038-03-01,,51.35622945,4.386674604,4.386674604,4.386674604,4.386674604,4.386674604,4.386674604,0,0,0,42.0577006,70.57102261,43.731121,59.50151045,55.74290405
2038-04-01,,51.26480819,11.04374954,11.04374954,11.04374954,11.04374954,11.04374954,11.04374954,0,0,0,48.4711422,75.955153,43.58607251,59.48857302,62.30855773
2038-05-01,,51.176336,14.48376661,14.48376661,14.48376661,14.48376661,14.48376661,14.48376661,0,0,0,51.60517549,80.40302347,43.46196575,59.47530933,65.66010261
2038-06-01,,51.08491475,7.695408342,7.695408342,7.695408342,7.695408342,7.695408342,7.695408342,0,0,0,44.28607913,72.52393594,43.27233199,59.46061894,58.78032309
2038-07-01,,50.99644256,-3.592104866,-3.592104866,-3.592104866,-3.592104866,-3.592104866,-3.592104866,0,0,0,32.11444112,62.29710572,43.1017147,59.45006414,47.40433769
2038-08-01,,50.9050213,-8.326227654,-8.326227654,-8.326227654,-8.326227654,-8.326227654,-8.326227654,0,0,0,28.21226229,57.87769714,42.9529935,59.4353749,42.57879365
2038-09-01,,50.81360004,-9.925367739,-9.925367739,-9.925367739,-9.925367739,-9.925367739,-9.925367739,0,0,0,26.88051479,54.39123747,42.81023345,59.4210039,40.8882323
2038-10-01,,50.72512786,-6.636711839,-6.636711839,-6.636711839,-6.636711839,-6.636711839,-6.636711839,0,0,0,29.57262153,59.58445898,42.68115511,59.41974486,44.08841602
2038-11-01,,50.6337066,-3.568408154,-3.568408154,-3.568408154,-3.568408154,-3.568408154,-3.568408154,0,0,0,32.31633357,62.6894306,42.52320875,59.39455183,47.06529845
2038-12-01,,50.54523441,-2.241397626,-2.241397626,-2.241397626,-2.241397626,-2.241397626,-2.241397626,0,0,0,33.47168346,63.7186607,42.37345657,59.37687892,48.30383679