ds,trend,additive_terms,additive_terms_lower,additive_terms_upper,yearly,yearly_lower,yearly_upper,multiplicative_terms,multiplicative_terms_lower,multiplicative_terms_upper,yhat_lower,yhat_upper,trend_lower,trend_upper,yhat
2000-02-01,7.411845167,13.42936003,13.42936003,13.42936003,13.42936003,13.42936003,13.42936003,0,0,0,14.13411619,27.46769359,7.411845167,7.411845167,20.8412052
2000-03-01,7.39733332,5.690411564,5.690411564,5.690411564,5.690411564,5.690411564,5.690411564,0,0,0,6.11385522,19.4957869,7.39733332,7.39733332,13.08774488
2000-04-01,7.381820656,-2.130088422,-2.130088422,-2.130088422,-2.130088422,-2.130088422,-2.130088422,0,0,0,-1.049754071,12.0831546,7.381820656,7.381820656,5.251732233
2000-05-01,7.3668084,-5.008916801,-5.008916801,-5.008916801,-5.008916801,-5.008916801,-5.008916801,0,0,0,-4.454293389,8.962009916,7.3668084,7.3668084,2.357891599
2000-06-01,7.351295736,-5.449716492,-5.449716492,-5.449716492,-5.449716492,-5.449716492,-5.449716492,0,0,0,-4.758365511,8.370761647,7.351295736,7.351295736,1.901579243
2000-07-01,7.33628348,-5.318255546,-5.318255546,-5.318255546,-5.318255546,-5.318255546,-5.318255546,0,0,0,-4.815533317,8.731187927,7.33628348,7.33628348,2.018027934
2000-08-01,7.320770816,-5.231376394,-5.231376394,-5.231376394,-5.231376394,-5.231376394,-5.231376394,0,0,0,-4.547607335,8.941757587,7.320770816,7.320770816,2.089394422
2000-09-01,7.305258152,-5.12904216,-5.12904216,-5.12904216,-5.12904216,-5.12904216,-5.12904216,0,0,0,-4.43673543,8.864162117,7.305258152,7.305258152,2.176215992
2000-10-01,7.290245897,-4.683417845,-4.683417845,-4.683417845,-4.683417845,-4.683417845,-4.683417845,0,0,0,-4.310228404,9.427940637,7.290245897,7.290245897,2.606828052
2000-11-01,7.274733233,-2.881926772,-2.881926772,-2.881926772,-2.881926772,-2.881926772,-2.881926772,0,0,0,-2.204626901,11.19894895,7.274733233,7.274733233,4.392806461
2000-12-01,7.259720977,4.12430997,4.12430997,4.12430997,4.12430997,4.12430997,4.12430997,0,0,0,4.886845998,17.48554509,7.259720977,7.259720977,11.38403095
2001-01-01,7.244208312,12.78730658,12.78730658,12.78730658,12.78730658,12.78730658,12.78730658,0,0,0,13.28599112,26.31718376,7.244208312,7.244208312,20.03151489
2001-02-01,7.228695648,13.339396,13.339396,13.339396,13.339396,13.339396,13.339396,0,0,0,14.02307429,27.03040075,7.228695648,7.228695648,20.56809165
2001-03-01,7.214684209,5.610837256,5.610837256,5.610837256,5.610837256,5.610837256,5.610837256,0,0,0,5.683451767,18.9195636,7.214684209,7.214684209,12.82552147
2001-04-01,7.199171545,-2.129844477,-2.129844477,-2.129844477,-2.129844477,-2.129844477,-2.129844477,0,0,0,-1.731776601,11.62902875,7.199171545,7.199171545,5.069327068
2001-05-01,7.184159289,-4.919516399,-4.919516399,-4.919516399,-4.919516399,-4.919516399,-4.919516399,0,0,0,-3.949556194,9.035524875,7.184159289,7.184159289,2.26464289
2001-06-01,7.168646625,-5.343021748,-5.343021748,-5.343021748,-5.343021748,-5.343021748,-5.343021748,0,0,0,-4.880657267,7.967014461,7.168646625,7.168646625,1.825624876
2001-07-01,7.153634369,-5.298930641,-5.298930641,-5.298930641,-5.298930641,-5.298930641,-5.298930641,0,0,0,-4.436287941,8.832117376,7.153634369,7.153634369,1.854703728
2001-08-01,7.138121704,-5.259739893,-5.259739893,-5.259739893,-5.259739893,-5.259739893,-5.259739893,0,0,0,-4.21700445,8.799617635,7.138121704,7.138121704,1.878381811
2001-09-01,7.122609041,-5.196242927,-5.196242927,-5.196242927,-5.196242927,-5.196242927,-5.196242927,0,0,0,-4.454615557,8.523040782,7.122609041,7.122609041,1.926366114
2001-10-01,7.107596786,-4.790901642,-4.790901642,-4.790901642,-4.790901642,-4.790901642,-4.790901642,0,0,0,-3.784630639,9.035310199,7.107596786,7.107596786,2.316695144
2001-11-01,7.092084123,-2.918796479,-2.918796479,-2.918796479,-2.918796479,-2.918796479,-2.918796479,0,0,0,-2.326777678,11.03450958,7.092084123,7.092084123,4.173287644
2001-12-01,7.077071868,4.207735009,4.207735009,4.207735009,4.207735009,4.207735009,4.207735009,0,0,0,4.735285878,17.65543079,7.077071868,7.077071868,11.28480688
2002-01-01,7.061559204,12.8056799,12.8056799,12.8056799,12.8056799,12.8056799,12.8056799,0,0,0,13.28510939,26.57252069,7.061559204,7.061559204,19.86723911
2002-02-01,7.046046541,13.37422507,13.37422507,13.37422507,13.37422507,13.37422507,13.37422507,0,0,0,13.34233307,27.03373751,7.046046541,7.046046541,20.42027162
2002-03-01,7.032035103,5.531688973,5.531688973,5.531688973,5.531688973,5.531688973,5.531688973,0,0,0,5.970630155,18.99082533,7.032035103,7.032035103,12.56372408
2002-04-01,7.01652244,-2.12509269,-2.12509269,-2.12509269,-2.12509269,-2.12509269,-2.12509269,0,0,0,-1.992381928,11.97326591,7.01652244,7.01652244,4.891429749
2002-05-01,7.001510186,-4.826999672,-4.826999672,-4.826999672,-4.826999672,-4.826999672,-4.826999672,0,0,0,-4.742609955,8.542260663,7.001510186,7.001510186,2.174510514
2002-06-01,6.985997523,-5.236895318,-5.236895318,-5.236895318,-5.236895318,-5.236895318,-5.236895318,0,0,0,-4.974128566,8.447252597,6.985997523,6.985997523,1.749102205
2002-07-01,6.970985269,-5.282552786,-5.282552786,-5.282552786,-5.282552786,-5.282552786,-5.282552786,0,0,0,-4.725363878,8.186992436,6.970985269,6.970985269,1.688432483
2002-08-01,6.955472606,-5.290681684,-5.290681684,-5.290681684,-5.290681684,-5.290681684,-5.290681684,0,0,0,-5.370584816,8.291368735,6.955472606,6.955472606,1.664790923
2002-09-01,6.939959944,-5.264660097,-5.264660097,-5.264660097,-5.264660097,-5.264660097,-5.264660097,0,0,0,-4.726733591,8.193918984,6.939959944,6.939959944,1.675299846
2002-10-01,6.92494769,-4.896159278,-4.896159278,-4.896159278,-4.896159278,-4.896159278,-4.896159278,0,0,0,-4.754954792,8.18350724,6.92494769,6.92494769,2.028788412
2002-11-01,6.909435027,-2.950660732,-2.950660732,-2.950660732,-2.950660732,-2.950660732,-2.950660732,0,0,0,-2.968177904,10.53546722,6.909435027,6.909435027,3.958774295
2002-12-01,6.894422773,4.292235043,4.292235043,4.292235043,4.292235043,4.292235043,4.292235043,0,0,0,4.877921184,18.00677369,6.894422773,6.894422773,11.18665782
2003-01-01,6.87891011,12.82017012,12.82017012,12.82017012,12.82017012,12.82017012,12.82017012,0,0,0,13.32536415,26.51683163,6.87891011,6.87891011,19.69908023
2003-02-01,6.863397448,13.40420475,13.40420475,13.40420475,13.40420475,13.40420475,13.40420475,0,0,0,13.42455385,26.90230266,6.863397448,6.863397448,20.26760219
2003-03-01,6.849386012,5.453177622,5.453177622,5.453177622,5.453177622,5.453177622,5.453177622,0,0,0,5.323199524,19.29099206,6.849386012,6.849386012,12.30256363
2003-04-01,6.83387335,-2.115759184,-2.115759184,-2.115759184,-2.115759184,-2.115759184,-2.115759184,0,0,0,-1.981970851,11.77419328,6.83387335,6.83387335,4.718114166
2003-05-01,6.818861096,-4.731490813,-4.731490813,-4.731490813,-4.731490813,-4.731490813,-4.731490813,0,0,0,-4.801858253,8.955161015,6.818861096,6.818861096,2.087370283
2003-06-01,6.803348434,-5.131501007,-5.131501007,-5.131501007,-5.131501007,-5.131501007,-5.131501007,0,0,0,-5.078500001,7.95648638,6.803348434,6.803348434,1.671847427
2003-07-01,6.788336181,-5.26916433,-5.26916433,-5.26916433,-5.26916433,-5.26916433,-5.26916433,0,0,0,-5.062550367,8.187949184,6.788336181,6.788336181,1.519171851
2003-08-01,6.772823519,-5.324146696,-5.324146696,-5.324146696,-5.324146696,-5.324146696,-5.324146696,0,0,0,-5.127323767,7.738391324,6.772823519,6.772823519,1.448676823
2003-09-01,6.757310857,-5.334168331,-5.334168331,-5.334168331,-5.334168331,-5.334168331,-5.334168331,0,0,0,-5.631172312,7.817122752,6.757310857,6.757310857,1.423142526
2003-10-01,6.742298603,-4.999053849,-4.999053849,-4.999053849,-4.999053849,-4.999053849,-4.999053849,0,0,0,-4.651752527,8.915526454,6.742298603,6.742298603,1.743244754
2003-11-01,6.726785943,-2.977540356,-2.977540356,-2.977540356,-2.977540356,-2.977540356,-2.977540356,0,0,0,-3.129216949,10.5789579,6.726785943,6.726785943,3.749245587
2003-12-01,6.711773691,4.377595178,4.377595178,4.377595178,4.377595178,4.377595178,4.377595178,0,0,0,4.19966826,17.66446017,6.711773691,6.711773691,11.08936887
2004-01-01,6.696261031,12.83066148,12.83066148,12.83066148,12.83066148,12.83066148,12.83066148,0,0,0,12.86743592,26.62630868,6.696261031,6.696261031,19.52692251
2004-02-01,6.680748371,13.42936003,13.42936003,13.42936003,13.42936003,13.42936003,13.42936003,0,0,0,13.07472607,26.12402854,6.680748371,6.680748371,20.1101084
2004-03-01,6.666236528,5.690411564,5.690411564,5.690411564,5.690411564,5.690411564,5.690411564,0,0,0,5.99213244,19.42163245,6.666236528,6.666236528,12.35664809
2004-04-01,6.650723867,-2.130088422,-2.130088422,-2.130088422,-2.130088422,-2.130088422,-2.130088422,0,0,0,-2.293990469,10.55078246,6.650723867,6.650723867,4.520635445
2004-05-01,6.635711616,-5.008916801,-5.008916801,-5.008916801,-5.008916801,-5.008916801,-5.008916801,0,0,0,-5.356103655,8.3128153,6.635711616,6.635711616,1.626794815
2004-06-01,6.620198955,-5.449716492,-5.449716492,-5.449716492,-5.449716492,-5.449716492,-5.449716492,0,0,0,-6.026904939,7.991223025,6.620198955,6.620198955,1.170482463
2004-07-01,6.605186704,-5.318255546,-5.318255546,-5.318255546,-5.318255546,-5.318255546,-5.318255546,0,0,0,-5.541871245,7.596411908,6.605186704,6.605186704,1.286931158
2004-08-01,6.589674043,-5.231376394,-5.231376394,-5.231376394,-5.231376394,-5.231376394,-5.231376394,0,0,0,-5.213970984,8.016266384,6.589674043,6.589674043,1.358297649
2004-09-01,6.574161383,-5.12904216,-5.12904216,-5.12904216,-5.12904216,-5.12904216,-5.12904216,0,0,0,-4.883032903,8.388442974,6.574161383,6.574161383,1.445119223
2004-10-01,6.559149131,-4.683417845,-4.683417845,-4.683417845,-4.683417845,-4.683417845,-4.683417845,0,0,0,-5.024168004,8.531406961,6.559149131,6.559149131,1.875731286
2004-11-01,6.54363647,-2.881926772,-2.881926772,-2.881926772,-2.881926772,-2.881926772,-2.881926772,0,0,0,-3.589017303,10.13032067,6.54363647,6.54363647,3.661709698
2004-12-01,6.528624218,4.12430997,4.12430997,4.12430997,4.12430997,4.12430997,4.12430997,0,0,0,4.25258512,17.42642582,6.528624218,6.528624218,10.65293419
2005-01-01,6.513111558,12.78730658,12.78730658,12.78730658,12.78730658,12.78730658,12.78730658,0,0,0,12.24505855,26.00819104,6.513111558,6.513111558,19.30041813
2005-02-01,6.497598898,13.339396,13.339396,13.339396,13.339396,13.339396,13.339396,0,0,0,12.94732006,26.53688158,6.497598898,6.497598898,19.8369949
2005-03-01,6.483587463,5.610837256,5.610837256,5.610837256,5.610837256,5.610837256,5.610837256,0,0,0,5.342704667,18.43051981,6.483587463,6.483587463,12.09442472
2005-04-01,6.468074764,-2.129844477,-2.129844477,-2.129844477,-2.129844477,-2.129844477,-2.129844477,0,0,0,-2.478012926,11.16176313,6.468074764,6.468074764,4.338230288
2005-05-01,6.453062476,-4.919516399,-4.919516399,-4.919516399,-4.919516399,-4.919516399,-4.919516399,0,0,0,-5.195053733,8.612779367,6.453062476,6.453062476,1.533546077
2005-06-01,6.437549777,-5.343021748,-5.343021748,-5.343021748,-5.343021748,-5.343021748,-5.343021748,0,0,0,-5.013466201,7.962564651,6.437549777,6.437549777,1.094528029
2005-07-01,6.422537489,-5.298930641,-5.298930641,-5.298930641,-5.298930641,-5.298930641,-5.298930641,0,0,0,-5.400600609,7.545212145,6.422537489,6.422537489,1.123606848
2005-08-01,6.40702479,-5.259739893,-5.259739893,-5.259739893,-5.259739893,-5.259739893,-5.259739893,0,0,0,-5.542432018,8.22904526,6.40702479,6.40702479,1.147284897
2005-09-01,6.391512092,-5.196242927,-5.196242927,-5.196242927,-5.196242927,-5.196242927,-5.196242927,0,0,0,-5.824571568,7.743619077,6.391512092,6.391512092,1.195269165
2005-10-01,6.376499803,-4.790901642,-4.790901642,-4.790901642,-4.790901642,-4.790901642,-4.790901642,0,0,0,-4.976799288,8.198213497,6.376499803,6.376499803,1.585598161
2005-11-01,6.360987105,-2.918796479,-2.918796479,-2.918796479,-2.918796479,-2.918796479,-2.918796479,0,0,0,-3.116944697,10.20016601,6.360987105,6.360987105,3.442190626
2005-12-01,6.345974816,4.207735009,4.207735009,4.207735009,4.207735009,4.207735009,4.207735009,0,0,0,3.80847376,17.26283459,6.345974816,6.345974816,10.55370982
2006-01-01,6.330462115,12.8056799,12.8056799,12.8056799,12.8056799,12.8056799,12.8056799,0,0,0,12.83115898,25.18090045,6.330462115,6.330462115,19.13614202
2006-02-01,6.314949413,13.37422507,13.37422507,13.37422507,13.37422507,13.37422507,13.37422507,0,0,0,12.90373795,26.0316319,6.314949413,6.314949413,19.68917449
2006-03-01,6.30093794,5.531688973,5.531688973,5.531688973,5.531688973,5.531688973,5.531688973,0,0,0,5.252597813,18.35173958,6.30093794,6.30093794,11.83262691
2006-04-01,6.285425238,-2.12509269,-2.12509269,-2.12509269,-2.12509269,-2.12509269,-2.12509269,0,0,0,-2.28402016,10.93581427,6.285425238,6.285425238,4.160332548
2006-05-01,6.270412946,-4.826999672,-4.826999672,-4.826999672,-4.826999672,-4.826999672,-4.826999672,0,0,0,-5.429473298,7.432184053,6.270412946,6.270412946,1.443413274
2006-06-01,6.254900245,-5.236895318,-5.236895318,-5.236895318,-5.236895318,-5.236895318,-5.236895318,0,0,0,-5.623667379,7.180114762,6.254900245,6.254900245,1.018004926
2006-07-01,6.239887953,-5.282552786,-5.282552786,-5.282552786,-5.282552786,-5.282552786,-5.282552786,0,0,0,-5.729935285,7.65957558,6.239887953,6.239887953,0.9573351669
2006-08-01,6.224375251,-5.290681684,-5.290681684,-5.290681684,-5.290681684,-5.290681684,-5.290681684,0,0,0,-5.7138724,7.695329517,6.224375251,6.224375251,0.9336935674
2006-09-01,6.208862549,-5.264660097,-5.264660097,-5.264660097,-5.264660097,-5.264660097,-5.264660097,0,0,0,-5.546757009,7.673210605,6.208862549,6.208862549,0.944202452
2006-10-01,6.193850254,-4.896159278,-4.896159278,-4.896159278,-4.896159278,-4.896159278,-4.896159278,0,0,0,-5.398521338,7.858632255,6.193850254,6.193850254,1.297690976
2006-11-01,6.178337549,-2.950660732,-2.950660732,-2.950660732,-2.950660732,-2.950660732,-2.950660732,0,0,0,-3.15165028,9.826886174,6.178337549,6.178337549,3.227676817
2006-12-01,6.163325255,4.292235043,4.292235043,4.292235043,4.292235043,4.292235043,4.292235043,0,0,0,4.199533636,16.87192582,6.163325255,6.163325255,10.4555603
2007-01-01,6.14781255,12.82017012,12.82017012,12.82017012,12.82017012,12.82017012,12.82017012,0,0,0,12.45101638,25.42084937,6.14781255,6.14781255,18.96798267
2007-02-01,6.132299845,13.40420475,13.40420475,13.40420475,13.40420475,13.40420475,13.40420475,0,0,0,13.05584131,25.92801733,6.132299845,6.132299845,19.53650459
2007-03-01,6.11828837,5.453177622,5.453177622,5.453177622,5.453177622,5.453177622,5.453177622,0,0,0,5.362851764,18.23275492,6.11828837,6.11828837,11.57146599
2007-04-01,6.102775665,-2.115759184,-2.115759184,-2.115759184,-2.115759184,-2.115759184,-2.115759184,0,0,0,-2.74178482,10.29393429,6.102775665,6.102775665,3.987016481
2007-05-01,6.08776337,-4.731490813,-4.731490813,-4.731490813,-4.731490813,-4.731490813,-4.731490813,0,0,0,-5.392477558,7.902928915,6.08776337,6.08776337,1.356272557
2007-06-01,6.072250665,-5.131501007,-5.131501007,-5.131501007,-5.131501007,-5.131501007,-5.131501007,0,0,0,-6.140726162,7.012674641,6.072250665,6.072250665,0.9407496586
2007-07-01,6.057237617,-5.26916433,-5.26916433,-5.26916433,-5.26916433,-5.26916433,-5.26916433,0,0,0,-5.539316141,7.535830114,6.057237617,6.057237617,0.7880732876
2007-08-01,6.041724134,-5.324146696,-5.324146696,-5.324146696,-5.324146696,-5.324146696,-5.324146696,0,0,0,-6.154165339,6.963334393,6.041724134,6.041724134,0.7175774383
2007-09-01,6.026210651,-5.334168331,-5.334168331,-5.334168331,-5.334168331,-5.334168331,-5.334168331,0,0,0,-6.519392121,7.41272514,6.026210651,6.026210651,0.6920423203
2007-10-01,6.011197603,-4.999053849,-4.999053849,-4.999053849,-4.999053849,-4.999053849,-4.999053849,0,0,0,-6.308343058,7.733849856,6.011197603,6.011197603,1.012143754
2007-11-01,5.99568412,-2.977540356,-2.977540356,-2.977540356,-2.977540356,-2.977540356,-2.977540356,0,0,0,-3.467843753,9.524905989,5.99568412,5.99568412,3.018143765
2007-12-01,5.980671072,4.377595178,4.377595178,4.377595178,4.377595178,4.377595178,4.377595178,0,0,0,3.903324436,16.75798279,5.980671072,5.980671072,10.35826625
2008-01-01,5.965157589,12.83066148,12.83066148,12.83066148,12.83066148,12.83066148,12.83066148,0,0,0,12.1341853,25.5306205,5.965157589,5.965157589,18.79581907
2008-02-01,5.949644106,13.42936003,13.42936003,13.42936003,13.42936003,13.42936003,13.42936003,0,0,0,12.46318261,26.05485933,5.949644106,5.949644106,19.37900414
2008-03-01,5.934994013,5.690411564,5.690411564,5.690411564,5.690411564,5.690411564,5.690411564,0,0,0,4.744806952,17.89928746,5.934994013,5.934994013,11.62540558
2008-04-01,5.919333568,-2.130088422,-2.130088422,-2.130088422,-2.130088422,-2.130088422,-2.130088422,0,0,0,-3.668367925,10.19553086,5.919333568,5.919333568,3.789245146
2008-05-01,5.904178299,-5.008916801,-5.008916801,-5.008916801,-5.008916801,-5.008916801,-5.008916801,0,0,0,-5.4293825,7.783132648,5.904178299,5.904178299,0.8952614982
2008-06-01,5.888517854,-5.449716492,-5.449716492,-5.449716492,-5.449716492,-5.449716492,-5.449716492,0,0,0,-6.178947581,7.007723198,5.888517854,5.888517854,0.4388013618
2008-07-01,5.873362585,-5.318255546,-5.318255546,-5.318255546,-5.318255546,-5.318255546,-5.318255546,0,0,0,-6.400030583,6.986117722,5.873362585,5.873362585,0.555107039
2008-08-01,5.85770214,-5.231376394,-5.231376394,-5.231376394,-5.231376394,-5.231376394,-5.231376394,0,0,0,-5.9116307,7.354025136,5.85770214,5.85770214,0.6263257464
2008-09-01,5.842041696,-5.12904216,-5.12904216,-5.12904216,-5.12904216,-5.12904216,-5.12904216,0,0,0,-6.018263546,7.404150475,5.842041696,5.842041696,0.7129995356
2008-10-01,5.826886426,-4.683417845,-4.683417845,-4.683417845,-4.683417845,-4.683417845,-4.683417845,0,0,0,-5.220774535,7.873889831,5.826886426,5.826886426,1.143468581
2008-11-01,5.811225982,-2.881926772,-2.881926772,-2.881926772,-2.881926772,-2.881926772,-2.881926772,0,0,0,-3.90970047,9.340269954,5.811225982,5.811225982,2.929299209
2008-12-01,5.795744195,4.12430997,4.12430997,4.12430997,4.12430997,4.12430997,4.12430997,0,0,0,3.668417038,16.61807432,5.795744195,5.795744195,9.920054165
2009-01-01,5.779746349,12.78730658,12.78730658,12.78730658,12.78730658,12.78730658,12.78730658,0,0,0,11.97111101,25.01042905,5.779746349,5.779746349,18.56705293
2009-02-01,5.763748502,13.339396,13.339396,13.339396,13.339396,13.339396,13.339396,0,0,0,12.81243801,25.95634025,5.763748502,5.763748502,19.1031445
2009-03-01,5.749298835,5.610837256,5.610837256,5.610837256,5.610837256,5.610837256,5.610837256,0,0,0,4.465598034,18.13216711,5.749298835,5.749298835,11.36013609
2009-04-01,5.733300989,-2.129844477,-2.129844477,-2.129844477,-2.129844477,-2.129844477,-2.129844477,0,0,0,-2.91536714,9.871204438,5.733300989,5.733300989,3.603456512
2009-05-01,5.717819202,-4.919516399,-4.919516399,-4.919516399,-4.919516399,-4.919516399,-4.919516399,0,0,0,-6.099574539,7.573383827,5.717819202,5.717819202,0.798302803
2009-06-01,5.701821356,-5.343021748,-5.343021748,-5.343021748,-5.343021748,-5.343021748,-5.343021748,0,0,0,-6.271512843,6.903931601,5.701821356,5.701821356,0.3587996074
2009-07-01,5.686339569,-5.298930641,-5.298930641,-5.298930641,-5.298930641,-5.298930641,-5.298930641,0,0,0,-6.100337288,6.774813109,5.686339569,5.686339569,0.3874089281
2009-08-01,5.670341723,-5.259739893,-5.259739893,-5.259739893,-5.259739893,-5.259739893,-5.259739893,0,0,0,-6.165977514,7.442061174,5.670341723,5.670341723,0.4106018297
2009-09-01,5.654308497,-5.196242927,-5.196242927,-5.196242927,-5.196242927,-5.196242927,-5.196242927,0,0,0,-6.125925138,7.487604982,5.654308497,5.654308497,0.4580655697
2009-10-01,5.638792472,-4.790901642,-4.790901642,-4.790901642,-4.790901642,-4.790901642,-4.790901642,0,0,0,-5.751196047,7.536350614,5.638792472,5.638792472,0.8478908296
2009-11-01,5.622759246,-2.918796479,-2.918796479,-2.918796479,-2.918796479,-2.918796479,-2.918796479,0,0,0,-4.08441843,9.374370758,5.622759246,5.622759246,2.703962767
2009-12-01,5.60724322,4.207735009,4.207735009,4.207735009,4.207735009,4.207735009,4.207735009,0,0,0,3.542129131,16.70397775,5.60724322,5.60724322,9.814978229
2010-01-01,5.591209994,12.8056799,12.8056799,12.8056799,12.8056799,12.8056799,12.8056799,0,0,0,11.45226031,24.58438951,5.591209994,5.591209994,18.3968899
2010-02-01,5.575176768,13.37422507,13.37422507,13.37422507,13.37422507,13.37422507,13.37422507,0,0,0,12.48595135,25.69546989,5.575176768,5.575176768,18.94940184
2010-03-01,5.560695145,5.531688973,5.531688973,5.531688973,5.531688973,5.531688973,5.531688973,0,0,0,4.499605801,17.81052546,5.560695145,5.560695145,11.09238412
2010-04-01,5.544661919,-2.12509269,-2.12509269,-2.12509269,-2.12509269,-2.12509269,-2.12509269,0,0,0,-3.202668398,10.18891439,5.544661919,5.544661919,3.419569228
2010-05-01,5.529145894,-4.826999672,-4.826999672,-4.826999672,-4.826999672,-4.826999672,-4.826999672,0,0,0,-6.050463249,7.209618705,5.529145894,5.529145894,0.7021462214
2010-06-01,5.513112264,-5.236895318,-5.236895318,-5.236895318,-5.236895318,-5.236895318,-5.236895318,0,0,0,-5.9920635,6.797177253,5.513112264,5.513112264,0.2762169455
2010-07-01,5.497595848,-5.282552786,-5.282552786,-5.282552786,-5.282552786,-5.282552786,-5.282552786,0,0,0,-6.726602955,6.908404616,5.497595848,5.497595848,0.215043062
2010-08-01,5.481562218,-5.290681684,-5.290681684,-5.290681684,-5.290681684,-5.290681684,-5.290681684,0,0,0,-6.613018139,6.874395842,5.481562218,5.481562218,0.1908805345
2010-09-01,5.465528588,-5.264660097,-5.264660097,-5.264660097,-5.264660097,-5.264660097,-5.264660097,0,0,0,-6.518792344,7.032576899,5.465528588,5.465528588,0.2008684911
2010-10-01,5.450012172,-4.896159278,-4.896159278,-4.896159278,-4.896159278,-4.896159278,-4.896159278,0,0,0,-5.745599947,7.338996239,5.450012172,5.450012172,0.5538528946
2010-11-01,5.433978543,-2.950660732,-2.950660732,-2.950660732,-2.950660732,-2.950660732,-2.950660732,0,0,0,-4.266490095,8.982771393,5.433978543,5.433978543,2.48331781
2010-12-01,5.418462127,4.292235043,4.292235043,4.292235043,4.292235043,4.292235043,4.292235043,0,0,0,3.107001493,16.05578978,5.418462127,5.418462127,9.71069717
2011-01-01,5.402428497,12.82017012,12.82017012,12.82017012,12.82017012,12.82017012,12.82017012,0,0,0,11.80777268,24.64308115,5.402428497,5.402428497,18.22259862
2011-02-01,5.38639486,13.40420475,13.40420475,13.40420475,13.40420475,13.40420475,13.40420475,0,0,0,12.11393836,24.75239752,5.38639486,5.38639486,18.79059961
2011-03-01,5.371912865,5.453177622,5.453177622,5.453177622,5.453177622,5.453177622,5.453177622,0,0,0,3.960982661,17.62993478,5.371912865,5.371912865,10.82509049
2011-04-01,5.355879228,-2.115759184,-2.115759184,-2.115759184,-2.115759184,-2.115759184,-2.115759184,0,0,0,-2.867943356,10.21158389,5.355879228,5.355879228,3.240120045
2011-05-01,5.340362805,-4.731490813,-4.731490813,-4.731490813,-4.731490813,-4.731490813,-4.731490813,0,0,0,-5.478754587,7.425502693,5.340362805,5.340362805,0.6088719927
2011-06-01,5.324329168,-5.131501007,-5.131501007,-5.131501007,-5.131501007,-5.131501007,-5.131501007,0,0,0,-6.113760216,7.229926995,5.324329168,5.324329168,0.1928281617
2011-07-01,5.308812745,-5.26916433,-5.26916433,-5.26916433,-5.26916433,-5.26916433,-5.26916433,0,0,0,-6.327203351,6.679077427,5.308812745,5.308812745,0.03964841583
2011-08-01,5.292779108,-5.324146696,-5.324146696,-5.324146696,-5.324146696,-5.324146696,-5.324146696,0,0,0,-6.527086138,6.938664536,5.292779108,5.292779108,-0.03136758753
2011-09-01,5.276745471,-5.334168331,-5.334168331,-5.334168331,-5.334168331,-5.334168331,-5.334168331,0,0,0,-6.667763384,7.148805664,5.276745471,5.276745471,-0.05742285962
2011-10-01,5.261229048,-4.999053849,-4.999053849,-4.999053849,-4.999053849,-4.999053849,-4.999053849,0,0,0,-6.59001297,6.644471698,5.261229048,5.261229048,0.2621751996
2011-11-01,5.245195412,-2.977540356,-2.977540356,-2.977540356,-2.977540356,-2.977540356,-2.977540356,0,0,0,-4.234315814,8.780194176,5.245195412,5.245195412,2.267655056
2011-12-01,5.229678989,4.377595178,4.377595178,4.377595178,4.377595178,4.377595178,4.377595178,0,0,0,2.680916152,16.11321555,5.229678989,5.229678989,9.607274167
2012-01-01,5.213645352,12.83066148,12.83066148,12.83066148,12.83066148,12.83066148,12.83066148,0,0,0,10.93355761,24.63904,5.213645352,5.213645352,18.04430683
2012-02-01,5.197611715,13.42936003,13.42936003,13.42936003,13.42936003,13.42936003,13.42936003,0,0,0,12.13061993,25.48669653,5.197611715,5.197611715,18.62697175
2012-03-01,5.182612506,5.690411564,5.690411564,5.690411564,5.690411564,5.690411564,5.690411564,0,0,0,4.826141684,18.2009387,5.182612506,5.182612506,10.87302407
2012-04-01,5.166578869,-2.130088422,-2.130088422,-2.130088422,-2.130088422,-2.130088422,-2.130088422,0,0,0,-3.608148515,9.740254484,5.166578869,5.166578869,3.036490447
2012-05-01,5.151062447,-5.008916801,-5.008916801,-5.008916801,-5.008916801,-5.008916801,-5.008916801,0,0,0,-6.572381242,6.583022823,5.151062447,5.151062447,0.1421456457
2012-06-01,5.13502881,-5.449716492,-5.449716492,-5.449716492,-5.449716492,-5.449716492,-5.449716492,0,0,0,-6.953170327,6.435751145,5.13502881,5.13502881,-0.3146876828
2012-07-01,5.119512387,-5.318255546,-5.318255546,-5.318255546,-5.318255546,-5.318255546,-5.318255546,0,0,0,-7.067882728,6.616054431,5.119512387,5.119512387,-0.1987431593
2012-08-01,5.103478749,-5.231376394,-5.231376394,-5.231376394,-5.231376394,-5.231376394,-5.231376394,0,0,0,-7.435598839,6.161119821,5.103478749,5.103478749,-0.1278976448
2012-09-01,5.087445111,-5.12904216,-5.12904216,-5.12904216,-5.12904216,-5.12904216,-5.12904216,0,0,0,-6.847909203,6.12219426,5.087445111,5.087445111,-0.0415970484
2012-10-01,5.071928688,-4.683417845,-4.683417845,-4.683417845,-4.683417845,-4.683417845,-4.683417845,0,0,0,-6.552959995,6.96539175,5.071928688,5.071928688,0.388510843
2012-11-01,5.05589505,-2.881926772,-2.881926772,-2.881926772,-2.881926772,-2.881926772,-2.881926772,0,0,0,-4.315436859,9.284496077,5.05589505,5.05589505,2.173968278
2012-12-01,5.040378627,4.12430997,4.12430997,4.12430997,4.12430997,4.12430997,4.12430997,0,0,0,2.873651819,16.02009819,5.040378627,5.040378627,9.164688597
2013-01-01,5.024344989,12.78730658,12.78730658,12.78730658,12.78730658,12.78730658,12.78730658,0,0,0,11.11736275,24.68269665,5.024344989,5.024344989,17.81165157
2013-02-01,5.008311351,13.339396,13.339396,13.339396,13.339396,13.339396,13.339396,0,0,0,11.73077316,24.64018476,5.008311351,5.008311351,18.34770735
2013-03-01,4.993829356,5.610837256,5.610837256,5.610837256,5.610837256,5.610837256,5.610837256,0,0,0,3.701624182,17.2376646,4.993829356,4.993829356,10.60466661
2013-04-01,4.977795718,-2.129844477,-2.129844477,-2.129844477,-2.129844477,-2.129844477,-2.129844477,0,0,0,-4.067045967,9.598989268,4.977795718,4.977795718,2.847951242
2013-05-01,4.962279294,-4.919516399,-4.919516399,-4.919516399,-4.919516399,-4.919516399,-4.919516399,0,0,0,-6.870142444,6.657967818,4.962279294,4.962279294,0.04276289498
2013-06-01,4.946245655,-5.343021748,-5.343021748,-5.343021748,-5.343021748,-5.343021748,-5.343021748,0,0,0,-6.750361268,6.125144459,4.946245655,4.946245655,-0.3967760931
2013-07-01,4.930729231,-5.298930641,-5.298930641,-5.298930641,-5.298930641,-5.298930641,-5.298930641,0,0,0,-6.735820672,6.763444686,4.930729231,4.930729231,-0.3682014102
2013-08-01,4.914695592,-5.259739893,-5.259739893,-5.259739893,-5.259739893,-5.259739893,-5.259739893,0,0,0,-7.381481109,6.155142687,4.914695592,4.914695592,-0.3450443011
2013-09-01,4.898661954,-5.196242927,-5.196242927,-5.196242927,-5.196242927,-5.196242927,-5.196242927,0,0,0,-7.016643087,6.167985767,4.898661954,4.898661954,-0.2975809737
2013-10-01,4.883145529,-4.790901642,-4.790901642,-4.790901642,-4.790901642,-4.790901642,-4.790901642,0,0,0,-6.440092883,6.6805589,4.883145529,4.883145529,0.09224388699
2013-11-01,4.86711189,-2.918796479,-2.918796479,-2.918796479,-2.918796479,-2.918796479,-2.918796479,0,0,0,-4.841998683,8.492078862,4.86711189,4.86711189,1.948315412
2013-12-01,4.851595466,4.207735009,4.207735009,4.207735009,4.207735009,4.207735009,4.207735009,0,0,0,2.606774507,15.55799763,4.851595466,4.851595466,9.059330474
2014-01-01,4.835561828,12.8056799,12.8056799,12.8056799,12.8056799,12.8056799,12.8056799,0,0,0,10.66907387,24.13919021,4.835561828,4.835561828,17.64124173
2014-02-01,4.819528189,13.37422507,13.37422507,13.37422507,13.37422507,13.37422507,13.37422507,0,0,0,11.49705504,25.51988112,4.819528189,4.819528189,18.19375326
2014-03-01,4.805046194,5.531688973,5.531688973,5.531688973,5.531688973,5.531688973,5.531688973,0,0,0,4.059324626,16.7444389,4.805046194,4.805046194,10.33673517
2014-04-01,4.789012555,-2.12509269,-2.12509269,-2.12509269,-2.12509269,-2.12509269,-2.12509269,0,0,0,-3.893227196,9.576993091,4.789012555,4.789012555,2.663919865
2014-05-01,4.773496131,-4.826999672,-4.826999672,-4.826999672,-4.826999672,-4.826999672,-4.826999672,0,0,0,-7.053946683,6.697155425,4.773496131,4.773496131,-0.05350354087
2014-06-01,4.757462493,-5.236895318,-5.236895318,-5.236895318,-5.236895318,-5.236895318,-5.236895318,0,0,0,-6.695948057,6.415356365,4.757462493,4.757462493,-0.4794328252
2014-07-01,4.741946069,-5.282552786,-5.282552786,-5.282552786,-5.282552786,-5.282552786,-5.282552786,0,0,0,-7.098483527,5.877590776,4.741946069,4.741946069,-0.5406067168
2014-08-01,4.725912431,-5.290681684,-5.290681684,-5.290681684,-5.290681684,-5.290681684,-5.290681684,0,0,0,-7.508122947,5.998486088,4.725912431,4.725912431,-0.5647692528
2014-09-01,4.709878793,-5.264660097,-5.264660097,-5.264660097,-5.264660097,-5.264660097,-5.264660097,0,0,0,-6.99620033,6.068213804,4.709878793,4.709878793,-0.5547813047
2014-10-01,4.694362369,-4.896159278,-4.896159278,-4.896159278,-4.896159278,-4.896159278,-4.896159278,0,0,0,-6.881780998,6.494346128,4.694362369,4.694362369,-0.2017969085
2014-11-01,4.678328732,-2.950660732,-2.950660732,-2.950660732,-2.950660732,-2.950660732,-2.950660732,0,0,0,-4.970584206,8.671831506,4.678328732,4.678328732,1.727668
2014-12-01,4.662812309,4.292235043,4.292235043,4.292235043,4.292235043,4.292235043,4.292235043,0,0,0,2.311065354,15.33788175,4.662812309,4.662812309,8.955047352
2015-01-01,4.646778672,12.82017012,12.82017012,12.82017012,12.82017012,12.82017012,12.82017012,0,0,0,10.71291476,24.2473971,4.646778672,4.646778672,17.46694879
2015-02-01,4.630745034,13.40420475,13.40420475,13.40420475,13.40420475,13.40420475,13.40420475,0,0,0,12.00797623,25.13048229,4.630745034,4.630745034,18.03494978
2015-03-01,4.616263039,5.453177622,5.453177622,5.453177622,5.453177622,5.453177622,5.453177622,0,0,0,3.617208207,16.74443532,4.616263039,4.616263039,10.06944066
2015-04-01,4.600229402,-2.115759184,-2.115759184,-2.115759184,-2.115759184,-2.115759184,-2.115759184,0,0,0,-4.465215398,9.038715795,4.600229402,4.600229402,2.484470218
2015-05-01,4.584712979,-4.731490813,-4.731490813,-4.731490813,-4.731490813,-4.731490813,-4.731490813,0,0,0,-6.930019275,7.041255407,4.584712979,4.584712979,-0.1467778339
2015-06-01,4.568679341,-5.131501007,-5.131501007,-5.131501007,-5.131501007,-5.131501007,-5.131501007,0,0,0,-7.955748567,6.119480495,4.568679341,4.568679341,-0.5628216651
2015-07-01,4.553162918,-5.26916433,-5.26916433,-5.26916433,-5.26916433,-5.26916433,-5.26916433,0,0,0,-7.399028538,6.080181934,4.553162918,4.553162918,-0.7160014116
2015-08-01,4.53712928,-5.324146696,-5.324146696,-5.324146696,-5.324146696,-5.324146696,-5.324146696,0,0,0,-7.825447928,5.680674519,4.53712928,4.53712928,-0.7870174155
2015-09-01,4.521095643,-5.334168331,-5.334168331,-5.334168331,-5.334168331,-5.334168331,-5.334168331,0,0,0,-7.792182684,6.005665404,4.521095643,4.521095643,-0.8130726882
2015-10-01,4.505579219,-4.999053849,-4.999053849,-4.999053849,-4.999053849,-4.999053849,-4.999053849,0,0,0,-6.981485652,6.198355222,4.505579219,4.505579219,-0.4934746295
2015-11-01,4.489545582,-2.977540356,-2.977540356,-2.977540356,-2.977540356,-2.977540356,-2.977540356,0,0,0,-4.76085502,7.804067847,4.489545582,4.489545582,1.512005226
2015-12-01,4.474029158,4.377595178,4.377595178,4.377595178,4.377595178,4.377595178,4.377595178,0,0,0,2.517354228,15.4429123,4.474029158,4.474029158,8.851624336
2016-01-01,4.457995521,12.83066148,12.83066148,12.83066148,12.83066148,12.83066148,12.83066148,0,0,0,10.50450296,23.84638366,4.457995521,4.457995521,17.288657
2016-02-01,4.441961883,13.42936003,13.42936003,13.42936003,13.42936003,13.42936003,13.42936003,0,0,0,11.35616564,24.58049667,4.441961883,4.441961883,17.87132191
2016-03-01,4.426962674,5.690411564,5.690411564,5.690411564,5.690411564,5.690411564,5.690411564,0,0,0,3.119439185,16.72088215,4.426962674,4.426962674,10.11737424
2016-04-01,4.410929036,-2.130088422,-2.130088422,-2.130088422,-2.130088422,-2.130088422,-2.130088422,0,0,0,-4.404581661,9.08760491,4.410929036,4.410929036,2.280840614
2016-05-01,4.395412612,-5.008916801,-5.008916801,-5.008916801,-5.008916801,-5.008916801,-5.008916801,0,0,0,-6.807254521,5.828421056,4.395412612,4.395412612,-0.6135041883
2016-06-01,4.379378975,-5.449716492,-5.449716492,-5.449716492,-5.449716492,-5.449716492,-5.449716492,0,0,0,-7.78614341,5.851867152,4.379378975,4.379378975,-1.070337518
2016-07-01,4.363862551,-5.318255546,-5.318255546,-5.318255546,-5.318255546,-5.318255546,-5.318255546,0,0,0,-7.832681896,5.636276663,4.363862551,4.363862551,-0.9543929948
2016-08-01,4.347828914,-5.231376394,-5.231376394,-5.231376394,-5.231376394,-5.231376394,-5.231376394,0,0,0,-7.490921895,5.714696455,4.347828914,4.347828914,-0.8835474802
2016-09-01,4.331795276,-5.12904216,-5.12904216,-5.12904216,-5.12904216,-5.12904216,-5.12904216,0,0,0,-6.838091843,5.566339323,4.331795276,4.331795276,-0.7972468838
2016-10-01,4.316278853,-4.683417845,-4.683417845,-4.683417845,-4.683417845,-4.683417845,-4.683417845,0,0,0,-6.764669519,6.410766682,4.316278853,4.316278853,-0.3671389924
2016-11-01,4.300245215,-2.881926772,-2.881926772,-2.881926772,-2.881926772,-2.881926772,-2.881926772,0,0,0,-5.189160105,7.951518127,4.300245215,4.300245215,1.418318443
2016-12-01,4.284728792,4.12430997,4.12430997,4.12430997,4.12430997,4.12430997,4.12430997,0,0,0,1.678556233,15.31022635,4.284728792,4.284728792,8.409038762
2017-01-01,4.268695154,12.78730658,12.78730658,12.78730658,12.78730658,12.78730658,12.78730658,0,0,0,10.39023137,23.33093803,4.268695154,4.268695154,17.05600173
2017-02-01,4.252661517,13.339396,13.339396,13.339396,13.339396,13.339396,13.339396,0,0,0,11.12011767,24.15086777,4.252661517,4.252661517,17.59205752
2017-03-01,4.238179522,5.610837256,5.610837256,5.610837256,5.610837256,5.610837256,5.610837256,0,0,0,3.545954606,16.37582128,4.238179522,4.238179522,9.849016778
2017-04-01,4.222145885,-2.129844477,-2.129844477,-2.129844477,-2.129844477,-2.129844477,-2.129844477,0,0,0,-4.11174001,9.182459866,4.222145885,4.222145885,2.092301408
2017-05-01,4.206629462,-4.919516399,-4.919516399,-4.919516399,-4.919516399,-4.919516399,-4.919516399,0,0,0,-7.855903636,5.458376393,4.206629462,4.206629462,-0.7128869372
2017-06-01,4.190595824,-5.343021748,-5.343021748,-5.343021748,-5.343021748,-5.343021748,-5.343021748,0,0,0,-8.067752492,4.978087764,4.190595824,4.190595824,-1.152425924
2017-07-01,4.175079401,-5.298930641,-5.298930641,-5.298930641,-5.298930641,-5.298930641,-5.298930641,0,0,0,-8.279175915,5.924154525,4.175079401,4.175079401,-1.12385124
2017-08-01,4.159045764,-5.259739893,-5.259739893,-5.259739893,-5.259739893,-5.259739893,-5.259739893,0,0,0,-7.571186458,5.7811368,4.159045764,4.159045764,-1.100694129
2017-09-01,4.143012127,-5.196242927,-5.196242927,-5.196242927,-5.196242927,-5.196242927,-5.196242927,0,0,0,-7.450675334,5.763735179,4.143012127,4.143012127,-1.0532308
2017-10-01,4.127495704,-4.790901642,-4.790901642,-4.790901642,-4.790901642,-4.790901642,-4.790901642,0,0,0,-7.52652681,6.127324542,4.127495704,4.127495704,-0.6634059376
2017-11-01,4.111462068,-2.918796479,-2.918796479,-2.918796479,-2.918796479,-2.918796479,-2.918796479,0,0,0,-5.252107672,7.735600763,4.111462068,4.111462068,1.192665589
2017-12-01,4.095945645,4.207735009,4.207735009,4.207735009,4.207735009,4.207735009,4.207735009,0,0,0,2.240402282,14.79510151,4.095945645,4.095945645,8.303680653
2018-01-01,4.079912008,12.8056799,12.8056799,12.8056799,12.8056799,12.8056799,12.8056799,0,0,0,10.03296528,23.37659902,4.079912008,4.079912008,16.88559191
2018-02-01,4.063878371,13.37422507,13.37422507,13.37422507,13.37422507,13.37422507,13.37422507,0,0,0,10.76801341,23.90275116,4.063878371,4.063878371,17.43810345
2018-03-01,4.049396377,5.531688973,5.531688973,5.531688973,5.531688973,5.531688973,5.531688973,0,0,0,3.177163041,16.44379595,4.049396377,4.049396377,9.58108535
2018-04-01,4.03336274,-2.12509269,-2.12509269,-2.12509269,-2.12509269,-2.12509269,-2.12509269,0,0,0,-5.034564385,8.143119261,4.03336274,4.03336274,1.908270049
2018-05-01,4.017846317,-4.826999672,-4.826999672,-4.826999672,-4.826999672,-4.826999672,-4.826999672,0,0,0,-7.042295852,6.028387282,4.017846317,4.017846317,-0.8091533552
2018-06-01,4.00181268,-5.236895318,-5.236895318,-5.236895318,-5.236895318,-5.236895318,-5.236895318,0,0,0,-8.064242243,5.477594324,4.00181268,4.00181268,-1.235082638
2018-07-01,3.986296257,-5.282552786,-5.282552786,-5.282552786,-5.282552786,-5.282552786,-5.282552786,0,0,0,-7.882977845,5.701920025,3.986296257,3.986296257,-1.296256529
2018-08-01,3.97026262,-5.290681684,-5.290681684,-5.290681684,-5.290681684,-5.290681684,-5.290681684,0,0,0,-8.007963841,5.043004794,3.97026262,3.97026262,-1.320419064
2018-09-01,3.954228983,-5.264660097,-5.264660097,-5.264660097,-5.264660097,-5.264660097,-5.264660097,0,0,0,-8.304625099,5.653275465,3.954228983,3.954228983,-1.310431114
2018-10-01,3.93871256,-4.896159278,-4.896159278,-4.896159278,-4.896159278,-4.896159278,-4.896159278,0,0,0,-7.917320666,5.691957909,3.93871256,3.93871256,-0.9574467177
2018-11-01,3.922678923,-2.950660732,-2.950660732,-2.950660732,-2.950660732,-2.950660732,-2.950660732,0,0,0,-5.818528018,7.005417266,3.922678923,3.922678923,0.9720181909
2018-12-01,3.9071625,4.292235043,4.292235043,4.292235043,4.292235043,4.292235043,4.292235043,0,0,0,1.461525432,15.03973486,3.9071625,3.9071625,8.199397543
2019-01-01,3.891128863,12.82017012,12.82017012,12.82017012,12.82017012,12.82017012,12.82017012,0,0,0,10.09810835,23.41360741,3.891128863,3.891128863,16.71129899
2019-02-01,3.875095226,13.40420475,13.40420475,13.40420475,13.40420475,13.40420475,13.40420475,0,0,0,10.90179099,23.9282464,3.875095226,3.875095226,17.27929997
2019-03-01,3.860613232,5.453177622,5.453177622,5.453177622,5.453177622,5.453177622,5.453177622,0,0,0,2.745054704,15.98591716,3.860613232,3.860613232,9.313790853
2019-04-01,3.844579595,-2.115759184,-2.115759184,-2.115759184,-2.115759184,-2.115759184,-2.115759184,0,0,0,-4.486129526,8.43624927,3.844579595,3.844579595,1.728820411
2019-05-01,3.829063172,-4.731490813,-4.731490813,-4.731490813,-4.731490813,-4.731490813,-4.731490813,0,0,0,-7.388183937,5.950515682,3.829063172,3.829063172,-0.9024276411
2019-06-01,3.813029535,-5.131501007,-5.131501007,-5.131501007,-5.131501007,-5.131501007,-5.131501007,0,0,0,-7.932076147,5.748344865,3.813029535,3.813029535,-1.318471472
2019-07-01,3.797513112,-5.26916433,-5.26916433,-5.26916433,-5.26916433,-5.26916433,-5.26916433,0,0,0,-8.088597786,5.392609437,3.797513112,3.797513112,-1.471651218
2019-08-01,3.781479475,-5.324146696,-5.324146696,-5.324146696,-5.324146696,-5.324146696,-5.324146696,0,0,0,-8.186283426,5.036520301,3.781479475,3.781479475,-1.542667221
2019-09-01,3.765445838,-5.334168331,-5.334168331,-5.334168331,-5.334168331,-5.334168331,-5.334168331,0,0,0,-8.265525621,4.661201394,3.765445838,3.765445838,-1.568722493
2019-10-01,3.749929415,-4.999053849,-4.999053849,-4.999053849,-4.999053849,-4.999053849,-4.999053849,0,0,0,-8.066259042,5.694650947,3.749929415,3.749929415,-1.249124434
2019-11-01,3.733895778,-2.977540356,-2.977540356,-2.977540356,-2.977540356,-2.977540356,-2.977540356,0,0,0,-5.786551928,7.282470292,3.733895778,3.733895778,0.7563554222
2019-12-01,3.718379355,4.377595178,4.377595178,4.377595178,4.377595178,4.377595178,4.377595178,0,0,0,1.416370896,15.16864287,3.718379355,3.718379355,8.095974533
2020-01-01,3.702345718,12.83066148,12.83066148,12.83066148,12.83066148,12.83066148,12.83066148,0,0,0,9.78418302,23.22949002,3.702345718,3.702345718,16.53300719
2020-02-01,3.686312081,13.42936003,13.42936003,13.42936003,13.42936003,13.42936003,13.42936003,0,0,0,9.852138636,23.35944129,3.686312081,3.686312081,17.11567211
2020-03-01,3.671312872,5.690411564,5.690411564,5.690411564,5.690411564,5.690411564,5.690411564,0,0,0,2.849176666,15.73510593,3.671312872,3.671312872,9.361724436
2020-04-01,3.655279235,-2.130088422,-2.130088422,-2.130088422,-2.130088422,-2.130088422,-2.130088422,0,0,0,-5.075996945,8.075598871,3.655279235,3.655279235,1.525190813
2020-05-01,3.639762812,-5.008916801,-5.008916801,-5.008916801,-5.008916801,-5.008916801,-5.008916801,0,0,0,-8.135249519,5.637664929,3.639762812,3.639762812,-1.369153989
2020-06-01,3.623729175,-5.449716492,-5.449716492,-5.449716492,-5.449716492,-5.449716492,-5.449716492,0,0,0,-8.24111077,4.953374628,3.623729175,3.623729175,-1.825987317
2020-07-01,3.608212752,-5.318255546,-5.318255546,-5.318255546,-5.318255546,-5.318255546,-5.318255546,0,0,0,-8.26175267,4.907608425,3.608212752,3.608212752,-1.710042794
2020-08-01,3.592179115,-5.231376394,-5.231376394,-5.231376394,-5.231376394,-5.231376394,-5.231376394,0,0,0,-8.4502132,4.905959965,3.592179115,3.592179115,-1.639197279
2020-09-01,3.576145478,-5.12904216,-5.12904216,-5.12904216,-5.12904216,-5.12904216,-5.12904216,0,0,0,-8.128344777,5.374378272,3.576145478,3.576145478,-1.552896682
2020-10-01,3.560629055,-4.683417845,-4.683417845,-4.683417845,-4.683417845,-4.683417845,-4.683417845,0,0,0,-7.920000342,5.573549579,3.560629055,3.560629055,-1.12278879
2020-11-01,3.544595418,-2.881926772,-2.881926772,-2.881926772,-2.881926772,-2.881926772,-2.881926772,0,0,0,-5.908287162,7.226709076,3.544595418,3.544595418,0.6626686463
2020-12-01,3.529078995,4.12430997,4.12430997,4.12430997,4.12430997,4.12430997,4.12430997,0,0,0,1.328137585,14.37320356,3.529078995,3.529078995,7.653388966
2021-01-01,3.513045358,12.78730658,12.78730658,12.78730658,12.78730658,12.78730658,12.78730658,0,0,0,9.20832122,23.19719407,3.513045358,3.513045358,16.30035194
2021-02-01,3.497011721,13.339396,13.339396,13.339396,13.339396,13.339396,13.339396,0,0,0,10.62302195,23.7269487,3.497011721,3.497011721,16.83640772
2021-03-01,3.482529727,5.610837256,5.610837256,5.610837256,5.610837256,5.610837256,5.610837256,0,0,0,2.362351283,15.39862054,3.482529727,3.482529727,9.093366983
2021-04-01,3.46649609,-2.129844477,-2.129844477,-2.129844477,-2.129844477,-2.129844477,-2.129844477,0,0,0,-5.802539454,8.01725193,3.46649609,3.46649609,1.336651613
2021-05-01,3.450979667,-4.919516399,-4.919516399,-4.919516399,-4.919516399,-4.919516399,-4.919516399,0,0,0,-8.456742995,5.164649873,3.450979667,3.450979667,-1.468536732
2021-06-01,3.43494603,-5.343021748,-5.343021748,-5.343021748,-5.343021748,-5.343021748,-5.343021748,0,0,0,-8.917545392,4.716990456,3.43494603,3.43494603,-1.908075719
2021-07-01,3.419429607,-5.298930641,-5.298930641,-5.298930641,-5.298930641,-5.298930641,-5.298930641,0,0,0,-8.211248453,4.595855846,3.419429607,3.419429607,-1.879501034
2021-08-01,3.40339597,-5.259739893,-5.259739893,-5.259739893,-5.259739893,-5.259739893,-5.259739893,0,0,0,-8.430911598,4.515606693,3.40339597,3.40339597,-1.856343923
2021-09-01,3.387362333,-5.196242927,-5.196242927,-5.196242927,-5.196242927,-5.196242927,-5.196242927,0,0,0,-8.801939708,4.721146482,3.387362333,3.387362333,-1.808880594
2021-10-01,3.37184591,-4.790901642,-4.790901642,-4.790901642,-4.790901642,-4.790901642,-4.790901642,0,0,0,-7.823540646,5.125577571,3.37184591,3.37184591,-1.419055732
2021-11-01,3.355812273,-2.918796479,-2.918796479,-2.918796479,-2.918796479,-2.918796479,-2.918796479,0,0,0,-6.492208181,7.460305109,3.355812273,3.355812273,0.4370157943
2021-12-01,3.34029585,4.207735009,4.207735009,4.207735009,4.207735009,4.207735009,4.207735009,0,0,0,1.448986274,14.23741676,3.34029585,3.34029585,7.548030859
2022-01-01,3.324262213,12.8056799,12.8056799,12.8056799,12.8056799,12.8056799,12.8056799,0,0,0,9.201783568,22.50013853,3.324262213,3.324262213,16.12994211
2022-02-01,3.308228576,13.37422507,13.37422507,13.37422507,13.37422507,13.37422507,13.37422507,0,0,0,10.49202663,23.73308034,3.308228576,3.308228576,16.68245365
2022-03-01,3.293746581,5.531688973,5.531688973,5.531688973,5.531688973,5.531688973,5.531688973,0,0,0,2.289492692,15.62685641,3.293746581,3.293746581,8.825435555
2022-04-01,3.277712944,-2.12509269,-2.12509269,-2.12509269,-2.12509269,-2.12509269,-2.12509269,0,0,0,-5.381650486,7.89353355,3.277712944,3.277712944,1.152620254
2022-05-01,3.262196522,-4.826999672,-4.826999672,-4.826999672,-4.826999672,-4.826999672,-4.826999672,0,0,0,-8.277114383,5.173686521,3.262196522,3.262196522,-1.564803151
2022-06-01,3.246162885,-5.236895318,-5.236895318,-5.236895318,-5.236895318,-5.236895318,-5.236895318,0,0,0,-8.066836962,4.552172224,3.246162885,3.246162885,-1.990732434
2022-07-01,3.230646462,-5.282552786,-5.282552786,-5.282552786,-5.282552786,-5.282552786,-5.282552786,0,0,0,-8.216782169,4.910141145,3.230646462,3.230646462,-2.051906324
2022-08-01,3.214612825,-5.290681684,-5.290681684,-5.290681684,-5.290681684,-5.290681684,-5.290681684,0,0,0,-8.478694457,4.448967091,3.214612825,3.214612825,-2.076068859
2022-09-01,3.198579188,-5.264660097,-5.264660097,-5.264660097,-5.264660097,-5.264660097,-5.264660097,0,0,0,-8.691104335,4.37852686,3.198579188,3.198579188,-2.06608091
2022-10-01,3.183062765,-4.896159278,-4.896159278,-4.896159278,-4.896159278,-4.896159278,-4.896159278,0,0,0,-8.380653598,5.059377653,3.183062765,3.183062765,-1.713096513
2022-11-01,3.167029128,-2.950660732,-2.950660732,-2.950660732,-2.950660732,-2.950660732,-2.950660732,0,0,0,-6.35715082,7.076177366,3.167029128,3.167029128,0.2163683955
2022-12-01,3.151512705,4.292235043,4.292235043,4.292235043,4.292235043,4.292235043,4.292235043,0,0,0,0.9237691041,13.91650108,3.151512705,3.151512705,7.443747748
2023-01-01,3.135479068,12.82017012,12.82017012,12.82017012,12.82017012,12.82017012,12.82017012,0,0,0,9.514834169,23.05194747,3.135479068,3.135479068,15.95564919
2023-02-01,3.119445431,13.40420475,13.40420475,13.40420475,13.40420475,13.40420475,13.40420475,0,0,0,10.19728442,22.92245342,3.119445431,3.119445431,16.52365018
2023-03-01,3.104963436,5.453177622,5.453177622,5.453177622,5.453177622,5.453177622,5.453177622,0,0,0,2.214126122,15.66981985,3.104958619,3.104964623,8.558141058
2023-04-01,3.088929799,-2.115759184,-2.115759184,-2.115759184,-2.115759184,-2.115759184,-2.115759184,0,0,0,-5.502224956,8.012136456,3.088910009,3.088939878,0.9731706154
2023-05-01,3.073413376,-4.731490813,-4.731490813,-4.731490813,-4.731490813,-4.731490813,-4.731490813,0,0,0,-8.740456963,4.629336338,3.073377016,3.073433266,-1.658077436
2023-06-01,3.057379739,-5.131501007,-5.131501007,-5.131501007,-5.131501007,-5.131501007,-5.131501007,0,0,0,-8.644595212,4.827489619,3.057323267,3.057416438,-2.074121267
2023-07-01,3.041863316,-5.26916433,-5.26916433,-5.26916433,-5.26916433,-5.26916433,-5.26916433,0,0,0,-8.713005257,4.070527265,3.041784529,3.041918027,-2.227301013
2023-08-01,3.025829679,-5.324146696,-5.324146696,-5.324146696,-5.324146696,-5.324146696,-5.324146696,0,0,0,-9.275785364,4.241158687,3.02572825,3.025905846,-2.298317017
2023-09-01,3.009796042,-5.334168331,-5.334168331,-5.334168331,-5.334168331,-5.334168331,-5.334168331,0,0,0,-8.866806059,4.35503776,3.009676104,3.009894902,-2.324372289
2023-10-01,2.994279619,-4.999053849,-4.999053849,-4.999053849,-4.999053849,-4.999053849,-4.999053849,0,0,0,-8.430608277,4.768268753,2.994131225,2.994395984,-2.004774229
2023-11-01,2.978245982,-2.977540356,-2.977540356,-2.977540356,-2.977540356,-2.977540356,-2.977540356,0,0,0,-6.455352984,6.298581883,2.97806821,2.978385689,0.000705626783
2023-12-01,2.962729559,4.377595178,4.377595178,4.377595178,4.377595178,4.377595178,4.377595178,0,0,0,1.032288339,13.84412921,2.962527142,2.962890752,7.340324737
2024-01-01,2.946695922,12.83066148,12.83066148,12.83066148,12.83066148,12.83066148,12.83066148,0,0,0,9.437744265,22.26138514,2.946454579,2.94688966,15.7773574
2024-02-01,2.930662285,13.42936003,13.42936003,13.42936003,13.42936003,13.42936003,13.42936003,0,0,0,9.676069714,23.16744163,2.930387561,2.930891195,16.36002232
2024-03-01,2.915663077,5.690411564,5.690411564,5.690411564,5.690411564,5.690411564,5.690411564,0,0,0,2.238616644,15.33028914,2.915363926,2.915925272,8.606074641
2024-04-01,2.89962944,-2.130088422,-2.130088422,-2.130088422,-2.130088422,-2.130088422,-2.130088422,0,0,0,-6.046024146,7.277219593,2.899294057,2.899921969,0.7695410172
2024-05-01,2.884113017,-5.008916801,-5.008916801,-5.008916801,-5.008916801,-5.008916801,-5.008916801,0,0,0,-9.01102647,4.463035183,2.88373743,2.884447367,-2.124803784
2024-06-01,2.86807938,-5.449716492,-5.449716492,-5.449716492,-5.449716492,-5.449716492,-5.449716492,0,0,0,-8.971024395,3.614349175,2.867656387,2.868452163,-2.581637113
2024-07-01,2.852562957,-5.318255546,-5.318255546,-5.318255546,-5.318255546,-5.318255546,-5.318255546,0,0,0,-8.999842364,3.856710334,2.85211198,2.852966413,-2.465692589
2024-08-01,2.83652932,-5.231376394,-5.231376394,-5.231376394,-5.231376394,-5.231376394,-5.231376394,0,0,0,-9.463718616,4.186654366,2.836035458,2.83697223,-2.394847074
2024-09-01,2.820495683,-5.12904216,-5.12904216,-5.12904216,-5.12904216,-5.12904216,-5.12904216,0,0,0,-9.319807509,4.355011344,2.819967088,2.82097233,-2.308546477
2024-10-01,2.80497926,-4.683417845,-4.683417845,-4.683417845,-4.683417845,-4.683417845,-4.683417845,0,0,0,-8.168711622,5.135763529,2.804402413,2.805490809,-1.878438585
2024-11-01,2.788945623,-2.881926772,-2.881926772,-2.881926772,-2.881926772,-2.881926772,-2.881926772,0,0,0,-6.940293155,6.178327829,2.788325368,2.789493265,-0.09298114914
2024-12-01,2.7734292,4.12430997,4.12430997,4.12430997,4.12430997,4.12430997,4.12430997,0,0,0,0.09415703891,13.323089,2.772781792,2.774018899,6.89773917
2025-01-01,2.757395563,12.78730658,12.78730658,12.78730658,12.78730658,12.78730658,12.78730658,0,0,0,8.746441786,22.1915513,2.756692059,2.758026083,15.54470214
2025-02-01,2.741361926,13.339396,13.339396,13.339396,13.339396,13.339396,13.339396,0,0,0,9.407594636,23.31732458,2.740604838,2.742021869,16.08075793
2025-03-01,2.726879931,5.610837256,5.610837256,5.610837256,5.610837256,5.610837256,5.610837256,0,0,0,2.045733781,15.07279148,2.726079544,2.727599951,8.337717187
2025-04-01,2.710846294,-2.129844477,-2.129844477,-2.129844477,-2.129844477,-2.129844477,-2.129844477,0,0,0,-6.413623964,7.390415943,2.709999491,2.711602895,0.5810018177
2025-05-01,2.695329871,-4.919516399,-4.919516399,-4.919516399,-4.919516399,-4.919516399,-4.919516399,0,0,0,-9.111751721,4.552326935,2.694415395,2.69613619,-2.224186528
2025-06-01,2.679296234,-5.343021748,-5.343021748,-5.343021748,-5.343021748,-5.343021748,-5.343021748,0,0,0,-9.169349484,4.087058319,2.678328258,2.680152999,-2.663725514
2025-07-01,2.663779812,-5.298930641,-5.298930641,-5.298930641,-5.298930641,-5.298930641,-5.298930641,0,0,0,-9.412945513,3.448131787,2.662745951,2.664672421,-2.635150829
2025-08-01,2.647746175,-5.259739893,-5.259739893,-5.259739893,-5.259739893,-5.259739893,-5.259739893,0,0,0,-9.659053091,4.029374952,2.646679296,2.648667612,-2.611993719
2025-09-01,2.631712538,-5.196242927,-5.196242927,-5.196242927,-5.196242927,-5.196242927,-5.196242927,0,0,0,-9.0293209,4.040213865,2.630609753,2.632651065,-2.56453039
2025-10-01,2.616196115,-4.790901642,-4.790901642,-4.790901642,-4.790901642,-4.790901642,-4.790901642,0,0,0,-8.476541713,4.485872122,2.615047932,2.617192675,-2.174705527
2025-11-01,2.600162478,-2.918796479,-2.918796479,-2.918796479,-2.918796479,-2.918796479,-2.918796479,0,0,0,-7.02812997,6.22496376,2.59897529,2.601202808,-0.3186340011
2025-12-01,2.584646055,4.207735009,4.207735009,4.207735009,4.207735009,4.207735009,4.207735009,0,0,0,0.5524086683,14.04283289,2.583399553,2.585715885,6.792381063
2026-01-01,2.568612418,12.8056799,12.8056799,12.8056799,12.8056799,12.8056799,12.8056799,0,0,0,8.363227842,22.11153746,2.567322536,2.569750796,15.37429232
2026-02-01,2.552578781,13.37422507,13.37422507,13.37422507,13.37422507,13.37422507,13.37422507,0,0,0,9.098918272,22.55250956,2.551237938,2.55376406,15.92680386
2026-03-01,2.538096786,5.531688973,5.531688973,5.531688973,5.531688973,5.531688973,5.531688973,0,0,0,1.758985897,14.84804209,2.536703339,2.539337301,8.069785759
2026-04-01,2.522063149,-2.12509269,-2.12509269,-2.12509269,-2.12509269,-2.12509269,-2.12509269,0,0,0,-6.156722859,6.801086588,2.52060943,2.523387623,0.3969704586
2026-05-01,2.506546726,-4.826999672,-4.826999672,-4.826999672,-4.826999672,-4.826999672,-4.826999672,0,0,0,-8.495701612,4.502543385,2.50503428,2.50790561,-2.320452946
2026-06-01,2.490513089,-5.236895318,-5.236895318,-5.236895318,-5.236895318,-5.236895318,-5.236895318,0,0,0,-9.050494659,4.090274069,2.488942624,2.491902283,-2.746382229
2026-07-01,2.474996666,-5.282552786,-5.282552786,-5.282552786,-5.282552786,-5.282552786,-5.282552786,0,0,0,-9.261871072,4.339289971,2.47337203,2.476470149,-2.80755612
2026-08-01,2.458963029,-5.290681684,-5.290681684,-5.290681684,-5.290681684,-5.290681684,-5.290681684,0,0,0,-9.559708566,4.093367147,2.457294843,2.460506091,-2.831718654
2026-09-01,2.442929392,-5.264660097,-5.264660097,-5.264660097,-5.264660097,-5.264660097,-5.264660097,0,0,0,-9.262332647,4.28609679,2.441208878,2.444540538,-2.821730705
2026-10-01,2.427412969,-4.896159278,-4.896159278,-4.896159278,-4.896159278,-4.896159278,-4.896159278,0,0,0,-8.879903192,4.088747154,2.425645503,2.429094844,-2.468746309
2026-11-01,2.411379332,-2.950660732,-2.950660732,-2.950660732,-2.950660732,-2.950660732,-2.950660732,0,0,0,-7.105679261,6.334830586,2.409506717,2.413115384,-0.5392813999
2026-12-01,2.395862909,4.292235043,4.292235043,4.292235043,4.292235043,4.292235043,4.292235043,0,0,0,-0.5791984677,13.0092989,2.393954051,2.397668895,6.688097952
2027-01-01,2.379829272,12.82017012,12.82017012,12.82017012,12.82017012,12.82017012,12.82017012,0,0,0,8.392977124,21.74341686,2.377853315,2.381733873,15.19999939
2027-02-01,2.363795635,13.40420475,13.40420475,13.40420475,13.40420475,13.40420475,13.40420475,0,0,0,8.935965556,21.72997912,2.361766188,2.365755135,15.76800038
2027-03-01,2.349313641,5.453177622,5.453177622,5.453177622,5.453177622,5.453177622,5.453177622,0,0,0,0.5642943185,14.48305048,2.347215619,2.351307238,7.802491263
2027-04-01,2.333280004,-2.115759184,-2.115759184,-2.115759184,-2.115759184,-2.115759184,-2.115759184,0,0,0,-6.564862369,6.494353181,2.331093125,2.335326699,0.2175208201
2027-05-01,2.317763581,-4.731490813,-4.731490813,-4.731490813,-4.731490813,-4.731490813,-4.731490813,0,0,0,-8.999709481,4.156090314,2.315517926,2.31988598,-2.413727232
2027-06-01,2.301729944,-5.131501007,-5.131501007,-5.131501007,-5.131501007,-5.131501007,-5.131501007,0,0,0,-9.336576468,3.687697814,2.29937415,2.303930809,-2.829771063
2027-07-01,2.286213521,-5.26916433,-5.26916433,-5.26916433,-5.26916433,-5.26916433,-5.26916433,0,0,0,-9.515722921,3.971463902,2.283794084,2.288486897,-2.982950809
2027-08-01,2.270179884,-5.324146696,-5.324146696,-5.324146696,-5.324146696,-5.324146696,-5.324146696,0,0,0,-9.692388117,3.178135509,2.267698902,2.272519462,-3.053966812
2027-09-01,2.254146247,-5.334168331,-5.334168331,-5.334168331,-5.334168331,-5.334168331,-5.334168331,0,0,0,-9.664615105,3.414288493,2.251584841,2.256549545,-3.080022084
2027-10-01,2.238629824,-4.999053849,-4.999053849,-4.999053849,-4.999053849,-4.999053849,-4.999053849,0,0,0,-9.882987128,4.092340297,2.235995599,2.241118872,-2.760424025
2027-11-01,2.222596187,-2.977540356,-2.977540356,-2.977540356,-2.977540356,-2.977540356,-2.977540356,0,0,0,-7.187955815,6.396249682,2.219846529,2.225163224,-0.7549441686
2027-12-01,2.207079764,4.377595178,4.377595178,4.377595178,4.377595178,4.377595178,4.377595178,0,0,0,-0.3204462527,13.56526248,2.204236432,2.209706638,6.584674942
2028-01-01,2.191046127,12.83066148,12.83066148,12.83066148,12.83066148,12.83066148,12.83066148,0,0,0,8.363100703,21.51245463,2.188087841,2.193740704,15.0217076
2028-02-01,2.17501249,13.42936003,13.42936003,13.42936003,13.42936003,13.42936003,13.42936003,0,0,0,9.204547181,22.4571112,2.171967596,2.177799082,15.60437252
2028-03-01,2.160013281,5.690411564,5.690411564,5.690411564,5.690411564,5.690411564,5.690411564,0,0,0,1.496188385,14.65088821,2.15691267,2.162886818,7.850424845
2028-04-01,2.143979644,-2.130088422,-2.130088422,-2.130088422,-2.130088422,-2.130088422,-2.130088422,0,0,0,-6.577387209,6.311352377,2.14083321,2.146945322,0.01389122184
2028-05-01,2.128463221,-5.008916801,-5.008916801,-5.008916801,-5.008916801,-5.008916801,-5.008916801,0,0,0,-9.648438754,3.155775023,2.125253564,2.131487908,-2.880453579
2028-06-01,2.112429584,-5.449716492,-5.449716492,-5.449716492,-5.449716492,-5.449716492,-5.449716492,0,0,0,-10.04498397,3.133999507,2.109152893,2.115565308,-3.337286908
2028-07-01,2.096913161,-5.318255546,-5.318255546,-5.318255546,-5.318255546,-5.318255546,-5.318255546,0,0,0,-9.939160422,3.136130057,2.093545408,2.10014968,-3.221342385
2028-08-01,2.080879524,-5.231376394,-5.231376394,-5.231376394,-5.231376394,-5.231376394,-5.231376394,0,0,0,-10.01450542,3.089741762,2.077412003,2.084210034,-3.150496869
2028-09-01,2.064845887,-5.12904216,-5.12904216,-5.12904216,-5.12904216,-5.12904216,-5.12904216,0,0,0,-9.607096196,3.595034212,2.061344795,2.06822696,-3.064196272
2028-10-01,2.049329465,-4.683417845,-4.683417845,-4.683417845,-4.683417845,-4.683417845,-4.683417845,0,0,0,-9.429425201,3.986609179,2.045735041,2.052788153,-2.63408838
2028-11-01,2.033295828,-2.881926772,-2.881926772,-2.881926772,-2.881926772,-2.881926772,-2.881926772,0,0,0,-8.059943697,5.818964215,2.029609383,2.036837612,-0.8486309445
2028-12-01,2.017779405,4.12430997,4.12430997,4.12430997,4.12430997,4.12430997,4.12430997,0,0,0,-0.9837729399,12.21865161,2.013993065,2.02138072,6.142089375
2029-01-01,2.001745768,12.78730658,12.78730658,12.78730658,12.78730658,12.78730658,12.78730658,0,0,0,7.888484421,21.50121844,1.997843785,2.005435113,14.78905234
2029-02-01,1.985712131,13.339396,13.339396,13.339396,13.339396,13.339396,13.339396,0,0,0,8.790487536,21.87341085,1.98168337,1.989488715,15.32510813
2029-03-01,1.971230136,5.610837256,5.610837256,5.610837256,5.610837256,5.610837256,5.610837256,0,0,0,0.802151146,13.61052263,1.967117316,1.97510602,7.582067392
2029-04-01,1.955196499,-2.129844477,-2.129844477,-2.129844477,-2.129844477,-2.129844477,-2.129844477,0,0,0,-6.714386039,6.183714233,1.950994274,1.959130204,-0.1746479777
2029-05-01,1.939680076,-4.919516399,-4.919516399,-4.919516399,-4.919516399,-4.919516399,-4.919516399,0,0,0,-9.955768307,3.937312388,1.935392888,1.943679068,-2.979836323
2029-06-01,1.923646439,-5.343021748,-5.343021748,-5.343021748,-5.343021748,-5.343021748,-5.343021748,0,0,0,-10.5894469,3.612263038,1.91925567,1.927738519,-3.419375309
2029-07-01,1.908130016,-5.298930641,-5.298930641,-5.298930641,-5.298930641,-5.298930641,-5.298930641,0,0,0,-10.47434068,3.16743992,1.903658518,1.912315179,-3.390800625
2029-08-01,1.892096379,-5.259739893,-5.259739893,-5.259739893,-5.259739893,-5.259739893,-5.259739893,0,0,0,-9.967604975,3.208317507,1.887542619,1.896377726,-3.367643514
2029-09-01,1.876062742,-5.196242927,-5.196242927,-5.196242927,-5.196242927,-5.196242927,-5.196242927,0,0,0,-10.27237043,3.651676898,1.871446355,1.880427949,-3.320180185
2029-10-01,1.860546319,-4.790901642,-4.790901642,-4.790901642,-4.790901642,-4.790901642,-4.790901642,0,0,0,-9.594006599,3.712449076,1.85586488,1.864971772,-2.930355323
2029-11-01,1.844512682,-2.918796479,-2.918796479,-2.918796479,-2.918796479,-2.918796479,-2.918796479,0,0,0,-7.710273231,5.747837054,1.839764022,1.849019417,-1.074283797
2029-12-01,1.828996259,4.207735009,4.207735009,4.207735009,4.207735009,4.207735009,4.207735009,0,0,0,-0.5346763236,12.74111611,1.824137391,1.833596928,6.036731268
2030-01-01,1.812962622,12.8056799,12.8056799,12.8056799,12.8056799,12.8056799,12.8056799,0,0,0,7.53539722,20.51053454,1.807990797,1.817635695,14.61864252
2030-02-01,1.796928985,13.37422507,13.37422507,13.37422507,13.37422507,13.37422507,13.37422507,0,0,0,8.547255369,21.64165939,1.791878799,1.801730812,15.17115406
2030-03-01,1.782446991,5.531688973,5.531688973,5.531688973,5.531688973,5.531688973,5.531688973,0,0,0,0.574472756,14.37788297,1.777325308,1.787357381,7.314135964
2030-04-01,1.766413354,-2.12509269,-2.12509269,-2.12509269,-2.12509269,-2.12509269,-2.12509269,0,0,0,-6.822644936,6.405745377,1.761203901,1.771436012,-0.3586793368
2030-05-01,1.750896931,-4.826999672,-4.826999672,-4.826999672,-4.826999672,-4.826999672,-4.826999672,0,0,0,-9.620556189,3.598483381,1.745582709,1.756018557,-3.076102741
2030-06-01,1.734863294,-5.236895318,-5.236895318,-5.236895318,-5.236895318,-5.236895318,-5.236895318,0,0,0,-9.934613848,3.154246209,1.729445836,1.740101717,-3.502032025
2030-07-01,1.719346871,-5.282552786,-5.282552786,-5.282552786,-5.282552786,-5.282552786,-5.282552786,0,0,0,-9.928113475,3.35773643,1.713845809,1.724702431,-3.563205915
2030-08-01,1.703313234,-5.290681684,-5.290681684,-5.290681684,-5.290681684,-5.290681684,-5.290681684,0,0,0,-10.28354835,3.307558059,1.69773975,1.708763931,-3.58736845
2030-09-01,1.687279597,-5.264660097,-5.264660097,-5.264660097,-5.264660097,-5.264660097,-5.264660097,0,0,0,-9.514485511,2.961617818,1.681609498,1.692804979,-3.5773805
2030-10-01,1.671763174,-4.896159278,-4.896159278,-4.896159278,-4.896159278,-4.896159278,-4.896159278,0,0,0,-9.62500888,3.619533729,1.665972155,1.677400228,-3.224396104
2030-11-01,1.655729537,-2.950660732,-2.950660732,-2.950660732,-2.950660732,-2.950660732,-2.950660732,0,0,0,-8.053588707,5.204459347,1.64984289,1.661455395,-1.294931195
2030-12-01,1.640213114,4.292235043,4.292235043,4.292235043,4.292235043,4.292235043,4.292235043,0,0,0,-0.5408411764,12.64875089,1.634242637,1.646067891,5.932448157
2031-01-01,1.624179477,12.82017012,12.82017012,12.82017012,12.82017012,12.82017012,12.82017012,0,0,0,7.969762,21.59779014,1.618100274,1.630095861,14.4443496
2031-02-01,1.60814584,13.40420475,13.40420475,13.40420475,13.40420475,13.40420475,13.40420475,0,0,0,8.563355339,21.33202452,1.601981561,1.61417454,15.01235059
2031-03-01,1.593663845,5.453177622,5.453177622,5.453177622,5.453177622,5.453177622,5.453177622,0,0,0,0.1107051392,13.69302699,1.587415698,1.599764801,7.046841467
2031-04-01,1.577630208,-2.115759184,-2.115759184,-2.115759184,-2.115759184,-2.115759184,-2.115759184,0,0,0,-7.024797085,6.46877799,1.571220997,1.583805893,-0.5381289753
2031-05-01,1.562113785,-4.731490813,-4.731490813,-4.731490813,-4.731490813,-4.731490813,-4.731490813,0,0,0,-9.86257126,3.244902325,1.555599682,1.568339187,-3.169377027
2031-06-01,1.546080148,-5.131501007,-5.131501007,-5.131501007,-5.131501007,-5.131501007,-5.131501007,0,0,0,-9.855575694,3.548302972,1.539476718,1.552436536,-3.585420858
2031-07-01,1.530563726,-5.26916433,-5.26916433,-5.26916433,-5.26916433,-5.26916433,-5.26916433,0,0,0,-10.32171314,3.372720689,1.523878984,1.536991634,-3.738600604
2031-08-01,1.514530089,-5.324146696,-5.324146696,-5.324146696,-5.324146696,-5.324146696,-5.324146696,0,0,0,-10.40461845,2.637967308,1.507784761,1.521042202,-3.809616607
2031-09-01,1.498496452,-5.334168331,-5.334168331,-5.334168331,-5.334168331,-5.334168331,-5.334168331,0,0,0,-10.21862167,3.01180626,1.491676612,1.505109836,-3.83567188
2031-10-01,1.482980029,-4.999053849,-4.999053849,-4.999053849,-4.999053849,-4.999053849,-4.999053849,0,0,0,-10.19424647,2.80402384,1.476049327,1.489689593,-3.51607382
2031-11-01,1.466946392,-2.977540356,-2.977540356,-2.977540356,-2.977540356,-2.977540356,-2.977540356,0,0,0,-8.204883491,4.514226556,1.459909855,1.473744741,-1.510593964
2031-12-01,1.451429969,4.377595178,4.377595178,4.377595178,4.377595178,4.377595178,4.377595178,0,0,0,-0.9264100364,12.28467106,1.444371092,1.458314239,5.829025147
2032-01-01,1.435396332,12.83066148,12.83066148,12.83066148,12.83066148,12.83066148,12.83066148,0,0,0,7.646727414,20.26219662,1.428185212,1.442383276,14.26605781
2032-02-01,1.419362695,13.42936003,13.42936003,13.42936003,13.42936003,13.42936003,13.42936003,0,0,0,8.046153764,21.80474285,1.411967076,1.426435639,14.84872273
2032-03-01,1.404363486,5.690411564,5.690411564,5.690411564,5.690411564,5.690411564,5.690411564,0,0,0,0.7708314889,13.96115939,1.396879545,1.411508826,7.09477505
2032-04-01,1.388329849,-2.130088422,-2.130088422,-2.130088422,-2.130088422,-2.130088422,-2.130088422,0,0,0,-7.43816375,5.572787591,1.380754262,1.395555884,-0.7417585736
2032-05-01,1.372813426,-5.008916801,-5.008916801,-5.008916801,-5.008916801,-5.008916801,-5.008916801,0,0,0,-10.31584049,2.145799668,1.365155245,1.380122997,-3.636103375
2032-06-01,1.356779789,-5.449716492,-5.449716492,-5.449716492,-5.449716492,-5.449716492,-5.449716492,0,0,0,-10.97650035,2.68185858,1.349024401,1.36418571,-4.092936703
2032-07-01,1.341263366,-5.318255546,-5.318255546,-5.318255546,-5.318255546,-5.318255546,-5.318255546,0,0,0,-11.13417429,2.805868512,1.333428662,1.34874642,-3.97699218
2032-08-01,1.325229729,-5.231376394,-5.231376394,-5.231376394,-5.231376394,-5.231376394,-5.231376394,0,0,0,-9.845180446,2.547571308,1.31729288,1.332812198,-3.906146665
2032-09-01,1.309196092,-5.12904216,-5.12904216,-5.12904216,-5.12904216,-5.12904216,-5.12904216,0,0,0,-10.63037045,3.122926791,1.301099686,1.316930029,-3.819846068
2032-10-01,1.293679669,-4.683417845,-4.683417845,-4.683417845,-4.683417845,-4.683417845,-4.683417845,0,0,0,-10.07303481,3.336158236,1.285514663,1.301545577,-3.389738176
2032-11-01,1.277646032,-2.881926772,-2.881926772,-2.881926772,-2.881926772,-2.881926772,-2.881926772,0,0,0,-8.162021666,5.337344525,1.269381451,1.285660893,-1.60428074
2032-12-01,1.262129609,4.12430997,4.12430997,4.12430997,4.12430997,4.12430997,4.12430997,0,0,0,-0.9974162358,11.62588376,1.253748056,1.270292901,5.386439579
2033-01-01,1.246095972,12.78730658,12.78730658,12.78730658,12.78730658,12.78730658,12.78730658,0,0,0,7.83926691,20.86727605,1.237567022,1.254322085,14.03340255
2033-02-01,1.230062335,13.339396,13.339396,13.339396,13.339396,13.339396,13.339396,0,0,0,7.924409185,21.39746949,1.22134705,1.238350333,14.56945833
2033-03-01,1.215580341,5.610837256,5.610837256,5.610837256,5.610837256,5.610837256,5.610837256,0,0,0,0.2538661699,13.61262071,1.206742118,1.223924234,6.826417597
2033-04-01,1.199546704,-2.129844477,-2.129844477,-2.129844477,-2.129844477,-2.129844477,-2.129844477,0,0,0,-7.736927829,5.450691141,1.190628078,1.207952482,-0.9302977731
2033-05-01,1.184030281,-4.919516399,-4.919516399,-4.919516399,-4.919516399,-4.919516399,-4.919516399,0,0,0,-10.50396301,2.81408374,1.17500424,1.192508237,-3.735486118
2033-06-01,1.167996644,-5.343021748,-5.343021748,-5.343021748,-5.343021748,-5.343021748,-5.343021748,0,0,0,-11.19025289,2.095585426,1.158839511,1.176579518,-4.175025105
2033-07-01,1.152480221,-5.298930641,-5.298930641,-5.298930641,-5.298930641,-5.298930641,-5.298930641,0,0,0,-10.90991457,2.49523758,1.143222954,1.161221235,-4.14645042
2033-08-01,1.136446584,-5.259739893,-5.259739893,-5.259739893,-5.259739893,-5.259739893,-5.259739893,0,0,0,-11.24112007,2.405497825,1.127073179,1.145260718,-4.123293309
2033-09-01,1.120412947,-5.196242927,-5.196242927,-5.196242927,-5.196242927,-5.196242927,-5.196242927,0,0,0,-10.84203294,2.44029984,1.110884648,1.129312036,-4.07582998
2033-10-01,1.104896524,-4.790901642,-4.790901642,-4.790901642,-4.790901642,-4.790901642,-4.790901642,0,0,0,-10.23251188,2.693011236,1.09529445,1.113888362,-3.686005118
2033-11-01,1.088862887,-2.918796479,-2.918796479,-2.918796479,-2.918796479,-2.918796479,-2.918796479,0,0,0,-8.726708691,4.870240896,1.079069409,1.09797388,-1.829933592
2033-12-01,1.073346464,4.207735009,4.207735009,4.207735009,4.207735009,4.207735009,4.207735009,0,0,0,-1.241977687,11.29468154,1.063378915,1.082568021,5.281081472
2034-01-01,1.057312827,12.8056799,12.8056799,12.8056799,12.8056799,12.8056799,12.8056799,0,0,0,7.032834356,20.33111569,1.047177687,1.066648633,13.86299273
2034-02-01,1.04127919,13.37422507,13.37422507,13.37422507,13.37422507,13.37422507,13.37422507,0,0,0,8.132860138,21.13021902,1.031014998,1.050729245,14.41550426
2034-03-01,1.026797195,5.531688973,5.531688973,5.531688973,5.531688973,5.531688973,5.531688973,0,0,0,-0.3603330863,12.90744381,1.016417851,1.036343478,6.558486168
2034-04-01,1.010763558,-2.12509269,-2.12509269,-2.12509269,-2.12509269,-2.12509269,-2.12509269,0,0,0,-8.439634983,5.254408874,1.000270029,1.020499305,-1.114329132
2034-05-01,0.9952471353,-4.826999672,-4.826999672,-4.826999672,-4.826999672,-4.826999672,-4.826999672,0,0,0,-10.36519611,2.897437872,0.9846453951,1.005087788,-3.831752537
2034-06-01,0.9792134983,-5.236895318,-5.236895318,-5.236895318,-5.236895318,-5.236895318,-5.236895318,0,0,0,-10.77952399,2.460906283,0.9684685225,0.9890704264,-4.25768182
2034-07-01,0.9636970754,-5.282552786,-5.282552786,-5.282552786,-5.282552786,-5.282552786,-5.282552786,0,0,0,-10.88175088,2.205726723,0.9528263371,0.9736857578,-4.31885571
2034-08-01,0.9476634384,-5.290681684,-5.290681684,-5.290681684,-5.290681684,-5.290681684,-5.290681684,0,0,0,-10.55807376,2.304083654,0.9366543081,0.9577985929,-4.343018245
2034-09-01,0.9316298014,-5.264660097,-5.264660097,-5.264660097,-5.264660097,-5.264660097,-5.264660097,0,0,0,-11.08046876,1.920994629,0.9204916584,0.9418815447,-4.333030296
2034-10-01,0.9161133785,-4.896159278,-4.896159278,-4.896159278,-4.896159278,-4.896159278,-4.896159278,0,0,0,-10.59947754,2.54597891,0.9048430884,0.9264439934,-3.980045899
2034-11-01,0.9000797415,-2.950660732,-2.950660732,-2.950660732,-2.950660732,-2.950660732,-2.950660732,0,0,0,-8.384863214,4.684805115,0.8886242164,0.9104637596,-2.050580991
2034-12-01,0.8845633186,4.292235043,4.292235043,4.292235043,4.292235043,4.292235043,4.292235043,0,0,0,-1.727485797,11.39389608,0.872948821,0.8950467109,5.176798362
2035-01-01,0.8685296816,12.82017012,12.82017012,12.82017012,12.82017012,12.82017012,12.82017012,0,0,0,7.29187802,19.96133447,0.8568568282,0.8791465873,13.6886998
2035-02-01,0.8524960446,13.40420475,13.40420475,13.40420475,13.40420475,13.40420475,13.40420475,0,0,0,7.542525656,20.80600801,0.8406658013,0.8632449461,14.25670079
2035-03-01,0.8380140499,5.453177622,5.453177622,5.453177622,5.453177622,5.453177622,5.453177622,0,0,0,0.001762806776,13.09900328,0.8260899457,0.848885611,6.291191672
2035-04-01,0.8219804129,-2.115759184,-2.115759184,-2.115759184,-2.115759184,-2.115759184,-2.115759184,0,0,0,-7.568455644,5.452073694,0.8099541209,0.8329802529,-1.293778771
2035-05-01,0.80646399,-4.731490813,-4.731490813,-4.731490813,-4.731490813,-4.731490813,-4.731490813,0,0,0,-10.61555945,2.732634556,0.7944030348,0.8175632475,-3.925026823
2035-06-01,0.790430353,-5.131501007,-5.131501007,-5.131501007,-5.131501007,-5.131501007,-5.131501007,0,0,0,-10.55701311,2.698949844,0.7782483631,0.8016572817,-4.341070654
2035-07-01,0.7749139301,-5.26916433,-5.26916433,-5.26916433,-5.26916433,-5.26916433,-5.26916433,0,0,0,-11.53065841,2.340849102,0.76259824,0.7862644116,-4.494250399
2035-08-01,0.7588802931,-5.324146696,-5.324146696,-5.324146696,-5.324146696,-5.324146696,-5.324146696,0,0,0,-10.74145711,2.00775784,0.7464239103,0.7703584458,-4.565266403
2035-09-01,0.7428466561,-5.334168331,-5.334168331,-5.334168331,-5.334168331,-5.334168331,-5.334168331,0,0,0,-11.59615352,2.101883165,0.7302757333,0.7544503393,-4.591321675
2035-10-01,0.7273302332,-4.999053849,-4.999053849,-4.999053849,-4.999053849,-4.999053849,-4.999053849,0,0,0,-10.82843781,2.022075953,0.7146445441,0.7390239401,-4.271723616
2035-11-01,0.7112965962,-2.977540356,-2.977540356,-2.977540356,-2.977540356,-2.977540356,-2.977540356,0,0,0,-8.665903605,4.175458287,0.6984924049,0.7231086137,-2.266243759
2035-12-01,0.6957801733,4.377595178,4.377595178,4.377595178,4.377595178,4.377595178,4.377595178,0,0,0,-1.396722066,11.5228927,0.6828624815,0.7076925817,5.073375351
2036-01-01,0.6797465363,12.83066148,12.83066148,12.83066148,12.83066148,12.83066148,12.83066148,0,0,0,6.962392282,19.42332608,0.6667198415,0.691762682,13.51040801
2036-02-01,0.6637128993,13.42936003,13.42936003,13.42936003,13.42936003,13.42936003,13.42936003,0,0,0,7.453796931,20.97480188,0.6506148448,0.6758319943,14.09307293
2036-03-01,0.6487136905,5.690411564,5.690411564,5.690411564,5.690411564,5.690411564,5.690411564,0,0,0,-0.8618738807,12.8421812,0.6354894947,0.6609264747,6.339125254
2036-04-01,0.6326800535,-2.130088422,-2.130088422,-2.130088422,-2.130088422,-2.130088422,-2.130088422,0,0,0,-8.462832006,5.019421915,0.6193163015,0.6449929882,-1.497408369
2036-05-01,0.6171636306,-5.008916801,-5.008916801,-5.008916801,-5.008916801,-5.008916801,-5.008916801,0,0,0,-11.25521427,2.718778135,0.6037106515,0.6295734852,-4.39175317
2036-06-01,0.6011299936,-5.449716492,-5.449716492,-5.449716492,-5.449716492,-5.449716492,-5.449716492,0,0,0,-11.90968644,1.471275475,0.5875493555,0.613682781,-4.848586499
2036-07-01,0.5856135707,-5.318255546,-5.318255546,-5.318255546,-5.318255546,-5.318255546,-5.318255546,0,0,0,-11.25010655,2.490613151,0.5719141699,0.5982864184,-4.732641975
2036-08-01,0.5695799337,-5.231376394,-5.231376394,-5.231376394,-5.231376394,-5.231376394,-5.231376394,0,0,0,-11.12208256,2.16301413,0.5557380712,0.5823314987,-4.66179646
2036-09-01,0.5535462967,-5.12904216,-5.12904216,-5.12904216,-5.12904216,-5.12904216,-5.12904216,0,0,0,-10.95823591,2.09198003,0.5396272891,0.5663535228,-4.575495863
2036-10-01,0.5380298738,-4.683417845,-4.683417845,-4.683417845,-4.683417845,-4.683417845,-4.683417845,0,0,0,-11.0844152,2.500535577,0.5240383932,0.5509313558,-4.145387971
2036-11-01,0.5219962368,-2.881926772,-2.881926772,-2.881926772,-2.881926772,-2.881926772,-2.881926772,0,0,0,-8.903894116,4.327301863,0.5079346507,0.5350180531,-2.359930535
2036-12-01,0.5064798139,4.12430997,4.12430997,4.12430997,4.12430997,4.12430997,4.12430997,0,0,0,-1.873686802,11.0646239,0.4923541931,0.519565688,4.630789784
2037-01-01,0.4904461769,12.78730658,12.78730658,12.78730658,12.78730658,12.78730658,12.78730658,0,0,0,6.945288093,19.53106081,0.4762610212,0.5036446337,13.27775275
2037-02-01,0.4744125399,13.339396,13.339396,13.339396,13.339396,13.339396,13.339396,0,0,0,6.559359143,20.16533924,0.4600734121,0.4877139193,13.81380854
2037-03-01,0.4599305452,5.610837256,5.610837256,5.610837256,5.610837256,5.610837256,5.610837256,0,0,0,-0.7824219568,12.8560433,0.4454012064,0.4733105151,6.070767801
2037-04-01,0.4438969082,-2.129844477,-2.129844477,-2.129844477,-2.129844477,-2.129844477,-2.129844477,0,0,0,-8.743536575,5.320934453,0.4292232521,0.4573722958,-1.685947569
2037-05-01,0.4283804853,-4.919516399,-4.919516399,-4.919516399,-4.919516399,-4.919516399,-4.919516399,0,0,0,-11.1080505,2.004795124,0.413532426,0.4419738806,-4.491135914
2037-06-01,0.4123468483,-5.343021748,-5.343021748,-5.343021748,-5.343021748,-5.343021748,-5.343021748,0,0,0,-11.35555378,1.814421447,0.3973210768,0.4260232807,-4.9306749
2037-07-01,0.3968304254,-5.298930641,-5.298930641,-5.298930641,-5.298930641,-5.298930641,-5.298930641,0,0,0,-10.98783283,1.62151039,0.381629829,0.4105532241,-4.902100216
2037-08-01,0.3807967884,-5.259739893,-5.259739893,-5.259739893,-5.259739893,-5.259739893,-5.259739893,0,0,0,-11.42985607,2.334242806,0.3654047551,0.394567499,-4.878943105
2037-09-01,0.3647631514,-5.196242927,-5.196242927,-5.196242927,-5.196242927,-5.196242927,-5.196242927,0,0,0,-11.69630755,1.89999245,0.3492198354,0.3786358755,-4.831479776
2037-10-01,0.3492467285,-4.790901642,-4.790901642,-4.790901642,-4.790901642,-4.790901642,-4.790901642,0,0,0,-10.82978877,2.031629187,0.3335329653,0.36322074,-4.441654914
2037-11-01,0.3332130915,-2.918796479,-2.918796479,-2.918796479,-2.918796479,-2.918796479,-2.918796479,0,0,0,-8.953589277,4.266525367,0.317361106,0.3472900782,-2.585583387
2037-12-01,0.3176966686,4.207735009,4.207735009,4.207735009,4.207735009,4.207735009,4.207735009,0,0,0,-2.435736634,11.35629037,0.3017113062,0.3318572804,4.525431677
2038-01-01,0.3016630316,12.8056799,12.8056799,12.8056799,12.8056799,12.8056799,12.8056799,0,0,0,6.154914842,20.39731344,0.2854906098,0.3159005188,13.10734293
2038-02-01,0.2856293946,13.37422507,13.37422507,13.37422507,13.37422507,13.37422507,13.37422507,0,0,0,7.288114353,20.32798277,0.2693081343,0.3000202673,13.65985447
2038-03-01,0.2711473998,5.531688973,5.531688973,5.531688973,5.531688973,5.531688973,5.531688973,0,0,0,-1.035325664,12.71472677,0.254694305,0.2856368173,5.802836373
2038-04-01,0.2551137628,-2.12509269,-2.12509269,-2.12509269,-2.12509269,-2.12509269,-2.12509269,0,0,0,-8.765916462,5.400056005,0.2385147084,0.2697144936,-1.869978928
2038-05-01,0.2395973399,-4.826999672,-4.826999672,-4.826999672,-4.826999672,-4.826999672,-4.826999672,0,0,0,-11.94333634,1.946133976,0.2228570342,0.254328607,-4.587402332
2038-06-01,0.2235637029,-5.236895318,-5.236895318,-5.236895318,-5.236895318,-5.236895318,-5.236895318,0,0,0,-11.45690671,1.089474702,0.2066838607,0.2384353872,-5.013331615
2038-07-01,0.20804728,-5.282552786,-5.282552786,-5.282552786,-5.282552786,-5.282552786,-5.282552786,0,0,0,-11.78424405,1.077661438,0.1910085097,0.2230596729,-5.074505506
2038-08-01,0.192013643,-5.290681684,-5.290681684,-5.290681684,-5.290681684,-5.290681684,-5.290681684,0,0,0,-11.81803921,1.738458076,0.1747925785,0.2071843753,-5.098668041
2038-09-01,0.175980006,-5.264660097,-5.264660097,-5.264660097,-5.264660097,-5.264660097,-5.264660097,0,0,0,-12.25428541,1.71118271,0.1586885423,0.1913308738,-5.088680091
2038-10-01,0.1604635831,-4.896159278,-4.896159278,-4.896159278,-4.896159278,-4.896159278,-4.896159278,0,0,0,-11.4962839,2.194253652,0.1429894421,0.1759074827,-4.735695695
2038-11-01,0.1444299461,-2.950660732,-2.950660732,-2.950660732,-2.950660732,-2.950660732,-2.950660732,0,0,0,-9.18444768,4.329486977,0.126803817,0.1600192888,-2.806230786
2038-12-01,0.1289135232,4.292235043,4.292235043,4.292235043,4.292235043,4.292235043,4.292235043,0,0,0,-2.791966269,11.24522809,0.1111507876,0.1446631144,4.421148566