ds,trend,additive_terms,additive_terms_lower,additive_terms_upper,yearly,yearly_lower,yearly_upper,multiplicative_terms,multiplicative_terms_lower,multiplicative_terms_upper,yhat_lower,yhat_upper,trend_lower,trend_upper,yhat,Sum_real
2/1/2000,874212.209,-146474.0949,-146474.0949,-146474.0949,-146474.0949,-146474.0949,-146474.0949,0,0,0,655551.7257,804832.2288,874212.209,874212.209,727738.114,651800
3/1/2000,873128.407,94964.57967,94964.57967,94964.57967,94964.57967,94964.57967,94964.57967,0,0,0,896369.6692,1039578.973,873128.407,873128.407,968092.9867,754300
4/1/2000,871969.8601,231070.7108,231070.7108,231070.7108,231070.7108,231070.7108,231070.7108,0,0,0,1033639.138,1179453.693,871969.8601,871969.8601,1103040.571,995500
5/1/2000,870848.6857,231839.5738,231839.5738,231839.5738,231839.5738,231839.5738,231839.5738,0,0,0,1028768.329,1179249.033,870848.6857,870848.6857,1102688.259,1120800
6/1/2000,869690.1388,132982.4006,132982.4006,132982.4006,132982.4006,132982.4006,132982.4006,0,0,0,927397.1501,1073155.236,869690.1388,869690.1388,1002672.539,1161900
7/1/2000,868568.9643,109108.9842,109108.9842,109108.9842,109108.9842,109108.9842,109108.9842,0,0,0,908534.3167,1055185.188,868568.9643,868568.9643,977677.9485,991300
8/1/2000,867410.4174,7129.617431,7129.617431,7129.617431,7129.617431,7129.617431,7129.617431,0,0,0,799777.9486,948571.8477,867410.4174,867410.4174,874540.0348,1017100
9/1/2000,866251.8705,-40899.78682,-40899.78682,-40899.78682,-40899.78682,-40899.78682,-40899.78682,0,0,0,743116.0316,899751.137,866251.8705,866251.8705,825352.0837,880400
10/1/2000,865130.696,-109643.2084,-109643.2084,-109643.2084,-109643.2084,-109643.2084,-109643.2084,0,0,0,684559.1733,824225.8077,865130.696,865130.696,755487.4876,682000
11/1/2000,863972.1491,-141467.4447,-141467.4447,-141467.4447,-141467.4447,-141467.4447,-141467.4447,0,0,0,650058.6118,796989.2776,863972.1491,863972.1491,722504.7044,640400
12/1/2000,863301.862,-205057.5631,-205057.5631,-205057.5631,-205057.5631,-205057.5631,-205057.5631,0,0,0,587203.9257,732913.1662,863301.862,863301.862,658244.2989,715200
1/1/2001,862609.2319,-231031.1946,-231031.1946,-231031.1946,-231031.1946,-231031.1946,-231031.1946,0,0,0,555998.0697,707526.9203,862609.2319,862609.2319,631578.0374,713300
2/1/2001,861916.6019,-200244.0928,-200244.0928,-200244.0928,-200244.0928,-200244.0928,-200244.0928,0,0,0,590759.9951,740312.9933,861916.6019,861916.6019,661672.5091,632900
3/1/2001,861291.0006,94985.93256,94985.93256,94985.93256,94985.93256,94985.93256,94985.93256,0,0,0,876582.0435,1036020.284,861291.0006,861291.0006,956276.9331,753900
4/1/2001,860598.3705,227844.5715,227844.5715,227844.5715,227844.5715,227844.5715,227844.5715,0,0,0,1012668.057,1164068.434,860598.3705,860598.3705,1088442.942,779500
5/1/2001,859928.0834,216077.8955,216077.8955,216077.8955,216077.8955,216077.8955,216077.8955,0,0,0,997789.6379,1149701.234,859928.0834,859928.0834,1076005.979,1069400
6/1/2001,859235.4533,132609.635,132609.635,132609.635,132609.635,132609.635,132609.635,0,0,0,922014.7764,1072312.035,859235.4533,859235.4533,991845.0883,1089400
7/1/2001,858565.1662,112028.9508,112028.9508,112028.9508,112028.9508,112028.9508,112028.9508,0,0,0,898046.2118,1041062.578,858565.1662,858565.1662,970594.117,1023100
8/1/2001,857872.5362,12121.16433,12121.16433,12121.16433,12121.16433,12121.16433,12121.16433,0,0,0,791158.3191,941263.7634,857872.5362,857872.5362,869993.7005,1020600
9/1/2001,857179.9073,-30340.97123,-30340.97123,-30340.97123,-30340.97123,-30340.97123,-30340.97123,0,0,0,754872.0446,909906.6899,857179.9073,857179.9073,826838.9361,899800
10/1/2001,856509.6214,-100175.2011,-100175.2011,-100175.2011,-100175.2011,-100175.2011,-100175.2011,0,0,0,685365.3929,828525.5352,856509.6214,856509.6214,756334.4202,773900
11/1/2001,855816.9925,-156814.4935,-156814.4935,-156814.4935,-156814.4935,-156814.4935,-156814.4935,0,0,0,620482.8019,773904.1182,855816.9925,855816.9925,699002.499,691100
12/1/2001,855146.7066,-223391.2807,-223391.2807,-223391.2807,-223391.2807,-223391.2807,-223391.2807,0,0,0,552605.3661,708019.0776,855146.7066,855146.7066,631755.4258,642700
1/1/2002,854454.0777,-226446.7491,-226446.7491,-226446.7491,-226446.7491,-226446.7491,-226446.7491,0,0,0,555835.2304,701412.2464,854454.0777,854454.0777,628007.3287,635900
2/1/2002,853761.4489,-182469.9748,-182469.9748,-182469.9748,-182469.9748,-182469.9748,-182469.9748,0,0,0,596796.9547,738504.4304,853761.4489,853761.4489,671291.4741,655300
3/1/2002,853135.8487,94565.77677,94565.77677,94565.77677,94565.77677,94565.77677,94565.77677,0,0,0,866277.248,1016791.184,853135.8487,853135.8487,947701.6254,759200
4/1/2002,852443.2198,224223.6377,224223.6377,224223.6377,224223.6377,224223.6377,224223.6377,0,0,0,1004889.759,1150994.765,852443.2198,852443.2198,1076666.857,1018000
5/1/2002,848286.4664,200344.0791,200344.0791,200344.0791,200344.0791,200344.0791,200344.0791,0,0,0,974610.1548,1125875.028,848286.4664,848286.4664,1048630.546,1108500
6/1/2002,843991.1546,132576.4916,132576.4916,132576.4916,132576.4916,132576.4916,132576.4916,0,0,0,899227.1215,1048364.243,843991.1546,843991.1546,976567.6461,1090400
7/1/2002,839834.4012,115166.1799,115166.1799,115166.1799,115166.1799,115166.1799,115166.1799,0,0,0,878898.0328,1026218.562,839834.4012,839834.4012,955000.5811,1033600
8/1/2002,835539.0893,17283.46086,17283.46086,17283.46086,17283.46086,17283.46086,17283.46086,0,0,0,779056.8362,925928.4286,835539.0893,835539.0893,852822.5502,1039500
9/1/2002,831243.7775,-19830.18878,-19830.18878,-19830.18878,-19830.18878,-19830.18878,-19830.18878,0,0,0,735167.2504,885884.0193,831243.7775,831243.7775,811413.5887,952200
10/1/2002,827087.0241,-91212.54262,-91212.54262,-91212.54262,-91212.54262,-91212.54262,-91212.54262,0,0,0,664715.9403,812633.2073,827087.0241,827087.0241,735874.4815,780500
11/1/2002,822791.7123,-172587.0371,-172587.0371,-172587.0371,-172587.0371,-172587.0371,-172587.0371,0,0,0,569621.7835,725408.3401,822791.7123,822791.7123,650204.6751,627700
12/1/2002,818634.9589,-241327.7269,-241327.7269,-241327.7269,-241327.7269,-241327.7269,-241327.7269,0,0,0,504810.2112,654666.5344,818634.9589,818634.9589,577307.232,657200
1/1/2003,814339.647,-221197.6297,-221197.6297,-221197.6297,-221197.6297,-221197.6297,-221197.6297,0,0,0,518817.5737,665138.8513,814339.647,814339.647,593142.0174,580500
2/1/2003,810044.502,-164537.8564,-164537.8564,-164537.8564,-164537.8564,-164537.8564,-164537.8564,0,0,0,573332.0304,721418.6652,810044.502,810044.502,645506.6456,613135
3/1/2003,806165.0162,93698.44074,93698.44074,93698.44074,93698.44074,93698.44074,93698.44074,0,0,0,817721.3374,971314.0802,806165.0162,806165.0162,899863.457,544152
4/1/2003,801869.8712,220215.6233,220215.6233,220215.6233,220215.6233,220215.6233,220215.6233,0,0,0,946376.3978,1101419.499,801869.8712,801869.8712,1022085.495,920922
5/1/2003,797713.2793,184659.5935,184659.5935,184659.5935,184659.5935,184659.5935,184659.5935,0,0,0,901353.1511,1048488.486,797713.2793,797713.2793,982372.8728,1045004
6/1/2003,793418.1343,132888.4505,132888.4505,132888.4505,132888.4505,132888.4505,132888.4505,0,0,0,851535.3869,1003162.611,793418.1343,793418.1343,926306.5848,936462
7/1/2003,789261.5424,118515.7146,118515.7146,118515.7146,118515.7146,118515.7146,118515.7146,0,0,0,834975.8433,983904.4321,789261.5424,789261.5424,907777.257,864997
8/1/2003,784966.3974,22606.1557,22606.1557,22606.1557,22606.1557,22606.1557,22606.1557,0,0,0,731553.6938,881029.1245,784966.3974,784966.3974,807572.5531,861250
9/1/2003,780671.2524,-9383.998615,-9383.998615,-9383.998615,-9383.998615,-9383.998615,-9383.998615,0,0,0,696477.623,844129.6471,780671.2524,780671.2524,771287.2538,730340
10/1/2003,776514.6604,-82762.33122,-82762.33122,-82762.33122,-82762.33122,-82762.33122,-82762.33122,0,0,0,620005.5863,765333.6089,776514.6604,776514.6604,693752.3292,672330
11/1/2003,772737.3231,-188762.3417,-188762.3417,-188762.3417,-188762.3417,-188762.3417,-188762.3417,0,0,0,506795.8104,654851.264,772737.3231,772737.3231,583974.9813,704160
12/1/2003,769081.8353,-258842.1417,-258842.1417,-258842.1417,-258842.1417,-258842.1417,-258842.1417,0,0,0,430604.7005,581102.9695,769081.8353,769081.8353,510239.6937,600583
1/1/2004,765304.498,-215290.2978,-215290.2978,-215290.2978,-215290.2978,-215290.2978,-215290.2978,0,0,0,479867.2455,628009.3456,765304.498,765304.498,550014.2002,606255
2/1/2004,761527.1606,-146474.0949,-146474.0949,-146474.0949,-146474.0949,-146474.0949,-146474.0949,0,0,0,538759.8499,692384.8979,761527.1606,761527.1606,615053.0657,588818
3/1/2004,757993.5225,94964.57967,94964.57967,94964.57967,94964.57967,94964.57967,94964.57967,0,0,0,774910.1119,928472.625,757993.5225,757993.5225,852958.1022,647571
4/1/2004,754216.1851,231070.7108,231070.7108,231070.7108,231070.7108,231070.7108,231070.7108,0,0,0,915083.922,1057864.38,754216.1851,754216.1851,985286.8959,908697
5/1/2004,750560.6974,231839.5738,231839.5738,231839.5738,231839.5738,231839.5738,231839.5738,0,0,0,913741.1117,1054549.308,750560.6974,750560.6974,982400.2712,995677
6/1/2004,746783.36,132982.4006,132982.4006,132982.4006,132982.4006,132982.4006,132982.4006,0,0,0,808011.8752,954309.3514,746783.36,746783.36,879765.7607,987528
7/1/2004,743127.8723,109108.9842,109108.9842,109108.9842,109108.9842,109108.9842,109108.9842,0,0,0,782551.4893,929988.1419,743127.8723,743127.8723,852236.8565,932831
8/1/2004,741686.7295,7129.617431,7129.617431,7129.617431,7129.617431,7129.617431,7129.617431,0,0,0,673636.5982,823149.4536,741686.7295,741686.7295,748816.347,890513
9/1/2004,740245.5868,-40899.78682,-40899.78682,-40899.78682,-40899.78682,-40899.78682,-40899.78682,0,0,0,625961.3377,771248.985,740245.5868,740245.5868,699345.8,731783
10/1/2004,738850.9325,-109643.2084,-109643.2084,-109643.2084,-109643.2084,-109643.2084,-109643.2084,0,0,0,548461.0039,705422.1286,738850.9325,738850.9325,629207.7241,654987
11/1/2004,737409.7898,-141467.4447,-141467.4447,-141467.4447,-141467.4447,-141467.4447,-141467.4447,0,0,0,517909.4776,668344.0798,737409.7898,737409.7898,595942.345,491401
12/1/2004,736015.1355,-205057.5631,-205057.5631,-205057.5631,-205057.5631,-205057.5631,-205057.5631,0,0,0,457560.86,605400.3814,736015.1355,736015.1355,530957.5724,566329
1/1/2005,734573.9927,-231031.1946,-231031.1946,-231031.1946,-231031.1946,-231031.1946,-231031.1946,0,0,0,427062.9375,577077.9672,734573.9927,734573.9927,503542.7982,580843
2/1/2005,733132.85,-200244.0928,-200244.0928,-200244.0928,-200244.0928,-200244.0928,-200244.0928,0,0,0,459529.0025,604688.0112,733132.85,733132.85,532888.7572,430208
3/1/2005,731831.1727,94985.93256,94985.93256,94985.93256,94985.93256,94985.93256,94985.93256,0,0,0,753524.5815,904546.2191,731831.1727,731831.1727,826817.1052,404907
4/1/2005,733553.2137,227844.5715,227844.5715,227844.5715,227844.5715,227844.5715,227844.5715,0,0,0,887515.4682,1033567.726,733553.2137,733553.2137,961397.7851,693691
5/1/2005,735219.7049,216077.8955,216077.8955,216077.8955,216077.8955,216077.8955,216077.8955,0,0,0,876680.0283,1025284.196,735219.7049,735219.7049,951297.6004,1002417
6/1/2005,736941.7459,132609.635,132609.635,132609.635,132609.635,132609.635,132609.635,0,0,0,798964.384,948175.5669,736941.7459,736941.7459,869551.3809,971660
7/1/2005,738608.2372,112028.9508,112028.9508,112028.9508,112028.9508,112028.9508,112028.9508,0,0,0,774278.4886,925498.6824,738608.2372,738608.2372,850637.188,913156
8/1/2005,740330.2781,12121.16433,12121.16433,12121.16433,12121.16433,12121.16433,12121.16433,0,0,0,676675.7788,829492.0054,740330.2781,740330.2781,752451.4425,931265
9/1/2005,742052.3191,-30340.97123,-30340.97123,-30340.97123,-30340.97123,-30340.97123,-30340.97123,0,0,0,637476.5802,788284.1121,742052.3191,742052.3191,711711.3479,750376
10/1/2005,743718.8104,-100175.2011,-100175.2011,-100175.2011,-100175.2011,-100175.2011,-100175.2011,0,0,0,566140.7671,719769.7123,743718.8104,743718.8104,643543.6092,771035
11/1/2005,745440.8513,-156814.4935,-156814.4935,-156814.4935,-156814.4935,-156814.4935,-156814.4935,0,0,0,508395.9226,664741.432,745440.8513,745440.8513,588626.3578,698402
12/1/2005,747107.3426,-223391.2807,-223391.2807,-223391.2807,-223391.2807,-223391.2807,-223391.2807,0,0,0,451477.2362,594485.7209,747107.3426,747107.3426,523716.0619,643736
1/1/2006,748506.6052,-226446.7491,-226446.7491,-226446.7491,-226446.7491,-226446.7491,-226446.7491,0,0,0,446479.9064,593392.253,748506.6052,748506.6052,522059.8561,469994
2/1/2006,749905.8677,-182469.9748,-182469.9748,-182469.9748,-182469.9748,-182469.9748,-182469.9748,0,0,0,491154.3636,642778.3555,749905.8677,749905.8677,567435.8929,577150
3/1/2006,751169.7178,94565.77677,94565.77677,94565.77677,94565.77677,94565.77677,94565.77677,0,0,0,770741.7149,918909.7744,751169.7178,751169.7178,845735.4945,603325
4/1/2006,752568.9803,224223.6377,224223.6377,224223.6377,224223.6377,224223.6377,224223.6377,0,0,0,907280.3674,1055692.26,752568.9803,752568.9803,976792.618,736976
5/1/2006,753923.1054,200344.0791,200344.0791,200344.0791,200344.0791,200344.0791,200344.0791,0,0,0,876017.5016,1031698.762,753923.1054,753923.1054,954267.1845,941235
6/1/2006,755322.3679,132576.4916,132576.4916,132576.4916,132576.4916,132576.4916,132576.4916,0,0,0,818180.7958,964195.3164,755322.3679,755322.3679,887898.8595,971398
7/1/2006,756676.493,115166.1799,115166.1799,115166.1799,115166.1799,115166.1799,115166.1799,0,0,0,800192.8309,949715.6373,756676.493,756676.493,871842.6729,975523
8/1/2006,758075.7555,17283.46086,17283.46086,17283.46086,17283.46086,17283.46086,17283.46086,0,0,0,697457.7232,854122.2129,758075.7555,758075.7555,775359.2164,886506
9/1/2006,759475.0181,-19830.18878,-19830.18878,-19830.18878,-19830.18878,-19830.18878,-19830.18878,0,0,0,657764.6555,809301.2234,759475.0181,759475.0181,739644.8293,770530
10/1/2006,760290.528,-91212.54262,-91212.54262,-91212.54262,-91212.54262,-91212.54262,-91212.54262,0,0,0,598463.9672,750316.1654,760290.528,760290.528,669077.9854,742889
11/1/2006,761133.2215,-172587.0371,-172587.0371,-172587.0371,-172587.0371,-172587.0371,-172587.0371,0,0,0,510865.0339,659670.9066,761133.2215,761133.2215,588546.1844,684412
12/1/2006,761948.7314,-241327.7269,-241327.7269,-241327.7269,-241327.7269,-241327.7269,-241327.7269,0,0,0,443042.237,595989.2794,761948.7314,761948.7314,520621.0045,517408
1/1/2007,762791.425,-221197.6297,-221197.6297,-221197.6297,-221197.6297,-221197.6297,-221197.6297,0,0,0,466877.6834,615645.1286,762791.425,762791.425,541593.7953,539908
2/1/2007,763634.1185,-164537.8564,-164537.8564,-164537.8564,-164537.8564,-164537.8564,-164537.8564,0,0,0,527439.847,674273.6021,763634.1185,763634.1185,599096.2621,543443
3/1/2007,764395.2611,93698.44074,93698.44074,93698.44074,93698.44074,93698.44074,93698.44074,0,0,0,788129.5561,936916.6772,764395.2611,764395.2611,858093.7018,629445
4/1/2007,765237.9546,220215.6233,220215.6233,220215.6233,220215.6233,220215.6233,220215.6233,0,0,0,909324.0216,1062920.039,765237.9546,765237.9546,985453.5779,860000
5/1/2007,766053.4645,184659.5935,184659.5935,184659.5935,184659.5935,184659.5935,184659.5935,0,0,0,878405.009,1028518.751,766053.4645,766053.4645,950713.058,976022
6/1/2007,766896.158,132888.4505,132888.4505,132888.4505,132888.4505,132888.4505,132888.4505,0,0,0,820118.534,975708.7399,766896.158,766896.158,899784.6086,970141
7/1/2007,766708.1903,118515.7146,118515.7146,118515.7146,118515.7146,118515.7146,118515.7146,0,0,0,812431.6568,962910.95,766708.1903,766708.1903,885223.9049,925043
8/1/2007,766513.9569,22606.1557,22606.1557,22606.1557,22606.1557,22606.1557,22606.1557,0,0,0,708749.2562,864174.815,766513.9569,766513.9569,789120.1126,897234
9/1/2007,766319.7236,-9383.998615,-9383.998615,-9383.998615,-9383.998615,-9383.998615,-9383.998615,0,0,0,681870.4344,835380.4532,766319.7236,766319.7236,756935.725,769701
10/1/2007,766131.7559,-82762.33122,-82762.33122,-82762.33122,-82762.33122,-82762.33122,-82762.33122,0,0,0,611489.0594,756084.1927,766131.7559,766131.7559,683369.4246,766901
11/1/2007,765937.5225,-188762.3417,-188762.3417,-188762.3417,-188762.3417,-188762.3417,-188762.3417,0,0,0,497978.1542,655350.9019,765937.5225,765937.5225,577175.1808,662453
12/1/2007,765749.5548,-258842.1417,-258842.1417,-258842.1417,-258842.1417,-258842.1417,-258842.1417,0,0,0,435567.0889,583063.3873,765749.5548,765749.5548,506907.4131,536401
1/1/2008,765555.3214,-215290.2978,-215290.2978,-215290.2978,-215290.2978,-215290.2978,-215290.2978,0,0,0,471662.0485,627547.0016,765555.3214,765555.3214,550265.0237,439147
2/1/2008,765361.0881,-146474.0949,-146474.0949,-146474.0949,-146474.0949,-146474.0949,-146474.0949,0,0,0,541243.6126,689387.2613,765361.0881,765361.0881,618886.9932,560925
3/1/2008,764805.1581,94964.57967,94964.57967,94964.57967,94964.57967,94964.57967,94964.57967,0,0,0,782717.5511,930527.7136,764805.1581,764805.1581,859769.7378,674065
4/1/2008,764210.8882,231070.7108,231070.7108,231070.7108,231070.7108,231070.7108,231070.7108,0,0,0,921841.4673,1068894.052,764210.8882,764210.8882,995281.5989,940157
5/1/2008,763635.7882,231839.5738,231839.5738,231839.5738,231839.5738,231839.5738,231839.5738,0,0,0,917309.0675,1072766.124,763635.7882,763635.7882,995475.362,1057907
6/1/2008,763041.5182,132982.4006,132982.4006,132982.4006,132982.4006,132982.4006,132982.4006,0,0,0,819493.8869,968995.7383,763041.5182,763041.5182,896023.9189,965378
7/1/2008,762466.4183,109108.9842,109108.9842,109108.9842,109108.9842,109108.9842,109108.9842,0,0,0,794362.3067,943755.6352,762466.4183,762466.4183,871575.4024,879360
8/1/2008,761872.1483,7129.617431,7129.617431,7129.617431,7129.617431,7129.617431,7129.617431,0,0,0,697238.8143,844161.0748,761872.1483,761872.1483,769001.7657,882644
9/1/2008,761277.8783,-40899.78682,-40899.78682,-40899.78682,-40899.78682,-40899.78682,-40899.78682,0,0,0,642221.3054,804244.9131,761277.8783,761277.8783,720378.0915,777775
10/1/2008,760702.7784,-109643.2084,-109643.2084,-109643.2084,-109643.2084,-109643.2084,-109643.2084,0,0,0,576716.4791,732705.3576,760702.7784,760702.7784,651059.57,693920
11/1/2008,760108.5084,-141467.4447,-141467.4447,-141467.4447,-141467.4447,-141467.4447,-141467.4447,0,0,0,540881.2392,694097.6218,760108.5084,760108.5084,618641.0637,683809
12/1/2008,759533.4087,-205057.5631,-205057.5631,-205057.5631,-205057.5631,-205057.5631,-205057.5631,0,0,0,485495.3329,625366.9555,759533.4087,759533.4087,554475.8455,600355
1/1/2009,758939.1389,-231031.1946,-231031.1946,-231031.1946,-231031.1946,-231031.1946,-231031.1946,0,0,0,447869.4263,603139.7083,758939.1389,758939.1389,527907.9444,396046
2/1/2009,758344.8692,-200244.0928,-200244.0928,-200244.0928,-200244.0928,-200244.0928,-200244.0928,0,0,0,484620.778,632944.426,758344.8692,758344.8692,558100.7764,622085
3/1/2009,757808.1094,94985.93256,94985.93256,94985.93256,94985.93256,94985.93256,94985.93256,0,0,0,779704.1388,917451.2052,757808.1094,757808.1094,852794.042,627296
4/1/2009,757213.8397,227844.5715,227844.5715,227844.5715,227844.5715,227844.5715,227844.5715,0,0,0,910106.998,1058323.05,757213.8397,757213.8397,985058.4112,969788
5/1/2009,756638.74,216077.8955,216077.8955,216077.8955,216077.8955,216077.8955,216077.8955,0,0,0,897854.4735,1045270.826,756638.74,756638.74,972716.6355,1023155
6/1/2009,756044.4702,132609.635,132609.635,132609.635,132609.635,132609.635,132609.635,0,0,0,817759.5106,965923.356,756044.4702,756044.4702,888654.1052,929622
7/1/2009,755469.3705,112028.9508,112028.9508,112028.9508,112028.9508,112028.9508,112028.9508,0,0,0,790466.103,941273.545,755469.3705,755469.3705,867498.3213,770382
8/1/2009,754875.1008,12121.16433,12121.16433,12121.16433,12121.16433,12121.16433,12121.16433,0,0,0,692133.3529,836522.8466,754875.1008,754875.1008,766996.2651,814241
9/1/2009,755264.4865,-30340.97123,-30340.97123,-30340.97123,-30340.97123,-30340.97123,-30340.97123,0,0,0,646248.1339,796986.9259,755264.4865,755264.4865,724923.5153,737104
10/1/2009,755641.3115,-100175.2011,-100175.2011,-100175.2011,-100175.2011,-100175.2011,-100175.2011,0,0,0,576574.3038,725358.4526,755641.3115,755641.3115,655466.1103,722171
11/1/2009,756030.6972,-156814.4935,-156814.4935,-156814.4935,-156814.4935,-156814.4935,-156814.4935,0,0,0,531032.2499,673118.7173,756030.6972,756030.6972,599216.2037,610564
12/1/2009,756407.5221,-223391.2807,-223391.2807,-223391.2807,-223391.2807,-223391.2807,-223391.2807,0,0,0,458645.1718,606522.4121,756407.5221,756407.5221,533016.2414,613055
1/1/2010,756796.9079,-226446.7491,-226446.7491,-226446.7491,-226446.7491,-226446.7491,-226446.7491,0,0,0,459796.1533,603914.1137,756796.9079,756796.9079,530350.1588,563858
2/1/2010,757186.2936,-182469.9748,-182469.9748,-182469.9748,-182469.9748,-182469.9748,-182469.9748,0,0,0,499752.7856,655862.334,757186.2936,757186.2936,574716.3189,499871
3/1/2010,757537.9969,94565.77677,94565.77677,94565.77677,94565.77677,94565.77677,94565.77677,0,0,0,778890.201,933016.377,757537.9969,757537.9969,852103.7737,437656
4/1/2010,757927.3827,224223.6377,224223.6377,224223.6377,224223.6377,224223.6377,224223.6377,0,0,0,908578.9873,1053019.941,757927.3827,757927.3827,982151.0203,838589
5/1/2010,758304.2076,200344.0791,200344.0791,200344.0791,200344.0791,200344.0791,200344.0791,0,0,0,881777.8802,1036066.473,758304.2076,758304.2076,958648.2867,897157
6/1/2010,758693.5924,132576.4916,132576.4916,132576.4916,132576.4916,132576.4916,132576.4916,0,0,0,816862.2339,964685.4582,758693.5924,758693.5924,891270.0839,926865
7/1/2010,759070.4164,115166.1799,115166.1799,115166.1799,115166.1799,115166.1799,115166.1799,0,0,0,800191.4915,949992.0943,759070.4164,759070.4164,874236.5963,892104
8/1/2010,759459.8012,17283.46086,17283.46086,17283.46086,17283.46086,17283.46086,17283.46086,0,0,0,701042.3094,851848.1616,759459.8012,759459.8012,776743.2621,879015
9/1/2010,759849.186,-19830.18878,-19830.18878,-19830.18878,-19830.18878,-19830.18878,-19830.18878,0,0,0,667352.0927,818590.911,759849.186,759849.186,740018.9972,831158
10/1/2010,760226.01,-91212.54262,-91212.54262,-91212.54262,-91212.54262,-91212.54262,-91212.54262,0,0,0,593959.9585,741507.1672,760226.01,760226.01,669013.4674,837142
11/1/2010,760615.3948,-172587.0371,-172587.0371,-172587.0371,-172587.0371,-172587.0371,-172587.0371,0,0,0,511505.3642,658753.7818,760615.3948,760615.3948,588028.3577,726342
12/1/2010,760992.2188,-241327.7269,-241327.7269,-241327.7269,-241327.7269,-241327.7269,-241327.7269,0,0,0,453818.2911,593165.2065,760992.2188,760992.2188,519664.4919,675090
1/1/2011,761381.6036,-221197.6297,-221197.6297,-221197.6297,-221197.6297,-221197.6297,-221197.6297,0,0,0,463591.4446,612112.9918,761381.6036,761381.6036,540183.9739,608978
2/1/2011,761351.8543,-164537.8564,-164537.8564,-164537.8564,-164537.8564,-164537.8564,-164537.8564,0,0,0,524861.9247,670676.9562,761351.8543,761351.8543,596813.9979,497785
3/1/2011,761324.984,93698.44074,93698.44074,93698.44074,93698.44074,93698.44074,93698.44074,0,0,0,776636.5769,931684.1984,761324.984,761324.984,855023.4248,552061
4/1/2011,761295.2348,220215.6233,220215.6233,220215.6233,220215.6233,220215.6233,220215.6233,0,0,0,910775.6299,1058383.741,761295.2348,761295.2348,981510.8581,914061
5/1/2011,761266.4452,184659.5935,184659.5935,184659.5935,184659.5935,184659.5935,184659.5935,0,0,0,872734.3946,1024932.872,761266.4452,761266.4452,945926.0387,1007063
6/1/2011,761236.6959,132888.4505,132888.4505,132888.4505,132888.4505,132888.4505,132888.4505,0,0,0,819435.0875,969034.1775,761236.6959,761236.6959,894125.1464,929447
7/1/2011,761207.9063,118515.7146,118515.7146,118515.7146,118515.7146,118515.7146,118515.7146,0,0,0,808643.8739,957359.1431,761207.9063,761207.9063,879723.6209,922621
8/1/2011,761178.1571,22606.1557,22606.1557,22606.1557,22606.1557,22606.1557,22606.1557,0,0,0,714364.6916,857133.8928,761178.1571,761178.1571,783784.3127,912125
9/1/2011,761148.4078,-9383.998615,-9383.998615,-9383.998615,-9383.998615,-9383.998615,-9383.998615,0,0,0,681100.7076,828439.3613,761148.4078,761148.4078,751764.4092,812961
10/1/2011,761119.6182,-82762.33122,-82762.33122,-82762.33122,-82762.33122,-82762.33122,-82762.33122,0,0,0,597138.8159,748088.0048,761119.6182,761119.6182,678357.287,715310
11/1/2011,761089.8689,-188762.3417,-188762.3417,-188762.3417,-188762.3417,-188762.3417,-188762.3417,0,0,0,496689.25,650889.9868,761089.8689,761089.8689,572327.5272,629097
12/1/2011,761061.0794,-258842.1417,-258842.1417,-258842.1417,-258842.1417,-258842.1417,-258842.1417,0,0,0,427385.869,575118.5858,761061.0794,761061.0794,502218.9377,530293
1/1/2012,761031.3301,-215290.2978,-215290.2978,-215290.2978,-215290.2978,-215290.2978,-215290.2978,0,0,0,473990.6175,618569.1933,761031.3301,761031.3301,545741.0324,471746
2/1/2012,761001.5809,-146474.0949,-146474.0949,-146474.0949,-146474.0949,-146474.0949,-146474.0949,0,0,0,541746.3083,687375.9624,761001.5809,761001.5809,614527.4859,590975
3/1/2012,760973.7509,94964.57967,94964.57967,94964.57967,94964.57967,94964.57967,94964.57967,0,0,0,783813.7264,928275.9339,760973.7509,760973.7509,855938.3306,675463
4/1/2012,760944.0017,231070.7108,231070.7108,231070.7108,231070.7108,231070.7108,231070.7108,0,0,0,916635.0668,1067768.652,760944.0017,760944.0017,992014.7125,881634
5/1/2012,760915.2121,231839.5738,231839.5738,231839.5738,231839.5738,231839.5738,231839.5738,0,0,0,918056.2821,1070241.159,760915.2121,760915.2121,992754.7859,1026945
6/1/2012,760885.4629,132982.4006,132982.4006,132982.4006,132982.4006,132982.4006,132982.4006,0,0,0,820504.3388,977055.7771,760885.4629,760885.4629,893867.8635,1003515
7/1/2012,760856.6733,109108.9842,109108.9842,109108.9842,109108.9842,109108.9842,109108.9842,0,0,0,797304.2118,946702.6854,760856.6733,760856.6733,869965.6575,913335
8/1/2012,761116.4669,7129.617431,7129.617431,7129.617431,7129.617431,7129.617431,7129.617431,0,0,0,694350.8425,844579.0244,761116.4669,761116.4669,768246.0844,809005
9/1/2012,761376.2606,-40899.78682,-40899.78682,-40899.78682,-40899.78682,-40899.78682,-40899.78682,0,0,0,647240.6781,799708.3165,761376.2606,761376.2606,720476.4738,760693
10/1/2012,761627.6738,-109643.2084,-109643.2084,-109643.2084,-109643.2084,-109643.2084,-109643.2084,0,0,0,576972.8096,728340.3262,761627.6738,761627.6738,651984.4654,726945
11/1/2012,761887.4675,-141467.4447,-141467.4447,-141467.4447,-141467.4447,-141467.4447,-141467.4447,0,0,0,541122.4129,695684.193,761887.4675,761887.4675,620420.0227,529401
12/1/2012,762138.8807,-205057.5631,-205057.5631,-205057.5631,-205057.5631,-205057.5631,-205057.5631,0,0,0,477953.9353,630064.6565,762138.8807,762138.8807,557081.3176,542493
1/1/2013,762398.6744,-231031.1946,-231031.1946,-231031.1946,-231031.1946,-231031.1946,-231031.1946,0,0,0,457182.9902,603196.0238,762398.6744,762398.6744,531367.4798,444994
2/1/2013,762658.468,-200244.0928,-200244.0928,-200244.0928,-200244.0928,-200244.0928,-200244.0928,0,0,0,486272.7318,638888.2541,762658.468,762658.468,562414.3752,475895
3/1/2013,762893.1203,94985.93256,94985.93256,94985.93256,94985.93256,94985.93256,94985.93256,0,0,0,787159.7915,930426.9149,762893.1203,762893.1203,857879.0529,569119
4/1/2013,763152.914,227844.5715,227844.5715,227844.5715,227844.5715,227844.5715,227844.5715,0,0,0,919963.9084,1068207.904,763152.914,763152.914,990997.4855,922779
5/1/2013,763409.3829,216077.8955,216077.8955,216077.8955,216077.8955,216077.8955,216077.8955,0,0,0,907117.2062,1053231.539,763409.3829,763409.3829,979487.2783,1001442
6/1/2013,763674.4007,132609.635,132609.635,132609.635,132609.635,132609.635,132609.635,0,0,0,822561.211,972652.2668,763674.4007,763674.4007,896284.0356,970577
7/1/2013,763930.8695,112028.9508,112028.9508,112028.9508,112028.9508,112028.9508,112028.9508,0,0,0,797719.0147,949776.289,763930.8695,763930.8695,875959.8203,906226
8/1/2013,764195.8873,12121.16433,12121.16433,12121.16433,12121.16433,12121.16433,12121.16433,0,0,0,701445.9655,844487.947,764195.8873,764195.8873,776317.0517,816635
9/1/2013,764460.9051,-30340.97123,-30340.97123,-30340.97123,-30340.97123,-30340.97123,-30340.97123,0,0,0,660452.3082,810218.7646,764460.9051,764460.9051,734119.9339,774143
10/1/2013,764717.374,-100175.2011,-100175.2011,-100175.2011,-100175.2011,-100175.2011,-100175.2011,0,0,0,589959.8073,742118.0605,764717.374,764717.374,664542.1728,715692
11/1/2013,764982.3918,-156814.4935,-156814.4935,-156814.4935,-156814.4935,-156814.4935,-156814.4935,0,0,0,534851.5068,686518.2115,764982.3918,764982.3918,608167.8983,781001
12/1/2013,765238.8606,-223391.2807,-223391.2807,-223391.2807,-223391.2807,-223391.2807,-223391.2807,0,0,0,469705.3583,616261.131,765238.8606,765238.8606,541847.5799,566991
1/1/2014,765503.8778,-226446.7491,-226446.7491,-226446.7491,-226446.7491,-226446.7491,-226446.7491,0,0,0,465288.1671,613842.5813,765503.8778,765503.8778,539057.1287,549689
2/1/2014,765768.8949,-182469.9748,-182469.9748,-182469.9748,-182469.9748,-182469.9748,-182469.9748,0,0,0,507220.4077,659780.263,765768.8949,765768.8949,583298.9202,532012
3/1/2014,766008.2653,94565.77677,94565.77677,94565.77677,94565.77677,94565.77677,94565.77677,0,0,0,792121.7379,936533.0897,766008.2653,766008.2653,860574.042,613454
4/1/2014,766273.2824,224223.6377,224223.6377,224223.6377,224223.6377,224223.6377,224223.6377,0,0,0,919202.6024,1064537.167,766273.2824,766273.2824,990496.9201,921182
5/1/2014,766529.7506,200344.0791,200344.0791,200344.0791,200344.0791,200344.0791,200344.0791,0,0,0,890024.3932,1036151.707,766529.7506,766529.7506,966873.8297,1028121
6/1/2014,766794.7678,132576.4916,132576.4916,132576.4916,132576.4916,132576.4916,132576.4916,0,0,0,825291.6674,974720.9755,766794.7678,766794.7678,899371.2594,993769
7/1/2014,767051.236,115166.1799,115166.1799,115166.1799,115166.1799,115166.1799,115166.1799,0,0,0,806039.1509,959432.9787,767051.236,767051.236,882217.4159,898218
8/1/2014,767316.2532,17283.46086,17283.46086,17283.46086,17283.46086,17283.46086,17283.46086,0,0,0,713934.4385,863794.3031,767316.2532,767316.2532,784599.714,891347
9/1/2014,767581.2703,-19830.18878,-19830.18878,-19830.18878,-19830.18878,-19830.18878,-19830.18878,0,0,0,668729.4994,817733.9998,767581.2703,767581.2703,747751.0815,734018
10/1/2014,765847.9186,-91212.54262,-91212.54262,-91212.54262,-91212.54262,-91212.54262,-91212.54262,0,0,0,600088.7261,754365.8832,765847.9186,765847.9186,674635.376,723481
11/1/2014,764056.7885,-172587.0371,-172587.0371,-172587.0371,-172587.0371,-172587.0371,-172587.0371,0,0,0,518742.3009,660865.5325,764056.7885,764056.7885,591469.7514,689339
12/1/2014,762323.4368,-241327.7269,-241327.7269,-241327.7269,-241327.7269,-241327.7269,-241327.7269,0,0,0,452711.8069,601208.4569,762323.4368,762323.4368,520995.7099,629950
1/1/2015,760532.3067,-221197.6297,-221197.6297,-221197.6297,-221197.6297,-221197.6297,-221197.6297,0,0,0,465943.4745,615743.8682,760532.3067,760532.3067,539334.677,526271
2/1/2015,758741.1766,-164537.8564,-164537.8564,-164537.8564,-164537.8564,-164537.8564,-164537.8564,0,0,0,524465.5146,670618.0332,758741.1766,758741.1766,594203.3201,626485
3/1/2015,757123.3817,93698.44074,93698.44074,93698.44074,93698.44074,93698.44074,93698.44074,0,0,0,777068.4176,923919.3694,757123.3817,757123.3817,850821.8224,617309
4/1/2015,755332.2515,220215.6233,220215.6233,220215.6233,220215.6233,220215.6233,220215.6233,0,0,0,907739.1014,1048513.589,755332.2515,755332.2515,975547.8749,878524
5/1/2015,753598.8998,184659.5935,184659.5935,184659.5935,184659.5935,184659.5935,184659.5935,0,0,0,866240.0819,1011494.95,753598.8998,753598.8998,938258.4934,1012515
6/1/2015,751807.7697,132888.4505,132888.4505,132888.4505,132888.4505,132888.4505,132888.4505,0,0,0,808604.8506,958337.6831,751807.7697,751807.7697,884696.2203,861833
7/1/2015,750074.4181,118515.7146,118515.7146,118515.7146,118515.7146,118515.7146,118515.7146,0,0,0,798816.8364,942814.9623,750074.4181,750074.4181,868590.1327,783597
8/1/2015,748283.2881,22606.1557,22606.1557,22606.1557,22606.1557,22606.1557,22606.1557,0,0,0,695974.2661,843554.9965,748283.2881,748283.2881,770889.4438,779661
9/1/2015,746492.158,-9383.998615,-9383.998615,-9383.998615,-9383.998615,-9383.998615,-9383.998615,0,0,0,665268.8049,811180.7748,746492.158,746492.158,737108.1594,757498
10/1/2015,744758.8064,-82762.33122,-82762.33122,-82762.33122,-82762.33122,-82762.33122,-82762.33122,0,0,0,588053.2753,735874.7153,744758.8064,744758.8064,661996.4752,771104
11/1/2015,742967.6763,-188762.3417,-188762.3417,-188762.3417,-188762.3417,-188762.3417,-188762.3417,0,0,0,474222.4683,628847.2401,742967.6763,742967.6763,554205.3346,679450
12/1/2015,741234.3247,-258842.1417,-258842.1417,-258842.1417,-258842.1417,-258842.1417,-258842.1417,0,0,0,406406.9909,557017.3558,741234.3247,741234.3247,482392.1831,621387
1/1/2016,739443.1947,-215290.2978,-215290.2978,-215290.2978,-215290.2978,-215290.2978,-215290.2978,0,0,0,449908.6104,599783.7177,739443.1947,739443.1947,524152.8969,573683
2/1/2016,737652.0646,-146474.0949,-146474.0949,-146474.0949,-146474.0949,-146474.0949,-146474.0949,0,0,0,515908.479,662831.0432,737652.0646,737652.0646,591177.9697,564096
3/1/2016,735976.4914,94964.57967,94964.57967,94964.57967,94964.57967,94964.57967,94964.57967,0,0,0,754089.1793,896647.8052,735976.4914,735976.4914,830941.0711,629786
4/1/2016,734185.3624,231070.7108,231070.7108,231070.7108,231070.7108,231070.7108,231070.7108,0,0,0,887135.9217,1042551.736,734185.3624,734185.3624,965256.0731,898010
5/1/2016,732452.0117,231839.5738,231839.5738,231839.5738,231839.5738,231839.5738,231839.5738,0,0,0,896118.2279,1039055.475,732452.0117,732452.0117,964291.5855,941585
6/1/2016,730660.8827,132982.4006,132982.4006,132982.4006,132982.4006,132982.4006,132982.4006,0,0,0,790901.4154,937553.283,730660.8827,730660.8827,863643.2833,901739
7/1/2016,728927.532,109108.9842,109108.9842,109108.9842,109108.9842,109108.9842,109108.9842,0,0,0,767033.2958,913616.8004,728927.532,728927.532,838036.5162,811438
8/1/2016,727136.403,7129.617432,7129.617432,7129.617432,7129.617432,7129.617432,7129.617432,0,0,0,661115.1942,804181.6516,727136.403,727136.403,734266.0205,790632
9/1/2016,725345.274,-40899.78682,-40899.78682,-40899.78682,-40899.78682,-40899.78682,-40899.78682,0,0,0,613290.073,758270.4324,725345.274,725345.274,684445.4872,715030
10/1/2016,723611.9234,-109643.2084,-109643.2084,-109643.2084,-109643.2084,-109643.2084,-109643.2084,0,0,0,547482.4699,686540.9202,723611.9234,723611.9234,613968.715,706142
11/1/2016,721820.7944,-141467.4447,-141467.4447,-141467.4447,-141467.4447,-141467.4447,-141467.4447,0,0,0,507399.0737,653582.0061,721820.7944,721820.7944,580353.3496,671742
12/1/2016,720579.5724,-205057.5631,-205057.5631,-205057.5631,-205057.5631,-205057.5631,-205057.5631,0,0,0,442082.135,587662.6054,720579.5724,720579.5724,515522.0093,609738
1/1/2017,719296.9764,-231031.1946,-231031.1946,-231031.1946,-231031.1946,-231031.1946,-231031.1946,0,0,0,416277.6696,561434.425,719296.9764,719296.9764,488265.7818,501551
2/1/2017,718014.3804,-200244.0928,-200244.0928,-200244.0928,-200244.0928,-200244.0928,-200244.0928,0,0,0,448626.8463,594075.0961,718014.3804,718014.3804,517770.2876,430794
3/1/2017,716855.9066,94985.93256,94985.93256,94985.93256,94985.93256,94985.93256,94985.93256,0,0,0,738534.8997,880705.4752,716855.9066,716855.9066,811841.8391,454852
4/1/2017,715573.3106,227844.5715,227844.5715,227844.5715,227844.5715,227844.5715,227844.5715,0,0,0,864324.6376,1015469.226,715573.3106,715573.3106,943417.8821,803001
5/1/2017,714332.0886,216077.8955,216077.8955,216077.8955,216077.8955,216077.8955,216077.8955,0,0,0,861564.7797,1003388.765,714332.0886,714332.0886,930409.9841,907194
6/1/2017,713049.4926,132609.635,132609.635,132609.635,132609.635,132609.635,132609.635,0,0,0,770013.0421,922808.5573,713049.4926,713049.4926,845659.1276,859300
7/1/2017,711808.2707,112028.9508,112028.9508,112028.9508,112028.9508,112028.9508,112028.9508,0,0,0,747222.2495,900235.303,711808.2707,711808.2707,823837.2215,798810
8/1/2017,710525.6746,12121.16433,12121.16433,12121.16433,12121.16433,12121.16433,12121.16433,0,0,0,650738.9815,796850.4338,710525.6746,710525.6746,722646.839,795329
9/1/2017,710419.8426,-30340.97123,-30340.97123,-30340.97123,-30340.97123,-30340.97123,-30340.97123,0,0,0,606402.7048,750639.1617,710419.8426,710419.8426,680078.8714,705069
10/1/2017,710317.4245,-100175.2011,-100175.2011,-100175.2011,-100175.2011,-100175.2011,-100175.2011,0,0,0,529387.6687,687668.7504,710317.4245,710317.4245,610142.2233,676554
11/1/2017,710211.5924,-156814.4935,-156814.4935,-156814.4935,-156814.4935,-156814.4935,-156814.4935,0,0,0,477225.9504,633006.7047,710211.5924,710211.5924,553397.0989,680403
12/1/2017,710109.1743,-223391.2807,-223391.2807,-223391.2807,-223391.2807,-223391.2807,-223391.2807,0,0,0,414170.9419,563047.9581,710109.1743,710109.1743,486717.8936,553749
1/1/2018,710003.3422,-226446.7491,-226446.7491,-226446.7491,-226446.7491,-226446.7491,-226446.7491,0,0,0,411311.3297,557159.8477,710003.3422,710003.3422,483556.5932,553889
2/1/2018,709897.5102,-182469.9748,-182469.9748,-182469.9748,-182469.9748,-182469.9748,-182469.9748,0,0,0,452212.0209,601209.2496,709897.5102,709897.5102,527427.5354,438255
3/1/2018,709801.9199,94565.77677,94565.77677,94565.77677,94565.77677,94565.77677,94565.77677,0,0,0,726320.7513,880568.114,709801.9199,709801.9199,804367.6967,544046
4/1/2018,709696.0879,224223.6377,224223.6377,224223.6377,224223.6377,224223.6377,224223.6377,0,0,0,859496.6132,1006656.99,709696.0879,709696.0879,933919.7256,810986
5/1/2018,709593.6698,200344.0791,200344.0791,200344.0791,200344.0791,200344.0791,200344.0791,0,0,0,831561.8361,987131.8508,709593.6698,709593.6698,909937.7489,944624
6/1/2018,709487.8415,132576.4916,132576.4916,132576.4916,132576.4916,132576.4916,132576.4916,0,0,0,769060.861,913131.7562,709487.8415,709487.8415,842064.333,965125
7/1/2018,709385.427,115166.1799,115166.1799,115166.1799,115166.1799,115166.1799,115166.1799,0,0,0,745957.2745,897085.7871,709385.427,709385.427,824551.6069,857227
8/1/2018,709279.5987,17283.46086,17283.46086,17283.46086,17283.46086,17283.46086,17283.46086,0,0,0,654909.9431,800755.267,709279.5987,709279.5987,726563.0595,822093
9/1/2018,709173.7704,-19830.18878,-19830.18878,-19830.18878,-19830.18878,-19830.18878,-19830.18878,0,0,0,611962.411,764683.8261,709173.7704,709173.7704,689343.5816,730276
10/1/2018,709071.3559,-91212.54262,-91212.54262,-91212.54262,-91212.54262,-91212.54262,-91212.54262,0,0,0,549455.9749,695301.5237,709071.3559,709071.3559,617858.8132,779031
11/1/2018,708965.5276,-172587.0371,-172587.0371,-172587.0371,-172587.0371,-172587.0371,-172587.0371,0,0,0,462517.7005,609438.8846,708965.5276,708965.5276,536378.4904,670599
12/1/2018,708863.1131,-241327.7269,-241327.7269,-241327.7269,-241327.7269,-241327.7269,-241327.7269,0,0,0,391193.5465,538842.56,708863.1131,708863.1131,467535.3862,633201
1/1/2019,708757.2848,-221197.6297,-221197.6297,-221197.6297,-221197.6297,-221197.6297,-221197.6297,0,0,0,411886.3254,558999.8181,708757.2848,708757.2848,487559.6551,453840
2/1/2019,708651.4564,-164537.8564,-164537.8564,-164537.8564,-164537.8564,-164537.8564,-164537.8564,0,0,0,466895.8626,618798.2775,708651.4564,708651.4564,544113.6,444549
3/1/2019,708555.8696,93698.44074,93698.44074,93698.44074,93698.44074,93698.44074,93698.44074,0,0,0,723811.9268,878624.4857,708555.8696,708555.8696,802254.3103,531510
4/1/2019,708450.0413,220215.6233,220215.6233,220215.6233,220215.6233,220215.6233,220215.6233,0,0,0,852466.4769,997919.843,708450.0413,708450.0413,928665.6646,682734
5/1/2019,708347.6268,184659.5935,184659.5935,184659.5935,184659.5935,184659.5935,184659.5935,0,0,0,821508.2835,964637.3174,708347.6268,708347.6268,893007.2203,847757
6/1/2019,708241.7985,132888.4505,132888.4505,132888.4505,132888.4505,132888.4505,132888.4505,0,0,0,770865.8171,916395.0999,708241.7985,708241.7985,841130.249,894231
7/1/2019,708139.384,118515.7146,118515.7146,118515.7146,118515.7146,118515.7146,118515.7146,0,0,0,751072.9244,907107.616,708139.384,708139.384,826655.0986,843799
8/1/2019,708033.5557,22606.1557,22606.1557,22606.1557,22606.1557,22606.1557,22606.1557,0,0,0,656471.2716,805922.441,708033.5557,708033.5557,730639.7114,878301
9/1/2019,707927.7274,-9383.998615,-9383.998615,-9383.998615,-9383.998615,-9383.998615,-9383.998615,0,0,0,627889.1404,779048.5563,707927.7274,707927.7274,698543.7288,814801
10/1/2019,707825.3129,-82762.33122,-82762.33122,-82762.33122,-82762.33122,-82762.33122,-82762.33122,0,0,0,546404.0079,700995.0922,707825.3129,707825.3129,625062.9817,743367
11/1/2019,707719.4846,-188762.3417,-188762.3417,-188762.3417,-188762.3417,-188762.3417,-188762.3417,0,0,0,445657.4229,597004.4784,707719.4846,707719.4846,518957.1428,632548
12/1/2019,707617.0701,-258842.1417,-258842.1417,-258842.1417,-258842.1417,-258842.1417,-258842.1417,0,0,0,373841.3371,517414.2443,707617.0701,707617.0701,448774.9284,467413
1/1/2020,707511.2418,-215290.2978,-215290.2978,-215290.2978,-215290.2978,-215290.2978,-215290.2978,0,0,0,413438.2947,565758.9214,707511.2418,707511.2418,492220.944,325055
2/1/2020,707405.4135,-146474.0949,-146474.0949,-146474.0949,-146474.0949,-146474.0949,-146474.0949,0,0,0,484573.9596,634194.8055,707405.4135,707405.4135,560931.3185,388521
3/1/2020,707306.4128,94964.57967,94964.57967,94964.57967,94964.57967,94964.57967,94964.57967,0,0,0,723000.4191,876409.5543,707306.4128,707306.4128,802270.9925,453571
4/1/2020,707200.5845,231070.7108,231070.7108,231070.7108,231070.7108,231070.7108,231070.7108,0,0,0,862063.1855,1009388.096,707200.5845,707200.5845,938271.2953,558411
5/1/2020,707098.17,231839.5738,231839.5738,231839.5738,231839.5738,231839.5738,231839.5738,0,0,0,862933.2876,1010429.343,707098.17,707098.17,938937.7438,831832
6/1/2020,706992.3417,132982.4006,132982.4006,132982.4006,132982.4006,132982.4006,132982.4006,0,0,0,761784.9841,913569.9249,706992.3417,706992.3417,839974.7423,978616
7/1/2020,706889.9272,109108.9842,109108.9842,109108.9842,109108.9842,109108.9842,109108.9842,0,0,0,740820.7343,887523.2128,706889.9272,706889.9272,815998.9114,878518
8/1/2020,706784.0989,7129.617431,7129.617431,7129.617431,7129.617431,7129.617431,7129.617431,0,0,0,642820.5719,793192.2913,706784.0989,706784.0989,713913.7163,866843
9/1/2020,706678.2706,-40899.78682,-40899.78682,-40899.78682,-40899.78682,-40899.78682,-40899.78682,0,0,0,589185.2738,733724.1469,706678.2706,706678.2706,665778.4838,763960
10/1/2020,706575.8561,-109643.2084,-109643.2084,-109643.2084,-109643.2084,-109643.2084,-109643.2084,0,0,0,523048.3043,670786.1514,706575.8561,706575.8561,596932.6477,788793
11/1/2020,706470.0278,-141467.4447,-141467.4447,-141467.4447,-141467.4447,-141467.4447,-141467.4447,0,0,0,492254.5187,642494.452,706470.0278,706470.0278,565002.583,703685
12/1/2020,706367.6133,-205057.5631,-205057.5631,-205057.5631,-205057.5631,-205057.5631,-205057.5631,0,0,0,434925.8702,572417.0418,706367.6133,706367.6133,501310.0502,573549
1/1/2021,706261.785,-231031.1946,-231031.1946,-231031.1946,-231031.1946,-231031.1946,-231031.1946,0,0,0,400106.6356,544977.6824,706261.785,706261.785,475230.5904,552136
2/1/2021,706155.9567,-200244.0928,-200244.0928,-200244.0928,-200244.0928,-200244.0928,-200244.0928,0,0,0,429575.6149,574594.7934,706155.9567,706155.9567,505911.8639,483953
3/1/2021,706060.3698,94985.93256,94985.93256,94985.93256,94985.93256,94985.93256,94985.93256,0,0,0,726425.8419,873458.9319,706060.3698,706060.3698,801046.3024,495864
4/1/2021,705954.5415,227844.5715,227844.5715,227844.5715,227844.5715,227844.5715,227844.5715,0,0,0,856960.8122,1010529.589,705954.5415,705954.5415,933799.113,865542
5/1/2021,705852.127,216077.8955,216077.8955,216077.8955,216077.8955,216077.8955,216077.8955,0,0,0,841326.4085,996210.6718,705852.127,705852.127,921930.0225,954076
6/1/2021,705746.2987,132609.635,132609.635,132609.635,132609.635,132609.635,132609.635,0,0,0,769548.8783,915884.2737,705746.2987,705746.2987,838355.9337,961538
7/1/2021,705643.8842,112028.9508,112028.9508,112028.9508,112028.9508,112028.9508,112028.9508,0,0,0,740995.3659,892278.2447,705643.8842,705643.8842,817672.835,853142
8/1/2021,705538.0559,12121.16433,12121.16433,12121.16433,12121.16433,12121.16433,12121.16433,0,0,0,643319.8952,788140.8026,705538.0559,705538.0559,717659.2202,802715
9/1/2021,705432.2276,-30340.97123,-30340.97123,-30340.97123,-30340.97123,-30340.97123,-30340.97123,0,0,0,596544.2908,747557.6138,705432.2276,705432.2276,675091.2564,723718
10/1/2021,705329.8131,-100175.2011,-100175.2011,-100175.2011,-100175.2011,-100175.2011,-100175.2011,0,0,0,530941.6105,676930.1754,705329.8131,705329.8131,605154.6119,721770
11/1/2021,705223.9848,-156814.4935,-156814.4935,-156814.4935,-156814.4935,-156814.4935,-156814.4935,0,0,0,467321.6758,621543.1365,705223.9848,705223.9848,548409.4913,673859
12/1/2021,705121.5703,-223391.2807,-223391.2807,-223391.2807,-223391.2807,-223391.2807,-223391.2807,0,0,0,406369.8343,553150.5769,705121.5703,705121.5703,481730.2896,575058
1/1/2022,705015.742,-226446.7491,-226446.7491,-226446.7491,-226446.7491,-226446.7491,-226446.7491,0,0,0,402447.0896,559463.5796,705015.742,705015.742,478568.9929,490251
2/1/2022,704909.9137,-182469.9748,-182469.9748,-182469.9748,-182469.9748,-182469.9748,-182469.9748,0,0,0,445332.8475,601901.3296,704909.9137,704909.9137,522439.9389,657593
3/1/2022,704814.3268,94565.77677,94565.77677,94565.77677,94565.77677,94565.77677,94565.77677,0,0,0,719846.7483,867342.4574,704814.3268,704814.3268,799380.1036,619395
4/1/2022,704708.4985,224223.6377,224223.6377,224223.6377,224223.6377,224223.6377,224223.6377,0,0,0,857505.993,1001178.347,704708.4985,704708.4985,928932.1362,1128185
5/1/2022,704606.084,200344.0791,200344.0791,200344.0791,200344.0791,200344.0791,200344.0791,0,0,0,825357.5595,975803.6434,704606.084,704606.084,904950.1631,1252238
6/1/2022,704500.2557,132576.4916,132576.4916,132576.4916,132576.4916,132576.4916,132576.4916,0,0,0,760550.9049,907982.4351,704500.2557,704500.2557,837076.7473,1342205
7/1/2022,704397.8412,115166.1799,115166.1799,115166.1799,115166.1799,115166.1799,115166.1799,0,0,0,746825.0984,889782.7307,704397.8412,704397.8412,819564.0211,1196823
8/1/2022,704292.0129,17283.46086,17283.46086,17283.46086,17283.46086,17283.46086,17283.46086,0,0,0,643347.4934,793652.5944,704292.0129,704292.0129,721575.4738,1092480
9/1/2022,704186.1846,-19830.18879,-19830.18879,-19830.18879,-19830.18879,-19830.18879,-19830.18879,0,0,0,614113.8357,762467.9333,704186.1846,704186.1846,684355.9958,911128
10/1/2022,704083.7701,-91212.54262,-91212.54262,-91212.54262,-91212.54262,-91212.54262,-91212.54262,0,0,0,540675.103,694555.3139,704083.7701,704083.7701,612871.2275,882305
11/1/2022,703977.9418,-172587.0371,-172587.0371,-172587.0371,-172587.0371,-172587.0371,-172587.0371,0,0,0,459418.6419,606293.3587,703977.9418,703977.9418,531390.9047,860372
12/1/2022,703875.5273,-241327.7269,-241327.7269,-241327.7269,-241327.7269,-241327.7269,-241327.7269,0,0,0,388192.0531,539190.9348,703875.5273,703875.5273,462547.8004,733557
1/1/2023,703769.699,-221197.6297,-221197.6297,-221197.6297,-221197.6297,-221197.6297,-221197.6297,0,0,0,413242.5337,559807.216,703769.699,703769.699,482572.0693,633729
2/1/2023,703663.8707,-164537.8564,-164537.8564,-164537.8564,-164537.8564,-164537.8564,-164537.8564,0,0,0,464005.6548,611933.0606,703663.8707,703663.8707,539126.0143,
3/1/2023,703568.2838,93698.44074,93698.44074,93698.44074,93698.44074,93698.44074,93698.44074,0,0,0,718122.7032,875732.6995,703513.8966,703625.9046,797266.7246,
4/1/2023,703462.4555,220215.6233,220215.6233,220215.6233,220215.6233,220215.6233,220215.6233,0,0,0,843905.719,995357.9844,703169.3894,703903.7397,923678.0789,
5/1/2023,703360.041,184659.5935,184659.5935,184659.5935,184659.5935,184659.5935,184659.5935,0,0,0,813227.1709,965272.2881,702692.0396,704297.1505,888019.6346,
6/1/2023,703254.2127,132888.4505,132888.4505,132888.4505,132888.4505,132888.4505,132888.4505,0,0,0,760413.9279,910921.4937,701942.147,704928.3055,836142.6632,
7/1/2023,703151.7982,118515.7146,118515.7146,118515.7146,118515.7146,118515.7146,118515.7146,0,0,0,746700.6917,896873.6582,701229.5998,705444.7856,821667.5128,
8/1/2023,703045.9699,22606.1557,22606.1557,22606.1557,22606.1557,22606.1557,22606.1557,0,0,0,655398.914,802534.7309,700331.6756,706125.1576,725652.1256,
9/1/2023,702940.1416,-9383.998615,-9383.998615,-9383.998615,-9383.998615,-9383.998615,-9383.998615,0,0,0,620134.3961,771525.4316,699471.1978,706835.3233,693556.143,
10/1/2023,702837.7271,-82762.33122,-82762.33122,-82762.33122,-82762.33122,-82762.33122,-82762.33122,0,0,0,541756.5192,693323.103,698594.4121,707566.6888,620075.3959,
11/1/2023,702731.8988,-188762.3417,-188762.3417,-188762.3417,-188762.3417,-188762.3417,-188762.3417,0,0,0,436742.909,590642.7507,697460.7921,708331.9887,513969.5571,
12/1/2023,702629.4843,-258842.1417,-258842.1417,-258842.1417,-258842.1417,-258842.1417,-258842.1417,0,0,0,374373.4936,523055.7131,696253.8681,709131.6857,443787.3427,
1/1/2024,702523.656,-215290.2978,-215290.2978,-215290.2978,-215290.2978,-215290.2978,-215290.2978,0,0,0,419175.8775,562261.9962,694980.929,710342.7963,487233.3583,
2/1/2024,702417.8277,-146474.0949,-146474.0949,-146474.0949,-146474.0949,-146474.0949,-146474.0949,0,0,0,477747.4836,630566.3715,693820.4548,711630.5881,555943.7328,
3/1/2024,702318.827,94964.57967,94964.57967,94964.57967,94964.57967,94964.57967,94964.57967,0,0,0,720746.1028,878350.1969,692725.8616,713085.0357,797283.4067,
4/1/2024,702212.9987,231070.7108,231070.7108,231070.7108,231070.7108,231070.7108,231070.7108,0,0,0,855916.5999,1004157.389,691623.5543,714215.2471,933283.7095,
5/1/2024,702110.5842,231839.5738,231839.5738,231839.5738,231839.5738,231839.5738,231839.5738,0,0,0,860685.075,1015752.715,690458.5297,715371.8596,933950.1581,
6/1/2024,702004.7559,132982.4006,132982.4006,132982.4006,132982.4006,132982.4006,132982.4006,0,0,0,756738.0402,906808.4879,689288.5276,716797.2506,834987.1566,
7/1/2024,701902.3414,109108.9842,109108.9842,109108.9842,109108.9842,109108.9842,109108.9842,0,0,0,730173.2279,887632.2627,688274.7536,718471.7324,811011.3256,
8/1/2024,701796.5131,7129.617432,7129.617432,7129.617432,7129.617432,7129.617432,7129.617432,0,0,0,629687.8581,785772.4491,686866.5774,719953.9594,708926.1306,
9/1/2024,701690.6848,-40899.78682,-40899.78682,-40899.78682,-40899.78682,-40899.78682,-40899.78682,0,0,0,582483.0713,732723.09,685420.734,721279.2047,660790.898,
10/1/2024,701588.2703,-109643.2084,-109643.2084,-109643.2084,-109643.2084,-109643.2084,-109643.2084,0,0,0,515318.2121,669530.8898,683929.9758,722717.1676,591945.0619,
11/1/2024,701482.442,-141467.4447,-141467.4447,-141467.4447,-141467.4447,-141467.4447,-141467.4447,0,0,0,478666.3587,641686.1761,682656.0632,724307.7648,560014.9973,
12/1/2024,701380.0275,-205057.5631,-205057.5631,-205057.5631,-205057.5631,-205057.5631,-205057.5631,0,0,0,414866.1518,578868.625,681002.0361,726576.7165,496322.4644,
1/1/2025,701274.1992,-231031.1946,-231031.1946,-231031.1946,-231031.1946,-231031.1946,-231031.1946,0,0,0,391640.2775,546560.7422,679605.9818,728243.5679,470243.0047,
2/1/2025,701168.3709,-200244.0928,-200244.0928,-200244.0928,-200244.0928,-200244.0928,-200244.0928,0,0,0,417675.3405,580998.437,677942.122,728855.913,500924.2781,
3/1/2025,701072.784,94985.93256,94985.93256,94985.93256,94985.93256,94985.93256,94985.93256,0,0,0,721716.587,881474.8737,676264.2634,730593.4753,796058.7166,
4/1/2025,700966.9557,227844.5715,227844.5715,227844.5715,227844.5715,227844.5715,227844.5715,0,0,0,849641.8989,1014608.617,675130.2273,731989.2309,928811.5272,
5/1/2025,700864.5412,216077.8955,216077.8955,216077.8955,216077.8955,216077.8955,216077.8955,0,0,0,830676.3649,996266.2749,673220.6399,733087.1862,916942.4367,
6/1/2025,700758.7129,132609.635,132609.635,132609.635,132609.635,132609.635,132609.635,0,0,0,747198.2981,917154.7765,671204.2263,734638.5068,833368.3479,
7/1/2025,700656.2984,112028.9508,112028.9508,112028.9508,112028.9508,112028.9508,112028.9508,0,0,0,731265.3892,899769.563,669760.6912,735966.1009,812685.2493,
8/1/2025,700550.4701,12121.16433,12121.16433,12121.16433,12121.16433,12121.16433,12121.16433,0,0,0,631889.4729,801187.7526,667318.6986,738339.9597,712671.6345,
9/1/2025,700444.6418,-30340.97123,-30340.97123,-30340.97123,-30340.97123,-30340.97123,-30340.97123,0,0,0,585289.8032,759971.6647,664952.3156,739847.2637,670103.6706,
10/1/2025,700342.2273,-100175.2011,-100175.2011,-100175.2011,-100175.2011,-100175.2011,-100175.2011,0,0,0,513541.5358,688666.0651,663177.6352,742620.4292,600167.0262,
11/1/2025,700236.399,-156814.4935,-156814.4935,-156814.4935,-156814.4935,-156814.4935,-156814.4935,0,0,0,455410.0845,636590.6292,661122.4655,745962.2367,543421.9055,
12/1/2025,700133.9845,-223391.2807,-223391.2807,-223391.2807,-223391.2807,-223391.2807,-223391.2807,0,0,0,393920.6001,573803.0165,659330.8285,747206.5737,476742.7038,
1/1/2026,700028.1562,-226446.7491,-226446.7491,-226446.7491,-226446.7491,-226446.7491,-226446.7491,0,0,0,392076.5685,561167.9995,656950.1168,749839.6263,473581.4072,
2/1/2026,699922.3279,-182469.9748,-182469.9748,-182469.9748,-182469.9748,-182469.9748,-182469.9748,0,0,0,435831.7774,605019.7326,654670.4317,751449.199,517452.3531,
3/1/2026,699826.7411,94565.77677,94565.77677,94565.77677,94565.77677,94565.77677,94565.77677,0,0,0,711713.8738,890789.148,652910.3014,753425.976,794392.5178,
4/1/2026,699720.9128,224223.6377,224223.6377,224223.6377,224223.6377,224223.6377,224223.6377,0,0,0,841196.136,1016684.399,651382.3723,755155.6481,923944.5504,
5/1/2026,699618.4983,200344.0791,200344.0791,200344.0791,200344.0791,200344.0791,200344.0791,0,0,0,811124.868,990683.2825,649687.2206,756704.8468,899962.5774,
6/1/2026,699512.67,132576.4916,132576.4916,132576.4916,132576.4916,132576.4916,132576.4916,0,0,0,740496.4213,924911.6399,647888.2093,758767.9919,832089.1615,
7/1/2026,699410.2555,115166.1799,115166.1799,115166.1799,115166.1799,115166.1799,115166.1799,0,0,0,723636.4776,908129.2017,646556.4705,760239.2747,814576.4353,
8/1/2026,699304.4272,17283.46086,17283.46086,17283.46086,17283.46086,17283.46086,17283.46086,0,0,0,621233.1579,816681.7174,645145.857,762487.7707,716587.888,
9/1/2026,699198.5988,-19830.18878,-19830.18878,-19830.18878,-19830.18878,-19830.18878,-19830.18878,0,0,0,583744.5715,783708.3386,643478.7083,765122.06,679368.4101,
10/1/2026,699096.1844,-91212.54262,-91212.54262,-91212.54262,-91212.54262,-91212.54262,-91212.54262,0,0,0,516129.0911,710304.9558,640353.9829,767311.2139,607883.6417,
11/1/2026,698990.356,-172587.0371,-172587.0371,-172587.0371,-172587.0371,-172587.0371,-172587.0371,0,0,0,427916.6044,626086.5446,638197.3219,770009.8988,526403.3189,
12/1/2026,698887.9416,-241327.7269,-241327.7269,-241327.7269,-241327.7269,-241327.7269,-241327.7269,0,0,0,359168.7879,558842.3574,637177.5711,772416.1207,457560.2146,
1/1/2027,698782.1132,-221197.6297,-221197.6297,-221197.6297,-221197.6297,-221197.6297,-221197.6297,0,0,0,379292.0537,579673.5407,634273.4368,774271.8033,477584.4836,
2/1/2027,698676.2849,-164537.8564,-164537.8564,-164537.8564,-164537.8564,-164537.8564,-164537.8564,0,0,0,426036.517,644407.4044,631691.4571,777456.3967,534138.4285,
3/1/2027,698580.6981,93698.44074,93698.44074,93698.44074,93698.44074,93698.44074,93698.44074,0,0,0,691182.8084,896059.1554,629721.9344,780156.265,792279.1388,
4/1/2027,698474.8698,220215.6233,220215.6233,220215.6233,220215.6233,220215.6233,220215.6233,0,0,0,815432.3534,1027638.123,628504.7907,783247.7117,918690.4931,
5/1/2027,698372.4553,184659.5935,184659.5935,184659.5935,184659.5935,184659.5935,184659.5935,0,0,0,783347.2078,996340.254,625509.8987,785798.8785,883032.0488,
6/1/2027,698266.627,132888.4505,132888.4505,132888.4505,132888.4505,132888.4505,132888.4505,0,0,0,726834.1344,941194.6248,623265.8704,787923.1619,831155.0775,
7/1/2027,698164.2125,118515.7146,118515.7146,118515.7146,118515.7146,118515.7146,118515.7146,0,0,0,700627.9547,930096.1341,621142.9529,790666.8661,816679.9271,
8/1/2027,698058.3842,22606.1557,22606.1557,22606.1557,22606.1557,22606.1557,22606.1557,0,0,0,608924.9913,832347.1822,619334.4775,792150.0121,720664.5399,
9/1/2027,697952.5559,-9383.998615,-9383.998615,-9383.998615,-9383.998615,-9383.998615,-9383.998615,0,0,0,579522.6289,800214.9562,616880.9243,795425.362,688568.5572,
10/1/2027,697850.1414,-82762.33122,-82762.33122,-82762.33122,-82762.33122,-82762.33122,-82762.33122,0,0,0,498944.368,732806.2239,614728.5459,798059.5097,615087.8101,
11/1/2027,697744.3131,-188762.3417,-188762.3417,-188762.3417,-188762.3417,-188762.3417,-188762.3417,0,0,0,393848.7592,635122.5761,612724.388,800491.8622,508981.9713,
12/1/2027,697641.8986,-258842.1417,-258842.1417,-258842.1417,-258842.1417,-258842.1417,-258842.1417,0,0,0,318470.0231,576777.5711,610443.9526,803122.2962,438799.7569,
1/1/2028,697536.0703,-215290.2978,-215290.2978,-215290.2978,-215290.2978,-215290.2978,-215290.2978,0,0,0,361501.6568,617165.9776,607074.1045,805282.5742,482245.7725,
2/1/2028,697430.2419,-146474.0949,-146474.0949,-146474.0949,-146474.0949,-146474.0949,-146474.0949,0,0,0,431771.5978,688449.3792,603733.1346,807887.766,550956.147,
3/1/2028,697331.2413,94964.57967,94964.57967,94964.57967,94964.57967,94964.57967,94964.57967,0,0,0,671987.0089,922513.4714,600803.3502,809761.2503,792295.8209,
4/1/2028,697225.413,231070.7108,231070.7108,231070.7108,231070.7108,231070.7108,231070.7108,0,0,0,802233.3754,1062681.528,599012.6944,811529.5627,928296.1237,
5/1/2028,697122.9985,231839.5738,231839.5738,231839.5738,231839.5738,231839.5738,231839.5738,0,0,0,795677.9648,1067058.322,597314.768,813208.4654,928962.5723,
6/1/2028,697017.1702,132982.4006,132982.4006,132982.4006,132982.4006,132982.4006,132982.4006,0,0,0,697283.4745,966872.2198,592088.6279,815821.3223,829999.5708,
7/1/2028,696914.7557,109108.9842,109108.9842,109108.9842,109108.9842,109108.9842,109108.9842,0,0,0,675919.7203,948596.0464,589624.563,817634.9711,806023.7399,
8/1/2028,696808.9274,7129.617431,7129.617431,7129.617431,7129.617431,7129.617431,7129.617431,0,0,0,571768.8076,842511.6819,587595.6498,820952.8768,703938.5448,
9/1/2028,696703.0991,-40899.78682,-40899.78682,-40899.78682,-40899.78682,-40899.78682,-40899.78682,0,0,0,518320.3311,798590.7508,586041.6974,823822.8844,655803.3122,
10/1/2028,696600.6846,-109643.2084,-109643.2084,-109643.2084,-109643.2084,-109643.2084,-109643.2084,0,0,0,453227.8943,727700.2543,582141.1054,825947.3424,586957.4762,
11/1/2028,696494.8563,-141467.4447,-141467.4447,-141467.4447,-141467.4447,-141467.4447,-141467.4447,0,0,0,415732.9895,700170.595,579237.8807,828912.0176,555027.4115,
12/1/2028,696392.4418,-205057.5631,-205057.5631,-205057.5631,-205057.5631,-205057.5631,-205057.5631,0,0,0,356394.2298,644561.602,576959.4801,831229.1059,491334.8786,
1/1/2029,696286.6135,-231031.1946,-231031.1946,-231031.1946,-231031.1946,-231031.1946,-231031.1946,0,0,0,325126.6557,616010.1911,573600.9866,833047.5049,465255.4189,
2/1/2029,696180.7851,-200244.0928,-200244.0928,-200244.0928,-200244.0928,-200244.0928,-200244.0928,0,0,0,341138.277,651865.8489,569153.6115,836226.9699,495936.6924,
3/1/2029,696085.1983,94985.93256,94985.93256,94985.93256,94985.93256,94985.93256,94985.93256,0,0,0,641660.6228,956954.3404,565626.3523,839968.0771,791071.1308,
4/1/2029,695979.37,227844.5715,227844.5715,227844.5715,227844.5715,227844.5715,227844.5715,0,0,0,777927.3026,1082482.54,563079.934,843185.4029,923823.9415,
5/1/2029,695876.9555,216077.8955,216077.8955,216077.8955,216077.8955,216077.8955,216077.8955,0,0,0,762945.0605,1083787.524,561667.0381,846252.9151,911954.851,
6/1/2029,695771.1272,132609.635,132609.635,132609.635,132609.635,132609.635,132609.635,0,0,0,675249.8965,1000164.402,559314.5045,850343.2744,828380.7621,
7/1/2029,695668.7127,112028.9508,112028.9508,112028.9508,112028.9508,112028.9508,112028.9508,0,0,0,637385.0114,972811.0516,557517.925,852809.1737,807697.6635,
8/1/2029,695562.8844,12121.16433,12121.16433,12121.16433,12121.16433,12121.16433,12121.16433,0,0,0,544540.3291,873654.7106,554681.4629,856140.1452,707684.0487,
9/1/2029,695457.0561,-30340.97123,-30340.97123,-30340.97123,-30340.97123,-30340.97123,-30340.97123,0,0,0,508652.038,839967.3279,551814.1967,857616.6269,665116.0848,
10/1/2029,695354.6416,-100175.2011,-100175.2011,-100175.2011,-100175.2011,-100175.2011,-100175.2011,0,0,0,428375.1104,775560.5801,549607.6823,860902.5001,595179.4404,
11/1/2029,695248.8133,-156814.4935,-156814.4935,-156814.4935,-156814.4935,-156814.4935,-156814.4935,0,0,0,368450.6699,714934.9917,546492.427,866646.9763,538434.3198,
12/1/2029,695146.3988,-223391.2807,-223391.2807,-223391.2807,-223391.2807,-223391.2807,-223391.2807,0,0,0,297751.8489,664232.6351,544500.7376,869293.1176,471755.1181,
1/1/2030,695040.5705,-226446.7491,-226446.7491,-226446.7491,-226446.7491,-226446.7491,-226446.7491,0,0,0,309417.3536,655389.5004,540409.715,870348.7864,468593.8214,
2/1/2030,694934.7422,-182469.9748,-182469.9748,-182469.9748,-182469.9748,-182469.9748,-182469.9748,0,0,0,329832.8763,702967.5058,537272.0272,872233.7638,512464.7674,
3/1/2030,694839.1553,94565.77677,94565.77677,94565.77677,94565.77677,94565.77677,94565.77677,0,0,0,613814.7042,985040.3447,534067.7833,874800.3237,789404.9321,
4/1/2030,694733.327,224223.6377,224223.6377,224223.6377,224223.6377,224223.6377,224223.6377,0,0,0,740231.078,1112571.989,531366.9426,880117.0971,918956.9647,
5/1/2030,694630.9125,200344.0791,200344.0791,200344.0791,200344.0791,200344.0791,200344.0791,0,0,0,709904.9567,1088268.225,528057.6826,882239.9969,894974.9916,
6/1/2030,694525.0842,132576.4916,132576.4916,132576.4916,132576.4916,132576.4916,132576.4916,0,0,0,647191.0806,1038191.013,524966.5472,885064.2397,827101.5757,
7/1/2030,694422.6697,115166.1799,115166.1799,115166.1799,115166.1799,115166.1799,115166.1799,0,0,0,618558.7342,1013436.984,521633.7835,886009.3356,809588.8496,
8/1/2030,694316.8414,17283.46086,17283.46086,17283.46086,17283.46086,17283.46086,17283.46086,0,0,0,519778.7944,920000.7648,518874.865,888392.1616,711600.3023,
9/1/2030,694211.0131,-19830.18879,-19830.18879,-19830.18879,-19830.18879,-19830.18879,-19830.18879,0,0,0,477218.3034,891016.7268,516070.6799,891610.9712,674380.8243,
10/1/2030,694108.5986,-91212.54262,-91212.54262,-91212.54262,-91212.54262,-91212.54262,-91212.54262,0,0,0,413208.3444,816539.8886,512755.543,894768.7944,602896.056,
11/1/2030,694002.7703,-172587.0371,-172587.0371,-172587.0371,-172587.0371,-172587.0371,-172587.0371,0,0,0,324315.7515,729317.6661,509413.6024,897631.0602,521415.7332,
12/1/2030,693900.3558,-241327.7269,-241327.7269,-241327.7269,-241327.7269,-241327.7269,-241327.7269,0,0,0,256782.7988,674646.5815,505390.6818,899996.4809,452572.6289,
1/1/2031,693794.5275,-221197.6297,-221197.6297,-221197.6297,-221197.6297,-221197.6297,-221197.6297,0,0,0,274984.4012,687989.3301,502070.7558,903507.3762,472596.8978,
2/1/2031,693688.6992,-164537.8564,-164537.8564,-164537.8564,-164537.8564,-164537.8564,-164537.8564,0,0,0,313220.9378,759489.2308,500453.4336,906338.9512,529150.8427,
3/1/2031,693593.1123,93698.44074,93698.44074,93698.44074,93698.44074,93698.44074,93698.44074,0,0,0,582810.9568,1014650.987,497592.157,907631.9331,787291.5531,
4/1/2031,693487.284,220215.6233,220215.6233,220215.6233,220215.6233,220215.6233,220215.6233,0,0,0,704814.6572,1151504.461,494220.7998,909967.6579,913702.9073,
5/1/2031,693384.8695,184659.5935,184659.5935,184659.5935,184659.5935,184659.5935,184659.5935,0,0,0,658132.602,1106066.443,490983.1003,913000.7398,878044.463,
6/1/2031,693279.0412,132888.4505,132888.4505,132888.4505,132888.4505,132888.4505,132888.4505,0,0,0,619636.0234,1065042.232,487637.4775,915291.1372,826167.4917,
7/1/2031,693176.6267,118515.7146,118515.7146,118515.7146,118515.7146,118515.7146,118515.7146,0,0,0,593609.2215,1055410.524,483672.6348,920112.1756,811692.3413,
8/1/2031,693070.7984,22606.1557,22606.1557,22606.1557,22606.1557,22606.1557,22606.1557,0,0,0,492414.5328,951710.5096,480254.6076,924300.8202,715676.9541,
9/1/2031,692964.9701,-9383.998615,-9383.998615,-9383.998615,-9383.998615,-9383.998615,-9383.998615,0,0,0,452048.1119,914297.9599,477362.1591,928870.8616,683580.9715,
10/1/2031,692862.5556,-82762.33122,-82762.33122,-82762.33122,-82762.33122,-82762.33122,-82762.33122,0,0,0,376492.5916,860278.2118,474560.8448,932516.9223,610100.2244,
11/1/2031,692756.7273,-188762.3417,-188762.3417,-188762.3417,-188762.3417,-188762.3417,-188762.3417,0,0,0,271345.9895,763512.8353,470967.3992,936087.2815,503994.3856,
12/1/2031,692654.3128,-258842.1417,-258842.1417,-258842.1417,-258842.1417,-258842.1417,-258842.1417,0,0,0,186594.2274,687301.7602,467723.4351,938143.5142,433812.1712,
1/1/2032,692548.4845,-215290.2978,-215290.2978,-215290.2978,-215290.2978,-215290.2978,-215290.2978,0,0,0,228809.0109,735126.7657,463465.9638,942196.0727,477258.1867,
2/1/2032,692442.6562,-146474.0949,-146474.0949,-146474.0949,-146474.0949,-146474.0949,-146474.0949,0,0,0,306445.7718,803907.4809,460871.4863,944249.6725,545968.5612,
3/1/2032,692343.6555,94964.57967,94964.57967,94964.57967,94964.57967,94964.57967,94964.57967,0,0,0,537604.2566,1049690.681,458481.391,947545.3883,787308.2352,
4/1/2032,692237.8272,231070.7108,231070.7108,231070.7108,231070.7108,231070.7108,231070.7108,0,0,0,672791.9237,1182634.464,455745.4838,949463.3884,923308.538,
5/1/2032,692135.4127,231839.5738,231839.5738,231839.5738,231839.5738,231839.5738,231839.5738,0,0,0,667221.3008,1199355.689,452609.5974,954374.6898,923974.9865,
6/1/2032,692029.5844,132982.4006,132982.4006,132982.4006,132982.4006,132982.4006,132982.4006,0,0,0,567377.9172,1095915.96,449099.0339,956399.9061,825011.985,
7/1/2032,691927.1699,109108.9842,109108.9842,109108.9842,109108.9842,109108.9842,109108.9842,0,0,0,538853.9409,1079114.596,445487.9971,960533.2938,801036.1541,
8/1/2032,691821.3416,7129.617431,7129.617431,7129.617431,7129.617431,7129.617431,7129.617431,0,0,0,436612.7386,978829.9958,441912.5537,963778.139,698950.959,
9/1/2032,691715.5133,-40899.78682,-40899.78682,-40899.78682,-40899.78682,-40899.78682,-40899.78682,0,0,0,391591.4578,926811.1796,438711.3255,967569.3631,650815.7265,
10/1/2032,691613.0988,-109643.2084,-109643.2084,-109643.2084,-109643.2084,-109643.2084,-109643.2084,0,0,0,305045.5465,874049.3794,435863.2193,972389.3453,581969.8904,
11/1/2032,691507.2705,-141467.4447,-141467.4447,-141467.4447,-141467.4447,-141467.4447,-141467.4447,0,0,0,280862.5076,832897.3036,431739.6507,977308.8861,550039.8258,
12/1/2032,691404.856,-205057.5631,-205057.5631,-205057.5631,-205057.5631,-205057.5631,-205057.5631,0,0,0,215886.0976,777570.0896,426943.6527,980564.7729,486347.2929,
1/1/2033,691299.0277,-231031.1946,-231031.1946,-231031.1946,-231031.1946,-231031.1946,-231031.1946,0,0,0,192917.3331,755437.7064,423021.064,983929.1891,460267.8331,
2/1/2033,691193.1994,-200244.0928,-200244.0928,-200244.0928,-200244.0928,-200244.0928,-200244.0928,0,0,0,201662.6831,792044.6777,419703.5459,987286.0076,490949.1066,
3/1/2033,691097.6125,94985.93256,94985.93256,94985.93256,94985.93256,94985.93256,94985.93256,0,0,0,499332.4162,1089849.4,416846.0794,990146.0742,786083.5451,
4/1/2033,690991.7842,227844.5715,227844.5715,227844.5715,227844.5715,227844.5715,227844.5715,0,0,0,621250.3407,1233217.626,413943.4918,993653.4972,918836.3557,
5/1/2033,690889.3697,216077.8955,216077.8955,216077.8955,216077.8955,216077.8955,216077.8955,0,0,0,615340.4693,1208355.249,410416.8433,998265.7555,906967.2652,
6/1/2033,690783.5414,132609.635,132609.635,132609.635,132609.635,132609.635,132609.635,0,0,0,533329.7488,1133091.072,406644.26,1002051.996,823393.1764,
7/1/2033,690681.1269,112028.9508,112028.9508,112028.9508,112028.9508,112028.9508,112028.9508,0,0,0,513052.2939,1118284.526,403103.7116,1005885.619,802710.0778,
8/1/2033,690575.2986,12121.16433,12121.16433,12121.16433,12121.16433,12121.16433,12121.16433,0,0,0,408261.2487,1027789.653,399326.3564,1010030.866,702696.463,
9/1/2033,690469.4703,-30340.97123,-30340.97123,-30340.97123,-30340.97123,-30340.97123,-30340.97123,0,0,0,360533.7986,980644.5571,395573.4359,1014030.608,660128.4991,
10/1/2033,690367.0558,-100175.2011,-100175.2011,-100175.2011,-100175.2011,-100175.2011,-100175.2011,0,0,0,285069.085,922065.282,391483.1621,1016889.364,590191.8547,
11/1/2033,690261.2275,-156814.4935,-156814.4935,-156814.4935,-156814.4935,-156814.4935,-156814.4935,0,0,0,204795.1374,859208.747,388106.0417,1018562.944,533446.734,
12/1/2033,690158.813,-223391.2807,-223391.2807,-223391.2807,-223391.2807,-223391.2807,-223391.2807,0,0,0,150256.8635,797401.5888,383879.8921,1020924.668,466767.5323,
1/1/2034,690052.9847,-226446.7491,-226446.7491,-226446.7491,-226446.7491,-226446.7491,-226446.7491,0,0,0,141068.6009,793132.4875,379767.6505,1027251.107,463606.2356,
2/1/2034,689947.1564,-182469.9748,-182469.9748,-182469.9748,-182469.9748,-182469.9748,-182469.9748,0,0,0,187569.5216,856396.0246,375484.5408,1031507.713,507477.1816,
3/1/2034,689851.5695,94565.77677,94565.77677,94565.77677,94565.77677,94565.77677,94565.77677,0,0,0,468142.8998,1130252.135,372460.6875,1034398.378,784417.3463,
4/1/2034,689745.7412,224223.6377,224223.6377,224223.6377,224223.6377,224223.6377,224223.6377,0,0,0,582881.0218,1262953.023,368467.8572,1037101.488,913969.3789,
5/1/2034,689643.3267,200344.0791,200344.0791,200344.0791,200344.0791,200344.0791,200344.0791,0,0,0,538635.9306,1225321.184,365353.844,1039945.78,889987.4058,
6/1/2034,689537.4984,132576.4916,132576.4916,132576.4916,132576.4916,132576.4916,132576.4916,0,0,0,475664.6847,1181406.667,361246.6391,1044706.597,822113.99,
7/1/2034,689435.0839,115166.1799,115166.1799,115166.1799,115166.1799,115166.1799,115166.1799,0,0,0,454767.1794,1177632.849,357161.1033,1049784.541,804601.2638,
8/1/2034,689329.2556,17283.46086,17283.46086,17283.46086,17283.46086,17283.46086,17283.46086,0,0,0,364531.7962,1077059.031,352157.5157,1052735.682,706612.7165,
9/1/2034,689223.4273,-19830.18878,-19830.18878,-19830.18878,-19830.18878,-19830.18878,-19830.18878,0,0,0,311680.4845,1039352.889,347909.3596,1056856.547,669393.2385,
10/1/2034,689121.0128,-91212.54262,-91212.54262,-91212.54262,-91212.54262,-91212.54262,-91212.54262,0,0,0,233868.8205,965437.7091,343959.4558,1058866.957,597908.4702,
11/1/2034,689015.1845,-172587.0371,-172587.0371,-172587.0371,-172587.0371,-172587.0371,-172587.0371,0,0,0,148152.6329,877358.7578,338766.3862,1062734.135,516428.1474,
12/1/2034,688912.77,-241327.7269,-241327.7269,-241327.7269,-241327.7269,-241327.7269,-241327.7269,0,0,0,89420.78782,848155.1112,333662.1061,1067147.083,447585.0431,
1/1/2035,688806.9417,-221197.6297,-221197.6297,-221197.6297,-221197.6297,-221197.6297,-221197.6297,0,0,0,105766.8945,859077.5927,330236.0786,1071704.922,467609.3121,
2/1/2035,688701.1134,-164537.8564,-164537.8564,-164537.8564,-164537.8564,-164537.8564,-164537.8564,0,0,0,144538.5928,924475.0777,327257.7756,1075347.892,524163.257,
3/1/2035,688605.5266,93698.44074,93698.44074,93698.44074,93698.44074,93698.44074,93698.44074,0,0,0,418305.7327,1166712.68,323663.9574,1080773.012,782303.9673,
4/1/2035,688499.6983,220215.6233,220215.6233,220215.6233,220215.6233,220215.6233,220215.6233,0,0,0,520333.1246,1308655.443,319995.8733,1084507.378,908715.3216,
5/1/2035,688397.2838,184659.5935,184659.5935,184659.5935,184659.5935,184659.5935,184659.5935,0,0,0,480503.6227,1267767.789,313811.6462,1086100.499,873056.8773,
6/1/2035,688291.4555,132888.4505,132888.4505,132888.4505,132888.4505,132888.4505,132888.4505,0,0,0,431561.7691,1217131.499,311126.4247,1089863.845,821179.906,
7/1/2035,688189.041,118515.7146,118515.7146,118515.7146,118515.7146,118515.7146,118515.7146,0,0,0,402847.0408,1200755.094,306286.3944,1095148.048,806704.7556,
8/1/2035,688083.2127,22606.1557,22606.1557,22606.1557,22606.1557,22606.1557,22606.1557,0,0,0,318042.4101,1125271.464,303059.7749,1100386.754,710689.3683,
9/1/2035,687977.3843,-9383.998615,-9383.998615,-9383.998615,-9383.998615,-9383.998615,-9383.998615,0,0,0,268695.2033,1102724.098,298526.2511,1103494.649,678593.3857,
10/1/2035,687874.9699,-82762.33122,-82762.33122,-82762.33122,-82762.33122,-82762.33122,-82762.33122,0,0,0,210195.4603,1032419.512,292020.5777,1105884.218,605112.6386,
11/1/2035,687769.1415,-188762.3417,-188762.3417,-188762.3417,-188762.3417,-188762.3417,-188762.3417,0,0,0,97532.10424,934626.3969,288157.309,1108560.27,499006.7998,
12/1/2035,687666.7271,-258842.1417,-258842.1417,-258842.1417,-258842.1417,-258842.1417,-258842.1417,0,0,0,18681.36409,852912.5435,284577.4389,1112357.194,428824.5854,
1/1/2036,687560.8987,-215290.2978,-215290.2978,-215290.2978,-215290.2978,-215290.2978,-215290.2978,0,0,0,58019.15909,924315.0293,279448.5074,1117953.722,472270.601,
2/1/2036,687455.0704,-146474.0949,-146474.0949,-146474.0949,-146474.0949,-146474.0949,-146474.0949,0,0,0,119068.0648,983675.9046,274125.1527,1125766.92,540980.9755,
3/1/2036,687356.0698,94964.57967,94964.57967,94964.57967,94964.57967,94964.57967,94964.57967,0,0,0,350375.0225,1224194.182,269145.2403,1133076.041,782320.6494,
4/1/2036,687250.2415,231070.7108,231070.7108,231070.7108,231070.7108,231070.7108,231070.7108,0,0,0,490177.7132,1362192.42,264092.6956,1140614.419,918320.9522,
5/1/2036,687147.827,231839.5738,231839.5738,231839.5738,231839.5738,231839.5738,231839.5738,0,0,0,479907.3488,1386438.246,258973.919,1146001.343,918987.4008,
6/1/2036,687041.9987,132982.4006,132982.4006,132982.4006,132982.4006,132982.4006,132982.4006,0,0,0,378179.8648,1281483.019,256170.4996,1150546.369,820024.3993,
7/1/2036,686939.5842,109108.9842,109108.9842,109108.9842,109108.9842,109108.9842,109108.9842,0,0,0,364974.4877,1261138.726,254378.5606,1153636.903,796048.5683,
8/1/2036,686833.7559,7129.617432,7129.617432,7129.617432,7129.617432,7129.617432,7129.617432,0,0,0,232949.8951,1168436.178,249979.5559,1156732.856,693963.3733,
9/1/2036,686727.9275,-40899.78682,-40899.78682,-40899.78682,-40899.78682,-40899.78682,-40899.78682,0,0,0,184659.7683,1125823.149,245540.5871,1160452.087,645828.1407,
10/1/2036,686625.5131,-109643.2084,-109643.2084,-109643.2084,-109643.2084,-109643.2084,-109643.2084,0,0,0,109326.5336,1052609.222,240711.3798,1164576.996,576982.3047,
11/1/2036,686519.6847,-141467.4447,-141467.4447,-141467.4447,-141467.4447,-141467.4447,-141467.4447,0,0,0,85172.26895,1025904.809,236030.9095,1168067.384,545052.24,
12/1/2036,686417.2702,-205057.5631,-205057.5631,-205057.5631,-205057.5631,-205057.5631,-205057.5631,0,0,0,14212.07637,956420.7292,230043.6823,1171175.19,481359.7071,
1/1/2037,686311.4419,-231031.1946,-231031.1946,-231031.1946,-231031.1946,-231031.1946,-231031.1946,0,0,0,-8895.698506,934559.3793,224112.6908,1174344.896,455280.2474,
2/1/2037,686205.6136,-200244.0928,-200244.0928,-200244.0928,-200244.0928,-200244.0928,-200244.0928,0,0,0,20202.07895,964047.3997,219916.4889,1177474.806,485961.5208,
3/1/2037,686110.0268,94985.93256,94985.93256,94985.93256,94985.93256,94985.93256,94985.93256,0,0,0,307760.388,1271011.582,216880.812,1180301.821,781095.9593,
4/1/2037,686004.1985,227844.5715,227844.5715,227844.5715,227844.5715,227844.5715,227844.5715,0,0,0,432175.5643,1423700.281,213770.1711,1183431.731,913848.77,
5/1/2037,685901.784,216077.8955,216077.8955,216077.8955,216077.8955,216077.8955,216077.8955,0,0,0,431075.3842,1396322.741,210141.3847,1186557.629,901979.6795,
6/1/2037,685795.9557,132609.635,132609.635,132609.635,132609.635,132609.635,132609.635,0,0,0,327379.7261,1327929.659,207748.3055,1192433.446,818405.5906,
7/1/2037,685693.5412,112028.9508,112028.9508,112028.9508,112028.9508,112028.9508,112028.9508,0,0,0,295821.7437,1303481.718,204815.1313,1197482.122,797722.492,
8/1/2037,685587.7129,12121.16433,12121.16433,12121.16433,12121.16433,12121.16433,12121.16433,0,0,0,189181.3067,1207936.988,201637.0449,1201283.318,697708.8772,
9/1/2037,685481.8846,-30340.97123,-30340.97123,-30340.97123,-30340.97123,-30340.97123,-30340.97123,0,0,0,155618.4661,1178422.856,197178.4112,1206963.04,655140.9133,
10/1/2037,685379.4701,-100175.2011,-100175.2011,-100175.2011,-100175.2011,-100175.2011,-100175.2011,0,0,0,73366.5572,1097179.157,191921.0025,1213105.298,585204.2689,
11/1/2037,685273.6418,-156814.4935,-156814.4935,-156814.4935,-156814.4935,-156814.4935,-156814.4935,0,0,0,15288.36959,1065937.032,184499.1788,1219103.546,528459.1483,
12/1/2037,685171.2273,-223391.2807,-223391.2807,-223391.2807,-223391.2807,-223391.2807,-223391.2807,0,0,0,-49993.86384,992564.2917,177002.5327,1224482.149,461779.9465,
1/1/2038,685065.399,-226446.7491,-226446.7491,-226446.7491,-226446.7491,-226446.7491,-226446.7491,0,0,0,-51116.80761,989624.9112,170592.9584,1228307.072,458618.6499,
2/1/2038,684959.5706,-182469.9748,-182469.9748,-182469.9748,-182469.9748,-182469.9748,-182469.9748,0,0,0,-17971.2229,1050069.381,162771.7224,1234086.184,502489.5959,
3/1/2038,684863.9838,94565.77677,94565.77677,94565.77677,94565.77677,94565.77677,94565.77677,0,0,0,244213.6678,1346297.359,156688.4615,1236485.122,779429.7606,
4/1/2038,684758.1555,224223.6377,224223.6377,224223.6377,224223.6377,224223.6377,224223.6377,0,0,0,381171.0265,1462688.46,150534.2138,1241558.116,908981.7931,
5/1/2038,684655.741,200344.0791,200344.0791,200344.0791,200344.0791,200344.0791,200344.0791,0,0,0,358774.3256,1436374.144,144402.5044,1245875.579,884999.8201,
6/1/2038,684549.9127,132576.4916,132576.4916,132576.4916,132576.4916,132576.4916,132576.4916,0,0,0,265540.7043,1361334.092,137487.0343,1249806.969,817126.4042,
7/1/2038,684447.4982,115166.1799,115166.1799,115166.1799,115166.1799,115166.1799,115166.1799,0,0,0,253274.2801,1367318.287,131179.3552,1253715.742,799613.6781,
8/1/2038,684341.6699,17283.46086,17283.46086,17283.46086,17283.46086,17283.46086,17283.46086,0,0,0,160054.1589,1253597.498,124566.7291,1257739.402,701625.1307,
9/1/2038,684235.8416,-19830.18878,-19830.18878,-19830.18878,-19830.18878,-19830.18878,-19830.18878,0,0,0,101988.4163,1237723.346,118142.4943,1262480.141,664405.6528,
10/1/2038,684133.4271,-91212.54262,-91212.54262,-91212.54262,-91212.54262,-91212.54262,-91212.54262,0,0,0,35128.41096,1166342.289,112772.7101,1267792.286,592920.8845,
11/1/2038,684027.5988,-172587.0371,-172587.0371,-172587.0371,-172587.0371,-172587.0371,-172587.0371,0,0,0,-48849.09256,1103884.016,107834.8443,1273380.684,511440.5617,
12/1/2038,683925.1843,-241327.7269,-241327.7269,-241327.7269,-241327.7269,-241327.7269,-241327.7269,0,0,0,-135493.9498,1017436.34,103139.8222,1279306.514,442597.4574,
