,,,Up until 2022 (inclusive),From 2023 (inclusive) onwards,"m <- prophet(df_test, 
             yearly.seasonality = TRUE,
             seasonality.prior.scale = 0.5,
             changepoint.prior.scale = 0.9)","m <- prophet(df_test, yearly.seasonality = TRUE)","m <- prophet(df_test, yearly.seasonality = TRUE)",Used Average for forecast,,
Date Time,TRUE Difference in Volume of Water,FORECASTED Difference in Volume of Water,TRUE Volume of Water,FORECASTED Volume of Water,Sum (changed fbprophet),upperCRB_SoilMoi40_100cm_inst,upperCRB_SWE_inst (kg m-2),PDSI (Index),PDSI Extreme Bad,PDSI Extreme Good
2000-01-01,,,"25,046.00",,,,,-2.82,-4,4
2000-02-01,-72.00,-79.89,"24,974.00",,727738.114,83.000,15.8402608100,-3.22,-4,4
2000-03-01,-376.00,-385.51,"24,598.00",,968092.9867,87.000,13.7244199800,-2.65,-4,4
2000-04-01,-385.00,-567.07,"24,213.00",,1103040.571,93.000,4.9519661120,-3.23,-4,4
2000-05-01,-166.00,-528.16,"24,047.00",,1102688.259,94.000,0.1783219723,-4.38,-4,4
2000-06-01,-533.00,-360.73,"23,514.00",,1002672.539,83.000,0.0111324094,-4.58,-4,4
2000-07-01,-602.00,-259.49,"22,912.00",,977677.9485,72.000,0.0003615535,-5.41,-4,4
2000-08-01,-477.00,-137.34,"22,435.00",,874540.0348,66.000,0.0002830173,-5.27,-4,4
2000-09-01,9.00,-177.21,"22,444.00",,825352.0837,64.000,0.1202332636,-5.69,-4,4
2000-10-01,-9.00,-101.68,"22,435.00",,755487.4876,64.000,0.3943931367,-3.51,-4,4
2000-11-01,-30.00,-74.61,"22,405.00",,722504.7044,72.000,6.3622970770,-2.72,-4,4
2000-12-01,-47.00,11.19,"22,358.00",,658244.2989,71.000,12.2231410300,-2.79,-4,4
2001-01-01,165.00,63.03,"22,523.00",,631578.0374,71.000,18.8902934500,-2.08,-4,4
2001-02-01,-93.00,41.64,"22,430.00",,661672.5091,71.000,24.8728295600,-1.68,-4,4
2001-03-01,-276.00,-353.39,"22,154.00",,956276.9331,76.000,16.6498654600,-1.51,-4,4
2001-04-01,-551.00,-539.74,"21,603.00",,1088442.942,82.000,5.3244068920,-1.36,-4,4
2001-05-01,-476.00,-505.91,"21,127.00",,1076005.979,87.000,0.4306921443,-1.17,-4,4
2001-06-01,-570.00,-330.21,"20,557.00",,991845.0883,81.000,0.0042282078,-1.32,-4,4
2001-07-01,-312.00,-163.61,"20,245.00",,970594.117,72.000,0.0000254000,-1.49,-4,4
2001-08-01,-108.00,-113.63,"20,137.00",,869993.7005,69.000,0.0001355615,-1.52,-4,4
2001-09-01,-264.00,-160.59,"19,873.00",,826838.9361,68.000,0.0266352859,-2.25,-4,4
2001-10-01,9.00,-90.82,"19,882.00",,756334.4202,66.000,0.1170546799,-2.8,-4,4
2001-11-01,-106.00,-42.00,"19,776.00",,699002.499,66.000,2.1577337890,-2.73,-4,4
2001-12-01,19.00,46.68,"19,795.00",,631755.4258,66.000,14.5101206100,-2.75,-4,4
2002-01-01,75.00,50.64,"19,870.00",,628007.3287,66.000,20.2601406200,-3.12,-4,4
2002-02-01,-188.00,-13.88,"19,682.00",,671291.4741,66.000,18.8616184400,-3.6,-4,4
2002-03-01,-570.00,-377.89,"19,112.00",,947701.6254,67.000,14.3026858800,-3.88,-4,4
2002-04-01,-573.00,-530.33,"18,539.00",,1076666.857,68.000,2.3219290420,-4.61,-4,4
2002-05-01,-624.00,-461.09,"17,915.00",,1048630.546,69.000,0.1822400143,-5.8,-4,4
2002-06-01,-382.00,-237.96,"17,533.00",,976567.6461,64.000,0.0001727685,-6.81,-4,4
2002-07-01,-190.00,-138.22,"17,343.00",,955000.5811,59.000,0.0000206000,-7.3,-4,4
2002-08-01,-134.00,-96.27,"17,209.00",,852822.5502,56.000,0.0001437441,-7.73,-4,4
2002-09-01,-116.00,-141.25,"17,093.00",,811413.5887,58.000,0.0254986051,-6.2,-4,4
2002-10-01,-61.00,-83.60,"17,032.00",,735874.4815,65.000,0.7576722600,-5.32,-4,4
2002-11-01,-182.00,11.60,"16,850.00",,650204.6751,68.000,3.9825376450,-4.95,-4,4
2002-12-01,-132.00,103.53,"16,718.00",,577307.232,69.000,6.0027702620,-4.64,-4,4
2003-01-01,136.00,75.21,"16,854.00",,593142.0174,69.000,8.6996336130,-5.32,-4,4
2003-02-01,124.00,12.00,"16,978.00",,645506.6456,72.000,10.8495767300,-4.41,-4,4
2003-03-01,-152.00,-315.11,"16,826.00",,899863.457,76.000,10.0875393800,-4.08,-4,4
2003-04-01,-539.00,-462.51,"16,287.00",,1022085.495,83.000,3.2174237950,-4,-4,4
2003-05-01,-394.00,-385.88,"15,893.00",,982372.8728,86.000,0.3324188454,-4.46,-4,4
2003-06-01,-160.00,-275.35,"15,733.00",,926306.5848,80.000,0.0170546547,-4.49,-4,4
2003-07-01,-135.00,-27.32,"15,598.00",,907777.257,70.000,0.0000062400,-5.57,-4,4
2003-08-01,143.00,-40.24,"15,741.00",,807572.5531,66.000,0.0001122790,-5.72,-4,4
2003-09-01,-123.00,-70.95,"15,618.00",,771287.2538,67.000,0.0050297245,-5.59,-4,4
2003-10-01,-101.00,-4.71,"15,517.00",,693752.3292,69.000,0.0495253238,-5.84,-4,4
2003-11-01,-180.00,96.25,"15,337.00",,583974.9813,69.000,4.2499753360,-5,-4,4
2003-12-01,-37.00,184.01,"15,300.00",,510239.6937,70.000,11.5513906500,-4.78,-4,4
2004-01-01,134.00,124.76,"15,434.00",,550014.2002,70.000,26.1108530200,-4.65,-4,4
2004-02-01,-30.00,57.51,"15,404.00",,615053.0657,70.000,27.8448968900,-3.84,-4,4
2004-03-01,-149.00,-260.79,"15,255.00",,852958.1022,76.000,13.5330250200,-4.47,-4,4
2004-04-01,-389.00,-404.76,"14,866.00",,985286.8959,93.000,1.3410841230,-3.22,-4,4
2004-05-01,-542.00,-373.65,"14,324.00",,982400.2712,95.000,0.1315996581,-3.75,-4,4
2004-06-01,-282.00,-203.67,"14,042.00",,879765.7607,84.000,0.0062770223,-3.73,-4,4
2004-07-01,-118.00,-111.44,"13,924.00",,852236.8565,75.000,0.0002723883,-3.64,-4,4
2004-08-01,94.00,6.39,"14,018.00",,748816.347,70.000,0.0002478405,-3.59,-4,4
2004-09-01,-81.00,-8.58,"13,937.00",,699345.8,68.000,0.0376090480,0.47,-4,4
2004-10-01,157.00,56.34,"14,094.00",,629207.7241,76.000,0.7007068246,1.26,-4,4
2004-11-01,273.00,115.91,"14,367.00",,595942.345,91.000,5.0129917950,1.99,-4,4
2004-12-01,-12.00,245.80,"14,355.00",,530957.5724,93.000,12.2860710800,1.94,-4,4
2005-01-01,764.00,492.29,"15,119.00",,503542.7982,101.000,34.2432784800,2.97,-4,4
2005-02-01,620.00,509.50,"15,739.00",,532888.7572,108.000,33.6540684100,3.9,-4,4
2005-03-01,481.00,6.22,"16,220.00",,826817.1052,114.000,21.1924142400,3.86,-4,4
2005-04-01,-351.00,-270.76,"15,869.00",,961397.7851,123.000,10.6983297200,3.85,-4,4
2005-05-01,-276.00,-336.57,"15,593.00",,951297.6004,129.000,2.6503013130,4.15,-4,4
2005-06-01,-152.00,-221.77,"15,441.00",,869551.3809,115.000,0.0549557183,4.75,-4,4
2005-07-01,-153.00,-78.90,"15,288.00",,850637.188,94.000,0.0000832000,-0.38,-4,4
2005-08-01,63.00,28.28,"15,351.00",,752451.4425,85.000,0.0000802000,0.41,-4,4
2005-09-01,-132.00,6.95,"15,219.00",,711711.3479,81.000,0.0029910216,-0.29,-4,4
2005-10-01,-141.00,41.05,"15,078.00",,643543.6092,82.000,0.3789644361,-0.03,-4,4
2005-11-01,-182.00,104.96,"14,896.00",,588626.3578,87.000,1.2490163900,-0.75,-4,4
2005-12-01,235.00,194.55,"15,131.00",,523716.0619,87.000,6.6141366800,-1.27,-4,4
2006-01-01,204.00,204.65,"15,335.00",,522059.8561,87.000,12.6949274200,-1.86,-4,4
2006-02-01,185.00,137.07,"15,520.00",,567435.8929,87.000,14.3538942600,-2.67,-4,4
2006-03-01,-183.00,-224.34,"15,337.00",,845735.4945,88.000,12.4370222700,-2.43,-4,4
2006-04-01,-371.00,-400.91,"14,966.00",,976792.618,95.000,3.5595746230,-2.95,-4,4
2006-05-01,-496.00,-337.66,"14,470.00",,954267.1845,97.000,0.1217627244,-4.3,-4,4
2006-06-01,-292.00,-140.60,"14,178.00",,887898.8595,85.000,0.0001779114,-5.2,-4,4
2006-07-01,-185.00,13.09,"13,993.00",,871842.6729,73.000,0.0000056500,-4.6,-4,4
2006-08-01,12.00,-36.03,"14,005.00",,775359.2164,71.000,0.0004622756,-3.54,-4,4
2006-09-01,-118.00,-77.86,"13,887.00",,739644.8293,72.000,0.2658226109,-2.54,-4,4
2006-10-01,77.00,4.28,"13,964.00",,669077.9854,95.000,0.7548501812,-1.27,-4,4
2006-11-01,50.00,103.50,"14,014.00",,588546.1844,102.000,1.8942124300,-1.79,-4,4
2006-12-01,150.00,198.31,"14,164.00",,520621.0045,101.000,6.7191251150,-1.75,-4,4
2007-01-01,145.00,192.91,"14,309.00",,541593.7953,100.000,15.3694208000,-1.74,-4,4
2007-02-01,-21.00,106.70,"14,288.00",,599096.2621,101.000,12.1063051700,-1.95,-4,4
2007-03-01,-358.00,-245.14,"13,930.00",,858093.7018,102.000,5.0856590650,-2.41,-4,4
2007-04-01,-504.00,-400.97,"13,426.00",,985453.5779,105.000,1.0133105000,-2.42,-4,4
2007-05-01,-463.00,-339.32,"12,963.00",,950713.058,103.000,0.2008172499,-2.62,-4,4
2007-06-01,-228.00,-240.81,"12,735.00",,899784.6086,90.000,0.0145660739,-3.21,-4,4
2007-07-01,-181.00,-54.44,"12,554.00",,885223.9049,75.000,0.0000155000,-3.26,-4,4
2007-08-01,24.00,37.63,"12,578.00",,789120.1126,73.000,0.0000175000,-3.38,-4,4
2007-09-01,-73.00,-62.83,"12,505.00",,756935.725,70.000,0.0097615935,-3.06,-4,4
2007-10-01,-11.00,-10.76,"12,494.00",,683369.4246,72.000,0.3984180558,-3.35,-4,4
2007-11-01,26.00,125.74,"12,520.00",,577175.1808,74.000,0.2701612618,-3.78,-4,4
2007-12-01,340.00,229.77,"12,860.00",,506907.4131,79.000,22.8949403100,-2.43,-4,4
2008-01-01,157.00,234.06,"13,017.00",,550265.0237,80.000,40.4130733300,-1.6,-4,4
2008-02-01,45.00,202.80,"13,062.00",,618886.9932,81.000,53.4662591300,-1.12,-4,4
2008-03-01,-122.00,-183.87,"12,940.00",,859769.7378,88.000,31.2833604700,-1.53,-4,4
2008-04-01,-477.00,-410.10,"12,463.00",,995281.5989,97.000,11.5890983700,-1.86,-4,4
2008-05-01,-331.00,-411.77,"12,132.00",,995475.362,107.000,0.9065502344,-1.66,-4,4
2008-06-01,-191.00,-237.24,"11,941.00",,896023.9189,100.000,0.0155700836,-1.79,-4,4
2008-07-01,-51.00,-99.31,"11,890.00",,871575.4024,82.000,0.0000772000,-1.29,-4,4
2008-08-01,65.00,-16.96,"11,955.00",,769001.7657,75.000,0.0002570354,-0.85,-4,4
2008-09-01,58.00,-13.82,"12,013.00",,720378.0915,72.000,0.0065483786,-1.23,-4,4
2008-10-01,200.00,42.86,"12,213.00",,651059.57,71.000,0.0867403660,-1.34,-4,4
2008-11-01,-56.00,65.83,"12,157.00",,618641.0637,72.000,1.0450210080,-1.58,-4,4
2008-12-01,339.00,162.27,"12,496.00",,554475.8455,73.000,10.8556939600,-1.01,-4,4
2009-01-01,76.00,225.24,"12,572.00",,527907.9444,73.000,24.7836318400,-1.35,-4,4
2009-02-01,-33.00,164.99,"12,539.00",,558100.7764,75.000,17.5478516500,-1.68,-4,4
2009-03-01,-375.00,-239.61,"12,164.00",,852794.042,80.000,6.3283382370,-2.26,-4,4
2009-04-01,-560.00,-408.99,"11,604.00",,985058.4112,87.000,3.8664488300,-2.07,-4,4
2009-05-01,-387.00,-366.62,"11,217.00",,972716.6355,95.000,0.1969567416,-2.48,-4,4
2009-06-01,-146.00,-240.60,"11,071.00",,888654.1052,96.000,0.0371809619,-2.22,-4,4
2009-07-01,-93.00,-115.72,"10,978.00",,867498.3213,85.000,0.0001627244,-2.44,-4,4
2009-08-01,-40.00,-19.33,"10,938.00",,766996.2651,75.000,0.0003213153,-3.46,-4,4
2009-09-01,-5.00,-1.06,"10,933.00",,724923.5153,71.000,0.0017833856,-3.4,-4,4
2009-10-01,-36.00,17.24,"10,897.00",,655466.1103,70.000,1.1266440260,-2.95,-4,4
2009-11-01,22.00,89.37,"10,919.00",,599216.2037,70.000,0.9810522106,-3.38,-4,4
2009-12-01,243.00,212.05,"11,162.00",,533016.2414,70.000,14.6607036400,0.16,-4,4
2010-01-01,331.00,296.75,"11,493.00",,530350.1588,70.000,31.6164818200,0.98,-4,4
2010-02-01,287.00,308.26,"11,780.00",,574716.3189,71.000,43.9613973500,1.35,-4,4
2010-03-01,-230.00,-128.98,"11,550.00",,852103.7737,80.000,24.5647553600,1.41,-4,4
2010-04-01,-237.00,-384.21,"11,313.00",,982151.0203,97.000,4.9661894760,1.44,-4,4
2010-05-01,-326.00,-358.59,"10,987.00",,958648.2867,104.000,0.5636539212,1.31,-4,4
2010-06-01,-431.00,-233.26,"10,556.00",,891270.0839,96.000,0.0176181137,1.3,-4,4
2010-07-01,-199.00,-154.12,"10,357.00",,874236.5963,81.000,0.0006037421,1.73,-4,4
2010-08-01,-5.00,-37.46,"10,352.00",,776743.2621,80.000,0.0004583952,-0.02,-4,4
2010-09-01,-260.00,-39.08,"10,092.00",,740018.9972,76.000,0.0075020920,-0.76,-4,4
2010-10-01,-121.00,4.35,"9,971.00",,669013.4674,74.000,0.7478872827,-0.5,-4,4
2010-11-01,-35.00,106.40,"9,936.00",,588028.3577,78.000,3.6809818590,-0.71,-4,4
2010-12-01,365.00,231.74,"10,301.00",,519664.4919,80.000,14.8941037900,-0.29,-4,4
2011-01-01,464.00,241.16,"10,765.00",,540183.9739,83.000,28.5460842400,-0.89,-4,4
2011-02-01,352.00,161.42,"11,117.00",,596813.9979,83.000,26.0827184900,-0.8,-4,4
2011-03-01,53.00,-212.96,"11,170.00",,855023.4248,86.000,17.4607048000,-1.46,-4,4
2011-04-01,-55.00,-396.12,"11,115.00",,981510.8581,97.000,7.4315584200,-1.48,-4,4
2011-05-01,189.00,-352.73,"11,304.00",,945926.0387,109.000,1.8707166930,-1.36,-4,4
2011-06-01,401.00,-254.69,"11,705.00",,894125.1464,104.000,0.0649800374,-2.11,-4,4
2011-07-01,428.00,-164.35,"12,133.00",,879723.6209,88.000,0.0007287589,-2.21,-4,4
2011-08-01,597.00,1.72,"12,730.00",,783784.3127,78.000,0.0000615000,-2.94,-4,4
2011-09-01,247.00,-59.89,"12,977.00",,751764.4092,74.000,0.0126243899,-2.84,-4,4
2011-10-01,479.00,-5.88,"13,456.00",,678357.287,75.000,0.4988465032,-2.57,-4,4
2011-11-01,477.00,120.77,"13,933.00",,572327.5272,78.000,3.4376577710,-2.45,-4,4
2011-12-01,711.00,213.42,"14,644.00",,502218.9377,78.000,4.4840293010,-1.97,-4,4
2012-01-01,378.00,155.91,"15,022.00",,545741.0324,78.000,5.3629474280,-2.42,-4,4
2012-02-01,-115.00,67.84,"14,907.00",,614527.4859,79.000,6.9882168590,-2.49,-4,4
2012-03-01,-372.00,-244.83,"14,535.00",,855938.3306,80.000,2.5303808660,-3.23,-4,4
2012-04-01,-549.00,-392.14,"13,986.00",,992014.7125,81.000,0.2137111225,-3.87,-4,4
2012-05-01,-445.00,-366.02,"13,541.00",,992754.7859,78.000,0.0320222877,-4.8,-4,4
2012-06-01,-341.00,-185.64,"13,200.00",,893867.8635,70.000,0.0009296548,-5.91,-4,4
2012-07-01,7.00,-52.43,"13,207.00",,869965.6575,63.000,0.0000212000,-5.64,-4,4
2012-08-01,62.00,36.64,"13,269.00",,768246.0844,60.000,0.0000332000,-5.92,-4,4
2012-09-01,-134.00,9.53,"13,135.00",,720476.4738,58.000,0.0012549686,-5.67,-4,4
2012-10-01,128.00,30.15,"13,263.00",,651984.4654,58.000,0.3140137840,-5.76,-4,4
2012-11-01,71.00,61.02,"13,334.00",,620420.0227,58.000,0.9238917370,-6.05,-4,4
2012-12-01,302.00,128.70,"13,636.00",,557081.3176,60.000,5.0913199990,-5.31,-4,4
2013-01-01,192.00,155.35,"13,828.00",,531367.4798,61.000,12.8788251800,-4.86,-4,4
2013-02-01,-18.00,119.13,"13,810.00",,562414.3752,62.000,9.5828540850,-4.68,-4,4
2013-03-01,-345.00,-256.77,"13,465.00",,857879.0529,64.000,4.2472437930,-4.95,-4,4
2013-04-01,-544.00,-413.32,"12,921.00",,990997.4855,66.000,1.2544556240,-4.81,-4,4
2013-05-01,-426.00,-371.27,"12,495.00",,979487.2783,68.000,0.1425133282,-5.26,-4,4
2013-06-01,-219.00,-182.62,"12,276.00",,896284.0356,64.000,0.0007050209,-6.03,-4,4
2013-07-01,-6.00,-109.12,"12,270.00",,875959.8203,58.000,0.0000916000,-5.11,-4,4
2013-08-01,19.00,-47.29,"12,289.00",,776317.0517,57.000,0.0007950634,-4.74,-4,4
2013-09-01,73.00,-52.39,"12,362.00",,734119.9339,63.000,0.0415622385,-2.52,-4,4
2013-10-01,-263.00,11.19,"12,099.00",,664542.1728,75.000,0.5289110378,-2.49,-4,4
2013-11-01,211.00,76.12,"12,310.00",,608167.8983,80.000,2.7759559770,-2.02,-4,4
2013-12-01,34.00,168.82,"12,344.00",,541847.5799,82.000,9.6337022500,-2.12,-4,4
2014-01-01,187.00,165.96,"12,531.00",,539057.1287,82.000,7.7697521770,-2.61,-4,4
2014-02-01,-75.00,105.70,"12,456.00",,583298.9202,83.000,8.5571903970,-3.06,-4,4
2014-03-01,-568.00,-254.92,"11,888.00",,860574.042,85.000,4.7969229190,-3.38,-4,4
2014-04-01,-634.00,-419.04,"11,254.00",,990496.9201,90.000,2.7994867760,-3.54,-4,4
2014-05-01,-615.00,-361.48,"10,639.00",,966873.8297,90.000,0.2278643743,-3.95,-4,4
2014-06-01,-406.00,-218.41,"10,233.00",,899371.2594,81.000,0.0037555788,-4.82,-4,4
2014-07-01,-172.00,-109.11,"10,061.00",,882217.4159,70.000,0.0000731000,-4.42,-4,4
2014-08-01,79.00,-55.93,"10,140.00",,784599.714,66.000,0.0007576090,-3.46,-4,4
2014-09-01,-19.00,-49.19,"10,121.00",,747751.0815,67.000,0.0079963389,-2.05,-4,4
2014-10-01,123.00,15.62,"10,244.00",,674635.376,78.000,0.0698274904,-2.48,-4,4
2014-11-01,65.00,100.10,"10,309.00",,591469.7514,79.000,0.9728474544,-2.56,-4,4
2014-12-01,358.00,188.35,"10,667.00",,520995.7099,80.000,5.0733393500,-2.33,-4,4
2015-01-01,62.00,167.28,"10,729.00",,539334.677,80.000,6.2437749470,-2.06,-4,4
2015-02-01,40.00,93.59,"10,769.00",,594203.3201,86.000,3.9218191590,-2.37,-4,4
2015-03-01,-350.00,-233.80,"10,419.00",,850821.8224,88.000,1.5286397480,-2.92,-4,4
2015-04-01,-488.00,-382.20,"9,931.00",,975547.8749,89.000,0.5268698579,-2.95,-4,4
2015-05-01,-202.00,-331.34,"9,729.00",,938258.4934,94.000,0.4554342669,1.28,-4,4
2015-06-01,-122.00,-205.82,"9,607.00",,884696.2203,95.000,0.0049910216,1.01,-4,4
2015-07-01,251.00,-115.22,"9,858.00",,868590.1327,84.000,0.0001523485,1.37,-4,4
2015-08-01,13.00,-8.21,"9,871.00",,770889.4438,76.000,0.0001572412,0.84,-4,4
2015-09-01,-17.00,-20.57,"9,854.00",,737108.1594,73.000,0.0025304219,0.17,-4,4
2015-10-01,73.00,24.06,"9,927.00",,661996.4752,72.000,0.1640122651,0.84,-4,4
2015-11-01,-62.00,155.42,"9,865.00",,554205.3346,76.000,3.8119171790,0.92,-4,4
2015-12-01,222.00,264.03,"10,087.00",,482392.1831,77.000,7.8698978480,0.92,-4,4
2016-01-01,231.00,231.81,"10,318.00",,524152.8969,76.000,13.0939474500,0.95,-4,4
2016-02-01,42.00,124.52,"10,360.00",,591177.9697,77.000,12.6386249000,-0.68,-4,4
2016-03-01,-312.00,-208.68,"10,048.00",,830941.0711,80.000,2.5912306840,-1.49,-4,4
2016-04-01,-355.00,-378.01,"9,693.00",,965256.0731,83.000,1.6262658660,-1.18,-4,4
2016-05-01,-189.00,-366.64,"9,504.00",,964291.5855,90.000,0.5075699291,-1.23,-4,4
2016-06-01,-174.00,-187.25,"9,330.00",,863643.2833,86.000,0.0075353034,-1.82,-4,4
2016-07-01,89.00,-76.66,"9,419.00",,838036.5162,73.000,0.0001262822,-2.7,-4,4
2016-08-01,196.00,-15.27,"9,615.00",,734266.0205,68.000,0.0022170671,-2.23,-4,4
2016-09-01,5.00,9.37,"9,620.00",,684445.4872,67.000,0.0385991112,-1.93,-4,4
2016-10-01,90.00,89.24,"9,710.00",,613968.715,69.000,0.0818392336,-2.63,-4,4
2016-11-01,17.00,113.22,"9,727.00",,580353.3496,72.000,1.1560188290,-2.57,-4,4
2016-12-01,352.00,226.45,"10,079.00",,515522.0093,74.000,10.5211144000,0.5,-4,4
2017-01-01,442.00,383.07,"10,521.00",,488265.7818,78.000,30.7313289800,1.66,-4,4
2017-02-01,317.00,267.42,"10,838.00",,517770.2876,83.000,21.9355562700,-0.06,-4,4
2017-03-01,-131.00,-166.17,"10,707.00",,811841.8391,91.000,9.5906488550,-0.8,-4,4
2017-04-01,-287.00,-348.36,"10,420.00",,943417.8821,107.000,1.7769434360,-0.87,-4,4
2017-05-01,-279.00,-323.65,"10,141.00",,930409.9841,108.000,0.5321953035,-0.79,-4,4
2017-06-01,-170.00,-171.81,"9,971.00",,845659.1276,95.000,0.0114082985,-1.22,-4,4
2017-07-01,-40.00,-107.45,"9,931.00",,823837.2215,79.000,0.0010654272,0.43,-4,4
2017-08-01,200.00,48.64,"10,131.00",,722646.839,73.000,0.0001333682,0.17,-4,4
2017-09-01,51.00,13.40,"10,182.00",,680078.8714,70.000,0.0443512027,0.36,-4,4
2017-10-01,20.00,84.50,"10,202.00",,610142.2233,71.000,0.2913017096,-0.58,-4,4
2017-11-01,-112.00,151.44,"10,090.00",,553397.0989,72.000,0.5945113305,-1.7,-4,4
2017-12-01,131.00,232.75,"10,221.00",,486717.8936,72.000,1.1214628380,-2.51,-4,4
2018-01-01,421.00,233.21,"10,642.00",,483556.5932,72.000,2.5954400840,-3.15,-4,4
2018-02-01,61.00,175.03,"10,703.00",,527427.5354,74.000,4.9933596990,-3.31,-4,4
2018-03-01,-9.00,-178.27,"10,694.00",,804367.6967,75.000,2.0107776930,-3.84,-4,4
2018-04-01,-307.00,-327.96,"10,387.00",,933919.7256,77.000,0.4298906052,-4.47,-4,4
2018-05-01,-376.00,-276.62,"10,011.00",,909937.7489,76.000,0.0766330645,-5.53,-4,4
2018-06-01,-263.00,-120.76,"9,748.00",,842064.333,69.000,0.0007158298,-6.56,-4,4
2018-07-01,51.00,-22.93,"9,799.00",,824551.6069,62.000,0.0000339000,-6.4,-4,4
2018-08-01,119.00,49.04,"9,918.00",,726563.0595,59.000,0.0001086516,-6.46,-4,4
2018-09-01,-48.00,59.39,"9,870.00",,689343.5816,57.000,0.0005276325,-6.55,-4,4
2018-10-01,19.00,73.34,"9,889.00",,617858.8132,58.000,0.3793012717,1.48,-4,4
2018-11-01,-17.00,171.79,"9,872.00",,536378.4904,61.000,1.3853960110,1.08,-4,4
2018-12-01,260.00,270.60,"10,132.00",,467535.3862,62.000,6.3240051630,0.81,-4,4
2019-01-01,361.00,277.51,"10,493.00",,487559.6551,62.000,15.6424320000,0.98,-4,4
2019-02-01,189.00,235.16,"10,682.00",,544113.6,66.000,19.4356883400,1.82,-4,4
2019-03-01,196.00,-82.08,"10,878.00",,802254.3103,75.000,19.3216059700,2.28,-4,4
2019-04-01,-111.00,-324.33,"10,767.00",,928665.6646,87.000,2.6392877380,1.99,-4,4
2019-05-01,-212.00,-275.47,"10,555.00",,893007.2203,97.000,0.6315186777,2.9,-4,4
2019-06-01,-150.00,-181.26,"10,405.00",,841130.249,94.000,0.0346245644,3.34,-4,4
2019-07-01,-159.00,-57.44,"10,246.00",,826655.0986,81.000,0.0000979000,-0.2,-4,4
2019-08-01,53.00,61.00,"10,299.00",,730639.7114,72.000,0.0000562000,-1.27,-4,4
2019-09-01,-38.00,18.10,"10,261.00",,698543.7288,67.000,0.0041553348,-1.5,-4,4
2019-10-01,-33.00,59.25,"10,228.00",,625062.9817,66.000,0.7482012559,-1.59,-4,4
2019-11-01,105.00,193.03,"10,333.00",,518957.1428,66.000,2.9176163580,-0.55,-4,4
2019-12-01,566.00,317.83,"10,899.00",,448774.9284,69.000,15.0800229500,-0.22,-4,4
2020-01-01,366.00,282.74,"11,265.00",,492220.944,69.000,23.6689781800,-0.49,-4,4
2020-02-01,140.00,207.41,"11,405.00",,560931.3185,70.000,27.3539197700,-0.38,-4,4
2020-03-01,205.00,-150.37,"11,610.00",,802270.9925,76.000,10.7427006600,-0.12,-4,4
2020-04-01,-195.00,-341.45,"11,415.00",,938271.2953,84.000,1.3132050200,-0.68,-4,4
2020-05-01,-444.00,-280.40,"10,971.00",,938937.7438,83.000,0.0089852713,-1.49,-4,4
2020-06-01,-366.00,-138.84,"10,605.00",,839974.7423,76.000,0.0021598675,-1.99,-4,4
2020-07-01,-207.00,-50.00,"10,398.00",,815998.9114,68.000,0.0001146410,-2.67,-4,4
2020-08-01,-49.00,63.56,"10,349.00",,713913.7163,63.000,0.0001052774,-4.36,-4,4
2020-09-01,-70.00,22.96,"10,279.00",,665778.4838,61.000,0.1013743028,-4.92,-4,4
2020-10-01,-112.00,97.48,"10,167.00",,596932.6477,60.000,0.4085709964,-5.26,-4,4
2020-11-01,-67.00,130.68,"10,100.00",,565002.583,60.000,1.0896647490,-5.41,-4,4
2020-12-01,222.00,201.15,"10,322.00",,501310.0502,60.000,4.7738863310,-5.36,-4,4
2021-01-01,188.00,231.31,"10,510.00",,475230.5904,60.000,7.6981738890,-5.18,-4,4
2021-02-01,112.00,188.38,"10,622.00",,505911.8639,61.000,10.4310176600,-5.15,-4,4
2021-03-01,-244.00,-182.97,"10,378.00",,801046.3024,63.000,4.1416652010,-4.89,-4,4
2021-04-01,-425.00,-327.11,"9,953.00",,933799.113,65.000,0.3999393300,-5.04,-4,4
2021-05-01,-473.00,-292.50,"9,480.00",,921930.0225,65.000,0.0830660337,-5.26,-4,4
2021-06-01,-378.00,-113.36,"9,102.00",,838355.9337,61.000,0.0006118375,-5.74,-4,4
2021-07-01,-88.00,117.97,"9,014.00",,817672.835,58.000,0.0000027000,-4.83,-4,4
2021-08-01,24.00,58.54,"9,038.00",,717659.2202,59.000,0.0001096639,-4.57,-4,4
2021-09-01,-22.00,39.93,"9,016.00",,675091.2564,58.000,0.0067635983,-4.56,-4,4
2021-10-01,-71.00,90.99,"8,945.00",,605154.6119,61.000,0.2539780147,-4.14,-4,4
2021-11-01,-141.00,160.98,"8,804.00",,548409.4913,69.000,0.2964818662,-4.87,-4,4
2021-12-01,111.00,230.02,"8,915.00",,481730.2896,72.000,4.8292317690,-4.28,-4,4
2022-01-01,55.00,228.04,"8,970.00",,478568.9929,72.000,11.0589333600,-4.51,-4,4
2022-02-01,-24.00,174.75,"8,946.00",,522439.9389,73.000,6.2334893020,-4.53,-4,4
2022-03-01,-410.00,-177.49,"8,536.00",,799380.1036,75.000,3.1634406660,-4.59,-4,4
2022-04-01,-510.00,-331.79,"8,026.00",,928932.1362,80.000,0.9948354234,-5.03,-4,4
2022-05-01,-509.00,-275.95,"7,517.00",,904950.1631,80.000,0.1170739977,-5.81,-4,4
2022-06-01,-330.00,-164.87,"7,187.00",,837076.7473,74.000,0.0144951186,-5.83,-4,4
2022-07-01,-146.00,-8.69,"7,041.00",,819564.0211,67.000,0.0000262000,-5.55,-4,4
2022-08-01,234.00,50.91,"7,275.00",,721575.4738,64.000,0.0001269571,0.38,-4,4
2022-09-01,53.00,52.19,"7,328.00",,684355.9958,63.000,0.0011910739,-0.43,-4,4
2022-10-01,89.00,84.37,"7,417.00",,612871.2275,67.000,0.1856403539,0.28,-4,4
2022-11-01,-230.00,179.20,"7,187.00",,531390.9047,70.000,2.8262325650,0.21,-4,4
2022-12-01,126.00,289.58,"7,313.00",,462547.8004,70.000,9.7799202860,0.41,-4,4
2023-01-01,,248.74,,"7,561.74",482572.0693,65.69876514,15.9556491900,-2.24,-4,4
2023-02-01,,176.61,,"7,738.35",539126.0143,67.98802574,16.5236501800,-2.24,-4,4
2023-03-01,,-167.41,,"7,570.94",797266.7246,71.96103652,8.5581410580,-2.24,-4,4
2023-04-01,,-322.39,,"7,248.56",923678.0789,78.21561618,0.9731706154,-2.24,-4,4
2023-05-01,,-287.54,,"6,961.02",888019.6346,81.88217867,-1.6580774360,-2.24,-4,4
2023-06-01,,-223.79,,"6,737.23",836142.6632,75.34264941,-2.0741212670,-2.24,-4,4
2023-07-01,,-205.54,,"6,531.69",821667.5128,63.50894963,-2.2273010130,-2.24,-4,4
2023-08-01,,-82.47,,"6,449.22",725652.1256,58.60425952,-2.2983170170,-2.24,-4,4
2023-09-01,,-41.32,,"6,407.90",693556.143,56.84964162,-2.3243722890,-2.24,-4,4
2023-10-01,,54.23,,"6,462.13",620075.3959,60.52967163,-2.0047742290,-2.24,-4,4
2023-11-01,,255.62,,"6,717.75",513969.5571,63.05535849,0.0007056268,-2.24,-4,4
2023-12-01,,288.62,,"7,006.38",443787.3427,64.69279692,7.3403247370,-2.24,-4,4
2024-01-01,,241.94,,"7,248.32",487233.3583,64.43490891,15.7773574000,-2.24,-4,4
2024-02-01,,153.99,,"7,402.31",555943.7328,66.8392514,16.3600223200,-2.24,-4,4
2024-03-01,,-167.65,,"7,234.65",797283.4067,70.69853725,8.6060746410,-2.24,-4,4
2024-04-01,,-332.38,,"6,902.28",933283.7095,77.89060316,0.7695410172,-2.24,-4,4
2024-05-01,,-349.77,,"6,552.51",933950.1581,80.6262907,-2.1248037840,-2.24,-4,4
2024-06-01,,-225.12,,"6,327.39",834987.1566,73.04230118,-2.5816371130,-2.24,-4,4
2024-07-01,,-193.09,,"6,134.30",811011.3256,62.57012187,-2.4656925890,-2.24,-4,4
2024-08-01,,-61.43,,"6,072.87",708926.1306,57.91844363,-2.3948470740,-2.24,-4,4
2024-09-01,,0.82,,"6,073.69",660790.898,56.37993058,-2.3085464770,-2.24,-4,4
2024-10-01,,90.97,,"6,164.65",591945.0619,58.60672285,-1.8784385850,-2.24,-4,4
2024-11-01,,154.83,,"6,319.48",560014.9973,62.47696412,-0.0929811491,-2.24,-4,4
2024-12-01,,219.84,,"6,539.32",496322.4644,62.91435714,6.8977391700,-2.24,-4,4
2025-01-01,,263.60,,"6,802.92",470243.0047,63.90697225,15.5447021400,-2.24,-4,4
2025-02-01,,225.07,,"7,028.00",500924.2781,65.98322885,16.0807579300,-2.24,-4,4
2025-03-01,,-166.47,,"6,861.53",796058.7166,69.68403743,8.3377171870,-2.24,-4,4
2025-04-01,,-323.89,,"6,537.64",928811.5272,76.5622687,0.5810018177,-2.24,-4,4
2025-05-01,,-328.57,,"6,209.06",916942.4367,79.60342351,-2.2241865280,-2.24,-4,4
2025-06-01,,-223.43,,"5,985.63",833368.3479,72.37540306,-2.6637255140,-2.24,-4,4
2025-07-01,,-196.02,,"5,789.61",812685.2493,61.4534146,-2.6351508290,-2.24,-4,4
2025-08-01,,-67.14,,"5,722.47",712671.6345,56.71226185,-2.6119937190,-2.24,-4,4
2025-09-01,,-12.17,,"5,710.30",670103.6706,55.09371608,-2.5645303900,-2.24,-4,4
2025-10-01,,79.10,,"5,789.40",600167.0262,57.80932391,-2.1747055270,-2.24,-4,4
2025-11-01,,166.43,,"5,955.83",543421.9055,61.23449132,-0.3186340011,-2.24,-4,4
2025-12-01,,244.98,,"6,200.81",476742.7038,62.07294197,6.7923810630,-2.24,-4,4
2026-01-01,,258.56,,"6,459.37",473581.4072,62.6504397,15.3742923200,-2.24,-4,4
2026-02-01,,202.86,,"6,662.23",517452.3531,64.83031624,15.9268038600,-2.24,-4,4
2026-03-01,,-164.70,,"6,497.54",794392.5178,68.66869035,8.0697857590,-2.24,-4,4
2026-04-01,,-313.69,,"6,183.85",923944.5504,75.23434403,0.3969704586,-2.24,-4,4
2026-05-01,,-307.35,,"5,876.50",899962.5774,78.58588891,-2.3204529460,-2.24,-4,4
2026-06-01,,-222.16,,"5,654.34",832089.1615,71.70610939,-2.7463822290,-2.24,-4,4
2026-07-01,,-199.20,,"5,455.14",814576.4353,60.33012399,-2.8075561200,-2.24,-4,4
2026-08-01,,-73.02,,"5,382.12",716587.888,55.50457995,-2.8317186540,-2.24,-4,4
2026-09-01,,-25.02,,"5,357.09",679368.4101,53.8140186,-2.8217307050,-2.24,-4,4
2026-10-01,,68.01,,"5,425.10",607883.6417,57.01420232,-2.4687463090,-2.24,-4,4
2026-11-01,,184.19,,"5,609.29",526403.3189,59.99108474,-0.5392813999,-2.24,-4,4
2026-12-01,,269.60,,"5,878.90",457560.2146,61.22962309,6.6880979520,-2.24,-4,4
2027-01-01,,252.66,,"6,131.56",477584.4836,61.3901697,15.1999993900,-2.24,-4,4
2027-02-01,,180.45,,"6,312.01",534138.4285,63.67943031,15.7680003800,-2.24,-4,4
2027-03-01,,-162.32,,"6,149.69",792279.1388,67.65244109,7.8024912630,-2.24,-4,4
2027-04-01,,-300.24,,"5,849.45",918690.4931,73.90702075,0.2175208201,-2.24,-4,4
2027-05-01,,-286.13,,"5,563.32",883032.0488,77.57358324,-2.4137272320,-2.24,-4,4
2027-06-01,,-221.34,,"5,341.98",831155.0775,71.03405397,-2.8297710630,-2.24,-4,4
2027-07-01,,-202.62,,"5,139.36",816679.9271,59.2003542,-2.9829508090,-2.24,-4,4
2027-08-01,,-79.06,,"5,060.30",720664.5399,54.29566409,-3.0539668120,-2.24,-4,4
2027-09-01,,-37.74,,"5,022.56",688568.5572,52.54104619,-3.0800220840,-2.24,-4,4
2027-10-01,,57.67,,"5,080.23",615087.8101,56.22107619,-2.7604240250,-2.24,-4,4
2027-11-01,,203.95,,"5,284.18",508981.9713,58.74676306,-0.7549441686,-2.24,-4,4
2027-12-01,,293.68,,"5,577.86",438799.7569,60.38420148,6.5846749420,-2.24,-4,4
2028-01-01,,245.91,,"5,823.77",482245.7725,60.12631347,15.0217076000,-2.24,-4,4
2028-02-01,,157.88,,"5,981.65",550956.147,62.53065597,15.6043725200,-2.24,-4,4
2028-03-01,,-162.55,,"5,819.10",792295.8209,66.38994181,7.8504248450,-2.24,-4,4
2028-04-01,,-274.57,,"5,544.52",928296.1237,73.58200773,0.0138912218,-2.24,-4,4
2028-05-01,,-347.70,,"5,196.83",928962.5723,76.31769527,-2.8804535790,-2.24,-4,4
2028-06-01,,-222.03,,"4,974.80",829999.5708,68.73370574,-3.3372869080,-2.24,-4,4
2028-07-01,,-189.85,,"4,784.94",806023.7399,58.26152644,-3.2213423850,-2.24,-4,4
2028-08-01,,-57.86,,"4,727.09",703938.5448,53.6098482,-3.1504968690,-2.24,-4,4
2028-09-01,,4.50,,"4,731.59",655803.3122,52.07133515,-3.0641962720,-2.24,-4,4
2028-10-01,,94.41,,"4,825.99",586957.4762,54.29812742,-2.6340883800,-2.24,-4,4
2028-11-01,,144.64,,"4,970.63",555027.4115,58.16836869,-0.8486309445,-2.24,-4,4
2028-12-01,,225.07,,"5,195.70",491334.8786,58.60576171,6.1420893750,-2.24,-4,4
2029-01-01,,267.60,,"5,463.30",465255.4189,59.59837682,14.7890523400,-2.24,-4,4
2029-02-01,,228.98,,"5,692.28",495936.6924,61.67463342,15.3251081300,-2.24,-4,4
2029-03-01,,-161.30,,"5,530.98",791071.1308,65.375442,7.5820673920,-2.24,-4,4
2029-04-01,,-304.63,,"5,226.35",923823.9415,72.25367327,-0.1746479777,-2.24,-4,4
2029-05-01,,-326.28,,"4,900.07",911954.851,75.29482808,-2.9798363230,-2.24,-4,4
2029-06-01,,-220.25,,"4,679.83",828380.7621,68.06680763,-3.4193753090,-2.24,-4,4
2029-07-01,,-192.61,,"4,487.22",807697.6635,57.14481917,-3.3908006250,-2.24,-4,4
2029-08-01,,-63.37,,"4,423.86",707684.0487,52.40366642,-3.3676435140,-2.24,-4,4
2029-09-01,,-8.27,,"4,415.58",665116.0848,50.78512064,-3.3201801850,-2.24,-4,4
2029-10-01,,82.83,,"4,498.42",595179.4404,53.50072847,-2.9303553230,-2.24,-4,4
2029-11-01,,164.00,,"4,662.41",538434.3198,56.92589588,-1.0742837970,-2.24,-4,4
2029-12-01,,250.22,,"4,912.64",471755.1181,57.76434654,6.0367312680,-2.24,-4,4
2030-01-01,,262.60,,"5,175.24",468593.8214,58.34184426,14.6186425200,-2.24,-4,4
2030-02-01,,206.82,,"5,382.06",512464.7674,60.52172081,15.1711540600,-2.24,-4,4
2030-03-01,,-159.45,,"5,222.61",789404.9321,64.36009492,7.3141359640,-2.24,-4,4
2030-04-01,,-307.51,,"4,915.10",918956.9647,70.92574859,-0.3586793368,-2.24,-4,4
2030-05-01,,-304.85,,"4,610.24",894974.9916,74.27729348,-3.0761027410,-2.24,-4,4
2030-06-01,,-218.89,,"4,391.35",827101.5757,67.39751395,-3.5020320250,-2.24,-4,4
2030-07-01,,-195.62,,"4,195.73",809588.8496,56.02152856,-3.5632059150,-2.24,-4,4
2030-08-01,,-69.06,,"4,126.67",711600.3023,51.19598451,-3.5873684500,-2.24,-4,4
2030-09-01,,-20.94,,"4,105.73",674380.8243,49.50542317,-3.5773805000,-2.24,-4,4
2030-10-01,,71.98,,"4,177.71",602896.056,52.70560689,-3.2243961040,-2.24,-4,4
2030-11-01,,184.32,,"4,362.03",521415.7332,55.68248931,-1.2949311950,-2.24,-4,4
2030-12-01,,274.86,,"4,636.89",452572.6289,56.92102765,5.9324481570,-2.24,-4,4
2031-01-01,,256.75,,"4,893.64",472596.8978,57.08157427,14.4443496000,-2.24,-4,4
2031-02-01,,184.46,,"5,078.10",529150.8427,59.37083487,15.0123505900,-2.24,-4,4
2031-03-01,,-157.00,,"4,921.09",787291.5531,63.34384565,7.0468414670,-2.24,-4,4
2031-04-01,,-305.83,,"4,615.27",913702.9073,69.59842531,-0.5381289753,-2.24,-4,4
2031-05-01,,-283.45,,"4,331.82",878044.463,73.26498781,-3.1693770270,-2.24,-4,4
2031-06-01,,-217.98,,"4,113.84",826167.4917,66.72545854,-3.5854208580,-2.24,-4,4
2031-07-01,,-198.88,,"3,914.96",811692.3413,54.89175877,-3.7386006040,-2.24,-4,4
2031-08-01,,-74.94,,"3,840.02",715676.9541,49.98706866,-3.8096166070,-2.24,-4,4
2031-09-01,,-33.49,,"3,806.53",683580.9715,48.23245076,-3.8356718800,-2.24,-4,4
2031-10-01,,61.84,,"3,868.37",610100.2244,51.91248076,-3.5160738200,-2.24,-4,4
2031-11-01,,205.46,,"4,073.83",503994.3856,54.43816763,-1.5105939640,-2.24,-4,4
2031-12-01,,298.95,,"4,372.77",433812.1712,56.07560605,5.8290251470,-2.24,-4,4
2032-01-01,,250.04,,"4,622.82",477258.1867,55.81771804,14.2660578100,-2.24,-4,4
2032-02-01,,161.94,,"4,784.75",545968.5612,58.22206054,14.8487227300,-2.24,-4,4
2032-03-01,,-157.22,,"4,627.53",787308.2352,62.08134638,7.0947750500,-2.24,-4,4
2032-04-01,,-321.93,,"4,305.60",923308.538,69.2734123,-0.7417585736,-2.24,-4,4
2032-05-01,,-344.66,,"3,960.94",923974.9865,72.00909984,-3.6361033750,-2.24,-4,4
2032-06-01,,-218.26,,"3,742.69",825011.985,64.42511031,-4.0929367030,-2.24,-4,4
2032-07-01,,-185.91,,"3,556.78",801036.1541,53.95293101,-3.9769921800,-2.24,-4,4
2032-08-01,,-53.62,,"3,503.16",698950.959,49.30125277,-3.9061466650,-2.24,-4,4
2032-09-01,,8.83,,"3,511.99",650815.7265,47.76273972,-3.8198460680,-2.24,-4,4
2032-10-01,,98.61,,"3,610.61",581969.8904,49.98953198,-3.3897381760,-2.24,-4,4
2032-11-01,,146.15,,"3,756.75",550039.8258,53.85977325,-1.6042807400,-2.24,-4,4
2032-12-01,,230.53,,"3,987.29",486347.2929,54.29716627,5.3864395790,-2.24,-4,4
2033-01-01,,271.76,,"4,259.05",460267.8331,55.28978138,14.0334025500,-2.24,-4,4
2033-02-01,,233.06,,"4,492.11",490949.1066,57.36603798,14.5694583300,-2.24,-4,4
2033-03-01,,-155.89,,"4,336.21",786083.5451,61.06684657,6.8264175970,-2.24,-4,4
2033-04-01,,-319.03,,"4,017.18",918836.3557,67.94507783,-0.9302977731,-2.24,-4,4
2033-05-01,,-323.09,,"3,694.09",906967.2652,70.98623265,-3.7354861180,-2.24,-4,4
2033-06-01,,-216.40,,"3,477.69",823393.1764,63.7582122,-4.1750251050,-2.24,-4,4
2033-07-01,,-188.53,,"3,289.15",802710.0778,52.83622373,-4.1464504200,-2.24,-4,4
2033-08-01,,-58.99,,"3,230.16",702696.463,48.09507099,-4.1232933090,-2.24,-4,4
2033-09-01,,-3.79,,"3,226.37",660128.4991,46.47652521,-4.0758299800,-2.24,-4,4
2033-10-01,,87.22,,"3,313.59",590191.8547,49.19213304,-3.6860051180,-2.24,-4,4
2033-11-01,,166.36,,"3,479.95",533446.734,52.61730045,-1.8299335920,-2.24,-4,4
2033-12-01,,255.69,,"3,735.64",466767.5323,53.45575111,5.2810814720,-2.24,-4,4
2034-01-01,,266.81,,"4,002.45",463606.2356,54.03324883,13.8629927300,-2.24,-4,4
2034-02-01,,210.95,,"4,213.40",507477.1816,56.21312538,14.4155042600,-2.24,-4,4
2034-03-01,,-153.97,,"4,059.43",784417.3463,60.05149949,6.5584861680,-2.24,-4,4
2034-04-01,,-315.05,,"3,744.38",913969.3789,66.61715316,-1.1143291320,-2.24,-4,4
2034-05-01,,-301.52,,"3,442.85",889987.4058,69.96869805,-3.8317525370,-2.24,-4,4
2034-06-01,,-214.99,,"3,227.87",822113.99,63.08891852,-4.2576818200,-2.24,-4,4
2034-07-01,,-191.43,,"3,036.44",804601.2638,51.71293313,-4.3188557100,-2.24,-4,4
2034-08-01,,-64.56,,"2,971.88",706612.7165,46.88738908,-4.3430182450,-2.24,-4,4
2034-09-01,,-16.33,,"2,955.55",669393.2385,45.19682774,-4.3330302960,-2.24,-4,4
2034-10-01,,76.52,,"3,032.08",597908.4702,48.39701145,-3.9800458990,-2.24,-4,4
2034-11-01,,187.30,,"3,219.37",516428.1474,51.37389388,-2.0505809910,-2.24,-4,4
2034-12-01,,280.34,,"3,499.71",447585.0431,52.61243222,5.1767983620,-2.24,-4,4
2035-01-01,,261.00,,"3,760.71",467609.3121,52.77297884,13.6886998000,-2.24,-4,4
2035-02-01,,188.63,,"3,949.34",524163.257,55.06223944,14.2567007900,-2.24,-4,4
2035-03-01,,-151.44,,"3,797.90",782303.9673,59.03525022,6.2911916720,-2.24,-4,4
2035-04-01,,-310.19,,"3,487.72",908715.3216,65.28982988,-1.2937787710,-2.24,-4,4
2035-05-01,,-279.99,,"3,207.73",873056.8773,68.95639237,-3.9250268230,-2.24,-4,4
2035-06-01,,-214.01,,"2,993.72",821179.906,62.41686311,-4.3410706540,-2.24,-4,4
2035-07-01,,-194.58,,"2,799.14",806704.7556,50.58316333,-4.4942503990,-2.24,-4,4
2035-08-01,,-70.31,,"2,728.82",710689.3683,45.67847322,-4.5652664030,-2.24,-4,4
2035-09-01,,-28.75,,"2,700.07",678593.3857,43.92385533,-4.5913216750,-2.24,-4,4
2035-10-01,,66.53,,"2,766.60",605112.6386,47.60388533,-4.2717236160,-2.24,-4,4
2035-11-01,,208.89,,"2,975.49",499006.7998,50.1295722,-2.2662437590,-2.24,-4,4
2035-12-01,,304.43,,"3,279.92",428824.5854,51.76701062,5.0733753510,-2.24,-4,4
2036-01-01,,254.34,,"3,534.26",472270.601,51.50912261,13.5104080100,-2.24,-4,4
2036-02-01,,166.16,,"3,700.42",540980.9755,53.91346511,14.0930729300,-2.24,-4,4
2036-03-01,,-151.65,,"3,548.78",782320.6494,57.77275095,6.3391252540,-2.24,-4,4
2036-04-01,,-324.31,,"3,224.47",918320.9522,64.96481687,-1.4974083690,-2.24,-4,4
2036-05-01,,-340.96,,"2,883.51",918987.4008,67.7005044,-4.3917531700,-2.24,-4,4
2036-06-01,,-213.98,,"2,669.53",820024.3993,60.11651488,-4.8485864990,-2.24,-4,4
2036-07-01,,-181.45,,"2,488.08",796048.5683,49.64433557,-4.7326419750,-2.24,-4,4
2036-08-01,,-48.90,,"2,439.18",693963.3733,44.99265734,-4.6617964600,-2.24,-4,4
2036-09-01,,13.64,,"2,452.82",645828.1407,43.45414428,-4.5754958630,-2.24,-4,4
2036-10-01,,103.34,,"2,556.16",576982.3047,45.68093655,-4.1453879710,-2.24,-4,4
2036-11-01,,149.51,,"2,705.66",545052.24,49.55117782,-2.3599305350,-2.24,-4,4
2036-12-01,,236.24,,"2,941.90",481359.7071,49.98857084,4.6307897840,-2.24,-4,4
2037-01-01,,276.09,,"3,217.99",455280.2474,50.98118595,13.2777527500,-2.24,-4,4
2037-02-01,,237.30,,"3,455.30",485961.5208,53.05744255,13.8138085400,-2.24,-4,4
2037-03-01,,-150.23,,"3,305.06",781095.9593,56.75825113,6.0707678010,-2.24,-4,4
2037-04-01,,-320.07,,"2,984.99",913848.77,63.6364824,-1.6859475690,-2.24,-4,4
2037-05-01,,-319.28,,"2,665.70",901979.6795,66.67763721,-4.4911359140,-2.24,-4,4
2037-06-01,,-212.07,,"2,453.63",818405.5906,59.44961677,-4.9306749000,-2.24,-4,4
2037-07-01,,-183.98,,"2,269.65",797722.492,48.5276283,-4.9021002160,-2.24,-4,4
2037-08-01,,-54.17,,"2,215.49",697708.8772,43.78647555,-4.8789431050,-2.24,-4,4
2037-09-01,,1.12,,"2,216.61",655140.9133,42.16792978,-4.8314797760,-2.24,-4,4
2037-10-01,,92.07,,"2,308.68",585204.2689,44.88353761,-4.4416549140,-2.24,-4,4
2037-11-01,,170.09,,"2,478.77",528459.1483,48.30870502,-2.5855833870,-2.24,-4,4
2037-12-01,,261.41,,"2,740.18",461779.9465,49.14715567,4.5254316770,-2.24,-4,4
2038-01-01,,271.19,,"3,011.37",458618.6499,49.7246534,13.1073429300,-2.24,-4,4
2038-02-01,,215.24,,"3,226.60",502489.5959,51.90452994,13.6598544700,-2.24,-4,4
2038-03-01,,-148.22,,"3,078.38",779429.7606,55.74290405,5.8028363730,-2.24,-4,4
2038-04-01,,-315.14,,"2,763.24",908981.7931,62.30855773,-1.8699789280,-2.24,-4,4
2038-05-01,,-297.61,,"2,465.63",884999.8201,65.66010261,-4.5874023320,-2.24,-4,4
2038-06-01,,-210.60,,"2,255.03",817126.4042,58.78032309,-5.0133316150,-2.24,-4,4
2038-07-01,,-186.78,,"2,068.25",799613.6781,47.40433769,-5.0745055060,-2.24,-4,4
2038-08-01,,-59.63,,"2,008.62",701625.1307,42.57879365,-5.0986680410,-2.24,-4,4
2038-09-01,,-11.31,,"1,997.31",664405.6528,40.8882323,-5.0886800910,-2.24,-4,4
2038-10-01,,81.49,,"2,078.80",592920.8845,44.08841602,-4.7356956950,-2.24,-4,4
2038-11-01,,191.34,,"2,270.13",511440.5617,47.06529845,-2.8062307860,-2.24,-4,4
2038-12-01,,286.06,,"2,556.19",442597.4574,48.30383679,4.4211485660,-2.24,-4,4